timestamp,region,region_name,fuel_type,generation_mwh
2024-01-01T00,CISO,California Independent System Operator,Coal,0
2024-01-01T00,CISO,California Independent System Operator,Natural Gas,10409
2024-01-01T00,CISO,California Independent System Operator,Nuclear,2232
2024-01-01T00,CISO,California Independent System Operator,Petroleum,46
2024-01-01T00,CISO,California Independent System Operator,Other,-131
2024-01-01T00,CISO,California Independent System Operator,Solar,4340
2024-01-01T00,CISO,California Independent System Operator,Hydro,1746
2024-01-01T00,CISO,California Independent System Operator,Wind,98
2024-01-01T01,CISO,California Independent System Operator,Coal,0
2024-01-01T01,CISO,California Independent System Operator,Natural Gas,11235
2024-01-01T01,CISO,California Independent System Operator,Nuclear,2233
2024-01-01T01,CISO,California Independent System Operator,Petroleum,46
2024-01-01T01,CISO,California Independent System Operator,Other,672
2024-01-01T01,CISO,California Independent System Operator,Solar,2146
2024-01-01T01,CISO,California Independent System Operator,Hydro,2014
2024-01-01T01,CISO,California Independent System Operator,Wind,133
2024-01-01T02,CISO,California Independent System Operator,Coal,0
2024-01-01T02,CISO,California Independent System Operator,Natural Gas,12189
2024-01-01T02,CISO,California Independent System Operator,Nuclear,2232
2024-01-01T02,CISO,California Independent System Operator,Petroleum,46
2024-01-01T02,CISO,California Independent System Operator,Other,1147
2024-01-01T02,CISO,California Independent System Operator,Solar,461
2024-01-01T02,CISO,California Independent System Operator,Hydro,2925
2024-01-01T02,CISO,California Independent System Operator,Wind,185
2024-01-01T03,CISO,California Independent System Operator,Coal,0
2024-01-01T03,CISO,California Independent System Operator,Natural Gas,12660
2024-01-01T03,CISO,California Independent System Operator,Nuclear,2237
2024-01-01T03,CISO,California Independent System Operator,Petroleum,46
2024-01-01T03,CISO,California Independent System Operator,Other,2515
2024-01-01T03,CISO,California Independent System Operator,Solar,-2
2024-01-01T03,CISO,California Independent System Operator,Hydro,3433
2024-01-01T03,CISO,California Independent System Operator,Wind,254
2024-01-01T04,CISO,California Independent System Operator,Coal,0
2024-01-01T04,CISO,California Independent System Operator,Natural Gas,12493
2024-01-01T04,CISO,California Independent System Operator,Nuclear,2239
2024-01-01T04,CISO,California Independent System Operator,Petroleum,46
2024-01-01T04,CISO,California Independent System Operator,Other,1793
2024-01-01T04,CISO,California Independent System Operator,Solar,-32
2024-01-01T04,CISO,California Independent System Operator,Hydro,3431
2024-01-01T04,CISO,California Independent System Operator,Wind,291
2024-01-01T05,CISO,California Independent System Operator,Coal,0
2024-01-01T05,CISO,California Independent System Operator,Natural Gas,12361
2024-01-01T05,CISO,California Independent System Operator,Nuclear,2239
2024-01-01T05,CISO,California Independent System Operator,Petroleum,46
2024-01-01T05,CISO,California Independent System Operator,Other,1648
2024-01-01T05,CISO,California Independent System Operator,Solar,-32
2024-01-01T05,CISO,California Independent System Operator,Hydro,3087
2024-01-01T05,CISO,California Independent System Operator,Wind,253
2024-01-01T06,CISO,California Independent System Operator,Coal,0
2024-01-01T06,CISO,California Independent System Operator,Natural Gas,12400
2024-01-01T06,CISO,California Independent System Operator,Nuclear,2237
2024-01-01T06,CISO,California Independent System Operator,Petroleum,46
2024-01-01T06,CISO,California Independent System Operator,Other,905
2024-01-01T06,CISO,California Independent System Operator,Solar,-32
2024-01-01T06,CISO,California Independent System Operator,Hydro,3037
2024-01-01T06,CISO,California Independent System Operator,Wind,254
2024-01-01T07,CISO,California Independent System Operator,Coal,0
2024-01-01T07,CISO,California Independent System Operator,Natural Gas,12258
2024-01-01T07,CISO,California Independent System Operator,Nuclear,2240
2024-01-01T07,CISO,California Independent System Operator,Petroleum,46
2024-01-01T07,CISO,California Independent System Operator,Other,834
2024-01-01T07,CISO,California Independent System Operator,Solar,-32
2024-01-01T07,CISO,California Independent System Operator,Hydro,3025
2024-01-01T07,CISO,California Independent System Operator,Wind,243
2024-01-01T08,CISO,California Independent System Operator,Coal,0
2024-01-01T08,CISO,California Independent System Operator,Natural Gas,12470
2024-01-01T08,CISO,California Independent System Operator,Nuclear,2241
2024-01-01T08,CISO,California Independent System Operator,Petroleum,46
2024-01-01T08,CISO,California Independent System Operator,Other,236
2024-01-01T08,CISO,California Independent System Operator,Solar,-22
2024-01-01T08,CISO,California Independent System Operator,Hydro,2521
2024-01-01T08,CISO,California Independent System Operator,Wind,435
2024-01-01T09,CISO,California Independent System Operator,Coal,0
2024-01-01T09,CISO,California Independent System Operator,Natural Gas,12439
2024-01-01T09,CISO,California Independent System Operator,Nuclear,2242
2024-01-01T09,CISO,California Independent System Operator,Petroleum,46
2024-01-01T09,CISO,California Independent System Operator,Other,93
2024-01-01T09,CISO,California Independent System Operator,Solar,-4
2024-01-01T09,CISO,California Independent System Operator,Hydro,2258
2024-01-01T09,CISO,California Independent System Operator,Wind,404
2024-01-01T10,CISO,California Independent System Operator,Coal,0
2024-01-01T10,CISO,California Independent System Operator,Natural Gas,12060
2024-01-01T10,CISO,California Independent System Operator,Nuclear,2241
2024-01-01T10,CISO,California Independent System Operator,Petroleum,46
2024-01-01T10,CISO,California Independent System Operator,Other,487
2024-01-01T10,CISO,California Independent System Operator,Solar,-7
2024-01-01T10,CISO,California Independent System Operator,Hydro,1865
2024-01-01T10,CISO,California Independent System Operator,Wind,333
2024-01-01T11,CISO,California Independent System Operator,Coal,0
2024-01-01T11,CISO,California Independent System Operator,Natural Gas,11590
2024-01-01T11,CISO,California Independent System Operator,Nuclear,2242
2024-01-01T11,CISO,California Independent System Operator,Petroleum,46
2024-01-01T11,CISO,California Independent System Operator,Other,138
2024-01-01T11,CISO,California Independent System Operator,Solar,-2
2024-01-01T11,CISO,California Independent System Operator,Hydro,1807
2024-01-01T11,CISO,California Independent System Operator,Wind,371
2024-01-01T12,CISO,California Independent System Operator,Coal,0
2024-01-01T12,CISO,California Independent System Operator,Natural Gas,11307
2024-01-01T12,CISO,California Independent System Operator,Nuclear,2241
2024-01-01T12,CISO,California Independent System Operator,Petroleum,46
2024-01-01T12,CISO,California Independent System Operator,Other,-144
2024-01-01T12,CISO,California Independent System Operator,Solar,-19
2024-01-01T12,CISO,California Independent System Operator,Hydro,1791
2024-01-01T12,CISO,California Independent System Operator,Wind,349
2024-01-01T13,CISO,California Independent System Operator,Coal,0
2024-01-01T13,CISO,California Independent System Operator,Natural Gas,11111
2024-01-01T13,CISO,California Independent System Operator,Nuclear,2243
2024-01-01T13,CISO,California Independent System Operator,Petroleum,46
2024-01-01T13,CISO,California Independent System Operator,Other,-153
2024-01-01T13,CISO,California Independent System Operator,Solar,-28
2024-01-01T13,CISO,California Independent System Operator,Hydro,1727
2024-01-01T13,CISO,California Independent System Operator,Wind,333
2024-01-01T14,CISO,California Independent System Operator,Coal,0
2024-01-01T14,CISO,California Independent System Operator,Natural Gas,10897
2024-01-01T14,CISO,California Independent System Operator,Nuclear,2243
2024-01-01T14,CISO,California Independent System Operator,Petroleum,46
2024-01-01T14,CISO,California Independent System Operator,Other,-102
2024-01-01T14,CISO,California Independent System Operator,Solar,-33
2024-01-01T14,CISO,California Independent System Operator,Hydro,1745
2024-01-01T14,CISO,California Independent System Operator,Wind,334
2024-01-01T15,CISO,California Independent System Operator,Coal,0
2024-01-01T15,CISO,California Independent System Operator,Natural Gas,10757
2024-01-01T15,CISO,California Independent System Operator,Nuclear,2244
2024-01-01T15,CISO,California Independent System Operator,Petroleum,46
2024-01-01T15,CISO,California Independent System Operator,Other,61
2024-01-01T15,CISO,California Independent System Operator,Solar,-33
2024-01-01T15,CISO,California Independent System Operator,Hydro,2053
2024-01-01T15,CISO,California Independent System Operator,Wind,350
2024-01-01T16,CISO,California Independent System Operator,Coal,0
2024-01-01T16,CISO,California Independent System Operator,Natural Gas,10916
2024-01-01T16,CISO,California Independent System Operator,Nuclear,2243
2024-01-01T16,CISO,California Independent System Operator,Petroleum,46
2024-01-01T16,CISO,California Independent System Operator,Other,320
2024-01-01T16,CISO,California Independent System Operator,Solar,-30
2024-01-01T16,CISO,California Independent System Operator,Hydro,2168
2024-01-01T16,CISO,California Independent System Operator,Wind,391
2024-01-01T17,CISO,California Independent System Operator,Coal,0
2024-01-01T17,CISO,California Independent System Operator,Natural Gas,10228
2024-01-01T17,CISO,California Independent System Operator,Nuclear,2243
2024-01-01T17,CISO,California Independent System Operator,Petroleum,46
2024-01-01T17,CISO,California Independent System Operator,Other,339
2024-01-01T17,CISO,California Independent System Operator,Solar,881
2024-01-01T17,CISO,California Independent System Operator,Hydro,2099
2024-01-01T17,CISO,California Independent System Operator,Wind,339
2024-01-01T18,CISO,California Independent System Operator,Coal,0
2024-01-01T18,CISO,California Independent System Operator,Natural Gas,8205
2024-01-01T18,CISO,California Independent System Operator,Nuclear,2244
2024-01-01T18,CISO,California Independent System Operator,Petroleum,46
2024-01-01T18,CISO,California Independent System Operator,Other,-252
2024-01-01T18,CISO,California Independent System Operator,Solar,4654
2024-01-01T18,CISO,California Independent System Operator,Hydro,1597
2024-01-01T18,CISO,California Independent System Operator,Wind,238
2024-01-01T19,CISO,California Independent System Operator,Coal,0
2024-01-01T19,CISO,California Independent System Operator,Natural Gas,7792
2024-01-01T19,CISO,California Independent System Operator,Nuclear,2244
2024-01-01T19,CISO,California Independent System Operator,Petroleum,46
2024-01-01T19,CISO,California Independent System Operator,Other,-1277
2024-01-01T19,CISO,California Independent System Operator,Solar,6738
2024-01-01T19,CISO,California Independent System Operator,Hydro,1267
2024-01-01T19,CISO,California Independent System Operator,Wind,194
2024-01-01T20,CISO,California Independent System Operator,Coal,0
2024-01-01T20,CISO,California Independent System Operator,Natural Gas,8818
2024-01-01T20,CISO,California Independent System Operator,Nuclear,2244
2024-01-01T20,CISO,California Independent System Operator,Petroleum,46
2024-01-01T20,CISO,California Independent System Operator,Other,-2570
2024-01-01T20,CISO,California Independent System Operator,Solar,8571
2024-01-01T20,CISO,California Independent System Operator,Hydro,1011
2024-01-01T20,CISO,California Independent System Operator,Wind,270
2024-01-01T21,CISO,California Independent System Operator,Coal,0
2024-01-01T21,CISO,California Independent System Operator,Natural Gas,9245
2024-01-01T21,CISO,California Independent System Operator,Nuclear,2244
2024-01-01T21,CISO,California Independent System Operator,Petroleum,46
2024-01-01T21,CISO,California Independent System Operator,Other,-3040
2024-01-01T21,CISO,California Independent System Operator,Solar,8890
2024-01-01T21,CISO,California Independent System Operator,Hydro,869
2024-01-01T21,CISO,California Independent System Operator,Wind,331
2024-01-01T22,CISO,California Independent System Operator,Coal,0
2024-01-01T22,CISO,California Independent System Operator,Natural Gas,9268
2024-01-01T22,CISO,California Independent System Operator,Nuclear,2243
2024-01-01T22,CISO,California Independent System Operator,Petroleum,46
2024-01-01T22,CISO,California Independent System Operator,Other,-3040
2024-01-01T22,CISO,California Independent System Operator,Solar,9433
2024-01-01T22,CISO,California Independent System Operator,Hydro,831
2024-01-01T22,CISO,California Independent System Operator,Wind,394
2024-01-01T23,CISO,California Independent System Operator,Coal,0
2024-01-01T23,CISO,California Independent System Operator,Natural Gas,9027
2024-01-01T23,CISO,California Independent System Operator,Nuclear,2244
2024-01-01T23,CISO,California Independent System Operator,Petroleum,46
2024-01-01T23,CISO,California Independent System Operator,Other,-2883
2024-01-01T23,CISO,California Independent System Operator,Solar,9635
2024-01-01T23,CISO,California Independent System Operator,Hydro,836
2024-01-01T23,CISO,California Independent System Operator,Wind,452
2024-01-02T00,CISO,California Independent System Operator,Coal,0
2024-01-02T00,CISO,California Independent System Operator,Natural Gas,8050
2024-01-02T00,CISO,California Independent System Operator,Nuclear,2243
2024-01-02T00,CISO,California Independent System Operator,Petroleum,46
2024-01-02T00,CISO,California Independent System Operator,Other,-1678
2024-01-02T00,CISO,California Independent System Operator,Solar,9683
2024-01-02T00,CISO,California Independent System Operator,Hydro,997
2024-01-02T00,CISO,California Independent System Operator,Wind,391
2024-01-02T01,CISO,California Independent System Operator,Coal,0
2024-01-02T01,CISO,California Independent System Operator,Natural Gas,7741
2024-01-02T01,CISO,California Independent System Operator,Nuclear,2242
2024-01-02T01,CISO,California Independent System Operator,Petroleum,46
2024-01-02T01,CISO,California Independent System Operator,Other,63
2024-01-02T01,CISO,California Independent System Operator,Solar,6627
2024-01-02T01,CISO,California Independent System Operator,Hydro,1436
2024-01-02T01,CISO,California Independent System Operator,Wind,274
2024-01-02T02,CISO,California Independent System Operator,Coal,0
2024-01-02T02,CISO,California Independent System Operator,Natural Gas,10182
2024-01-02T02,CISO,California Independent System Operator,Nuclear,2242
2024-01-02T02,CISO,California Independent System Operator,Petroleum,46
2024-01-02T02,CISO,California Independent System Operator,Other,1016
2024-01-02T02,CISO,California Independent System Operator,Solar,1077
2024-01-02T02,CISO,California Independent System Operator,Hydro,2967
2024-01-02T02,CISO,California Independent System Operator,Wind,179
2024-01-02T03,CISO,California Independent System Operator,Coal,0
2024-01-02T03,CISO,California Independent System Operator,Natural Gas,11650
2024-01-02T03,CISO,California Independent System Operator,Nuclear,2243
2024-01-02T03,CISO,California Independent System Operator,Petroleum,46
2024-01-02T03,CISO,California Independent System Operator,Other,2048
2024-01-02T03,CISO,California Independent System Operator,Solar,-37
2024-01-02T03,CISO,California Independent System Operator,Hydro,3284
2024-01-02T03,CISO,California Independent System Operator,Wind,206
2024-01-02T04,CISO,California Independent System Operator,Coal,0
2024-01-02T04,CISO,California Independent System Operator,Natural Gas,12017
2024-01-02T04,CISO,California Independent System Operator,Nuclear,2242
2024-01-02T04,CISO,California Independent System Operator,Petroleum,46
2024-01-02T04,CISO,California Independent System Operator,Other,2007
2024-01-02T04,CISO,California Independent System Operator,Solar,-40
2024-01-02T04,CISO,California Independent System Operator,Hydro,3352
2024-01-02T04,CISO,California Independent System Operator,Wind,296
2024-01-02T05,CISO,California Independent System Operator,Coal,0
2024-01-02T05,CISO,California Independent System Operator,Natural Gas,12118
2024-01-02T05,CISO,California Independent System Operator,Nuclear,2244
2024-01-02T05,CISO,California Independent System Operator,Petroleum,46
2024-01-02T05,CISO,California Independent System Operator,Other,1684
2024-01-02T05,CISO,California Independent System Operator,Solar,-39
2024-01-02T05,CISO,California Independent System Operator,Hydro,3275
2024-01-02T05,CISO,California Independent System Operator,Wind,312
2024-01-02T06,CISO,California Independent System Operator,Coal,0
2024-01-02T06,CISO,California Independent System Operator,Natural Gas,12282
2024-01-02T06,CISO,California Independent System Operator,Nuclear,2245
2024-01-02T06,CISO,California Independent System Operator,Petroleum,46
2024-01-02T06,CISO,California Independent System Operator,Other,994
2024-01-02T06,CISO,California Independent System Operator,Solar,-51
2024-01-02T06,CISO,California Independent System Operator,Hydro,3322
2024-01-02T06,CISO,California Independent System Operator,Wind,198
2024-01-02T07,CISO,California Independent System Operator,Coal,0
2024-01-02T07,CISO,California Independent System Operator,Natural Gas,12090
2024-01-02T07,CISO,California Independent System Operator,Nuclear,2244
2024-01-02T07,CISO,California Independent System Operator,Petroleum,47
2024-01-02T07,CISO,California Independent System Operator,Other,1009
2024-01-02T07,CISO,California Independent System Operator,Solar,-51
2024-01-02T07,CISO,California Independent System Operator,Hydro,3373
2024-01-02T07,CISO,California Independent System Operator,Wind,194
2024-01-02T08,CISO,California Independent System Operator,Coal,0
2024-01-02T08,CISO,California Independent System Operator,Natural Gas,12026
2024-01-02T08,CISO,California Independent System Operator,Nuclear,2246
2024-01-02T08,CISO,California Independent System Operator,Petroleum,46
2024-01-02T08,CISO,California Independent System Operator,Other,148
2024-01-02T08,CISO,California Independent System Operator,Solar,-50
2024-01-02T08,CISO,California Independent System Operator,Hydro,2886
2024-01-02T08,CISO,California Independent System Operator,Wind,249
2024-01-02T09,CISO,California Independent System Operator,Coal,0
2024-01-02T09,CISO,California Independent System Operator,Natural Gas,11284
2024-01-02T09,CISO,California Independent System Operator,Nuclear,2248
2024-01-02T09,CISO,California Independent System Operator,Petroleum,46
2024-01-02T09,CISO,California Independent System Operator,Other,-59
2024-01-02T09,CISO,California Independent System Operator,Solar,-53
2024-01-02T09,CISO,California Independent System Operator,Hydro,2422
2024-01-02T09,CISO,California Independent System Operator,Wind,256
2024-01-02T10,CISO,California Independent System Operator,Coal,0
2024-01-02T10,CISO,California Independent System Operator,Natural Gas,11668
2024-01-02T10,CISO,California Independent System Operator,Nuclear,2246
2024-01-02T10,CISO,California Independent System Operator,Petroleum,46
2024-01-02T10,CISO,California Independent System Operator,Other,65
2024-01-02T10,CISO,California Independent System Operator,Solar,-48
2024-01-02T10,CISO,California Independent System Operator,Hydro,2097
2024-01-02T10,CISO,California Independent System Operator,Wind,253
2024-01-02T11,CISO,California Independent System Operator,Coal,0
2024-01-02T11,CISO,California Independent System Operator,Natural Gas,11834
2024-01-02T11,CISO,California Independent System Operator,Nuclear,2246
2024-01-02T11,CISO,California Independent System Operator,Petroleum,46
2024-01-02T11,CISO,California Independent System Operator,Other,-220
2024-01-02T11,CISO,California Independent System Operator,Solar,-45
2024-01-02T11,CISO,California Independent System Operator,Hydro,1915
2024-01-02T11,CISO,California Independent System Operator,Wind,278
2024-01-02T12,CISO,California Independent System Operator,Coal,0
2024-01-02T12,CISO,California Independent System Operator,Natural Gas,11646
2024-01-02T12,CISO,California Independent System Operator,Nuclear,2248
2024-01-02T12,CISO,California Independent System Operator,Petroleum,46
2024-01-02T12,CISO,California Independent System Operator,Other,-254
2024-01-02T12,CISO,California Independent System Operator,Solar,-49
2024-01-02T12,CISO,California Independent System Operator,Hydro,1855
2024-01-02T12,CISO,California Independent System Operator,Wind,318
2024-01-02T13,CISO,California Independent System Operator,Coal,0
2024-01-02T13,CISO,California Independent System Operator,Natural Gas,11645
2024-01-02T13,CISO,California Independent System Operator,Nuclear,2248
2024-01-02T13,CISO,California Independent System Operator,Petroleum,46
2024-01-02T13,CISO,California Independent System Operator,Other,-189
2024-01-02T13,CISO,California Independent System Operator,Solar,-52
2024-01-02T13,CISO,California Independent System Operator,Hydro,1937
2024-01-02T13,CISO,California Independent System Operator,Wind,330
2024-01-02T14,CISO,California Independent System Operator,Coal,0
2024-01-02T14,CISO,California Independent System Operator,Natural Gas,11682
2024-01-02T14,CISO,California Independent System Operator,Nuclear,2247
2024-01-02T14,CISO,California Independent System Operator,Petroleum,46
2024-01-02T14,CISO,California Independent System Operator,Other,116
2024-01-02T14,CISO,California Independent System Operator,Solar,-55
2024-01-02T14,CISO,California Independent System Operator,Hydro,2133
2024-01-02T14,CISO,California Independent System Operator,Wind,292
2024-01-02T15,CISO,California Independent System Operator,Coal,0
2024-01-02T15,CISO,California Independent System Operator,Natural Gas,12094
2024-01-02T15,CISO,California Independent System Operator,Nuclear,2247
2024-01-02T15,CISO,California Independent System Operator,Petroleum,46
2024-01-02T15,CISO,California Independent System Operator,Other,570
2024-01-02T15,CISO,California Independent System Operator,Solar,-57
2024-01-02T15,CISO,California Independent System Operator,Hydro,2152
2024-01-02T15,CISO,California Independent System Operator,Wind,255
2024-01-02T16,CISO,California Independent System Operator,Coal,0
2024-01-02T16,CISO,California Independent System Operator,Natural Gas,12425
2024-01-02T16,CISO,California Independent System Operator,Nuclear,2246
2024-01-02T16,CISO,California Independent System Operator,Petroleum,46
2024-01-02T16,CISO,California Independent System Operator,Other,2154
2024-01-02T16,CISO,California Independent System Operator,Solar,-46
2024-01-02T16,CISO,California Independent System Operator,Hydro,2721
2024-01-02T16,CISO,California Independent System Operator,Wind,178
2024-01-02T17,CISO,California Independent System Operator,Coal,0
2024-01-02T17,CISO,California Independent System Operator,Natural Gas,12202
2024-01-02T17,CISO,California Independent System Operator,Nuclear,2246
2024-01-02T17,CISO,California Independent System Operator,Petroleum,46
2024-01-02T17,CISO,California Independent System Operator,Other,1299
2024-01-02T17,CISO,California Independent System Operator,Solar,1958
2024-01-02T17,CISO,California Independent System Operator,Hydro,2787
2024-01-02T17,CISO,California Independent System Operator,Wind,186
2024-01-02T18,CISO,California Independent System Operator,Coal,0
2024-01-02T18,CISO,California Independent System Operator,Natural Gas,11342
2024-01-02T18,CISO,California Independent System Operator,Nuclear,2245
2024-01-02T18,CISO,California Independent System Operator,Petroleum,46
2024-01-02T18,CISO,California Independent System Operator,Other,-614
2024-01-02T18,CISO,California Independent System Operator,Solar,7253
2024-01-02T18,CISO,California Independent System Operator,Hydro,1848
2024-01-02T18,CISO,California Independent System Operator,Wind,278
2024-01-02T19,CISO,California Independent System Operator,Coal,0
2024-01-02T19,CISO,California Independent System Operator,Natural Gas,11153
2024-01-02T19,CISO,California Independent System Operator,Nuclear,2245
2024-01-02T19,CISO,California Independent System Operator,Petroleum,46
2024-01-02T19,CISO,California Independent System Operator,Other,-1451
2024-01-02T19,CISO,California Independent System Operator,Solar,9476
2024-01-02T19,CISO,California Independent System Operator,Hydro,1354
2024-01-02T19,CISO,California Independent System Operator,Wind,361
2024-01-02T20,CISO,California Independent System Operator,Coal,0
2024-01-02T20,CISO,California Independent System Operator,Natural Gas,11375
2024-01-02T20,CISO,California Independent System Operator,Nuclear,2245
2024-01-02T20,CISO,California Independent System Operator,Petroleum,46
2024-01-02T20,CISO,California Independent System Operator,Other,-1751
2024-01-02T20,CISO,California Independent System Operator,Solar,9024
2024-01-02T20,CISO,California Independent System Operator,Hydro,1272
2024-01-02T20,CISO,California Independent System Operator,Wind,311
2024-01-02T21,CISO,California Independent System Operator,Coal,0
2024-01-02T21,CISO,California Independent System Operator,Natural Gas,11503
2024-01-02T21,CISO,California Independent System Operator,Nuclear,2245
2024-01-02T21,CISO,California Independent System Operator,Petroleum,46
2024-01-02T21,CISO,California Independent System Operator,Other,-2315
2024-01-02T21,CISO,California Independent System Operator,Solar,9490
2024-01-02T21,CISO,California Independent System Operator,Hydro,1189
2024-01-02T21,CISO,California Independent System Operator,Wind,282
2024-01-02T22,CISO,California Independent System Operator,Coal,0
2024-01-02T22,CISO,California Independent System Operator,Natural Gas,10716
2024-01-02T22,CISO,California Independent System Operator,Nuclear,2246
2024-01-02T22,CISO,California Independent System Operator,Petroleum,46
2024-01-02T22,CISO,California Independent System Operator,Other,-1795
2024-01-02T22,CISO,California Independent System Operator,Solar,9130
2024-01-02T22,CISO,California Independent System Operator,Hydro,1202
2024-01-02T22,CISO,California Independent System Operator,Wind,347
2024-01-02T23,CISO,California Independent System Operator,Coal,0
2024-01-02T23,CISO,California Independent System Operator,Natural Gas,10144
2024-01-02T23,CISO,California Independent System Operator,Nuclear,2246
2024-01-02T23,CISO,California Independent System Operator,Petroleum,46
2024-01-02T23,CISO,California Independent System Operator,Other,-1511
2024-01-02T23,CISO,California Independent System Operator,Solar,8552
2024-01-02T23,CISO,California Independent System Operator,Hydro,1164
2024-01-02T23,CISO,California Independent System Operator,Wind,522
2024-01-03T00,CISO,California Independent System Operator,Coal,0
2024-01-03T00,CISO,California Independent System Operator,Natural Gas,9882
2024-01-03T00,CISO,California Independent System Operator,Nuclear,2246
2024-01-03T00,CISO,California Independent System Operator,Petroleum,46
2024-01-03T00,CISO,California Independent System Operator,Other,-877
2024-01-03T00,CISO,California Independent System Operator,Solar,8117
2024-01-03T00,CISO,California Independent System Operator,Hydro,1353
2024-01-03T00,CISO,California Independent System Operator,Wind,698
2024-01-03T01,CISO,California Independent System Operator,Coal,0
2024-01-03T01,CISO,California Independent System Operator,Natural Gas,10434
2024-01-03T01,CISO,California Independent System Operator,Nuclear,2243
2024-01-03T01,CISO,California Independent System Operator,Petroleum,46
2024-01-03T01,CISO,California Independent System Operator,Other,427
2024-01-03T01,CISO,California Independent System Operator,Solar,5659
2024-01-03T01,CISO,California Independent System Operator,Hydro,1835
2024-01-03T01,CISO,California Independent System Operator,Wind,744
2024-01-03T02,CISO,California Independent System Operator,Coal,0
2024-01-03T02,CISO,California Independent System Operator,Natural Gas,12866
2024-01-03T02,CISO,California Independent System Operator,Nuclear,2244
2024-01-03T02,CISO,California Independent System Operator,Petroleum,46
2024-01-03T02,CISO,California Independent System Operator,Other,2086
2024-01-03T02,CISO,California Independent System Operator,Solar,930
2024-01-03T02,CISO,California Independent System Operator,Hydro,2977
2024-01-03T02,CISO,California Independent System Operator,Wind,770
2024-01-03T03,CISO,California Independent System Operator,Coal,0
2024-01-03T03,CISO,California Independent System Operator,Natural Gas,13416
2024-01-03T03,CISO,California Independent System Operator,Nuclear,2243
2024-01-03T03,CISO,California Independent System Operator,Petroleum,46
2024-01-03T03,CISO,California Independent System Operator,Other,4130
2024-01-03T03,CISO,California Independent System Operator,Solar,-31
2024-01-03T03,CISO,California Independent System Operator,Hydro,3421
2024-01-03T03,CISO,California Independent System Operator,Wind,598
2024-01-03T04,CISO,California Independent System Operator,Coal,0
2024-01-03T04,CISO,California Independent System Operator,Natural Gas,13341
2024-01-03T04,CISO,California Independent System Operator,Nuclear,2244
2024-01-03T04,CISO,California Independent System Operator,Petroleum,46
2024-01-03T04,CISO,California Independent System Operator,Other,3689
2024-01-03T04,CISO,California Independent System Operator,Solar,-47
2024-01-03T04,CISO,California Independent System Operator,Hydro,3521
2024-01-03T04,CISO,California Independent System Operator,Wind,746
2024-01-03T05,CISO,California Independent System Operator,Coal,0
2024-01-03T05,CISO,California Independent System Operator,Natural Gas,13195
2024-01-03T05,CISO,California Independent System Operator,Nuclear,2243
2024-01-03T05,CISO,California Independent System Operator,Petroleum,46
2024-01-03T05,CISO,California Independent System Operator,Other,3172
2024-01-03T05,CISO,California Independent System Operator,Solar,-48
2024-01-03T05,CISO,California Independent System Operator,Hydro,3712
2024-01-03T05,CISO,California Independent System Operator,Wind,859
2024-01-03T06,CISO,California Independent System Operator,Coal,0
2024-01-03T06,CISO,California Independent System Operator,Natural Gas,13139
2024-01-03T06,CISO,California Independent System Operator,Nuclear,2243
2024-01-03T06,CISO,California Independent System Operator,Petroleum,46
2024-01-03T06,CISO,California Independent System Operator,Other,2820
2024-01-03T06,CISO,California Independent System Operator,Solar,-47
2024-01-03T06,CISO,California Independent System Operator,Hydro,3852
2024-01-03T06,CISO,California Independent System Operator,Wind,1006
2024-01-03T07,CISO,California Independent System Operator,Coal,0
2024-01-03T07,CISO,California Independent System Operator,Natural Gas,13019
2024-01-03T07,CISO,California Independent System Operator,Nuclear,2238
2024-01-03T07,CISO,California Independent System Operator,Petroleum,46
2024-01-03T07,CISO,California Independent System Operator,Other,884
2024-01-03T07,CISO,California Independent System Operator,Solar,-46
2024-01-03T07,CISO,California Independent System Operator,Hydro,3656
2024-01-03T07,CISO,California Independent System Operator,Wind,1044
2024-01-03T08,CISO,California Independent System Operator,Coal,0
2024-01-03T08,CISO,California Independent System Operator,Natural Gas,12978
2024-01-03T08,CISO,California Independent System Operator,Nuclear,2234
2024-01-03T08,CISO,California Independent System Operator,Petroleum,46
2024-01-03T08,CISO,California Independent System Operator,Other,196
2024-01-03T08,CISO,California Independent System Operator,Solar,-47
2024-01-03T08,CISO,California Independent System Operator,Hydro,2909
2024-01-03T08,CISO,California Independent System Operator,Wind,1011
2024-01-03T09,CISO,California Independent System Operator,Coal,0
2024-01-03T09,CISO,California Independent System Operator,Natural Gas,12917
2024-01-03T09,CISO,California Independent System Operator,Nuclear,2238
2024-01-03T09,CISO,California Independent System Operator,Petroleum,46
2024-01-03T09,CISO,California Independent System Operator,Other,-280
2024-01-03T09,CISO,California Independent System Operator,Solar,-47
2024-01-03T09,CISO,California Independent System Operator,Hydro,2178
2024-01-03T09,CISO,California Independent System Operator,Wind,1273
2024-01-03T10,CISO,California Independent System Operator,Coal,0
2024-01-03T10,CISO,California Independent System Operator,Natural Gas,12431
2024-01-03T10,CISO,California Independent System Operator,Nuclear,2242
2024-01-03T10,CISO,California Independent System Operator,Petroleum,46
2024-01-03T10,CISO,California Independent System Operator,Other,-108
2024-01-03T10,CISO,California Independent System Operator,Solar,-47
2024-01-03T10,CISO,California Independent System Operator,Hydro,2010
2024-01-03T10,CISO,California Independent System Operator,Wind,1728
2024-01-03T11,CISO,California Independent System Operator,Coal,0
2024-01-03T11,CISO,California Independent System Operator,Natural Gas,12351
2024-01-03T11,CISO,California Independent System Operator,Nuclear,2244
2024-01-03T11,CISO,California Independent System Operator,Petroleum,46
2024-01-03T11,CISO,California Independent System Operator,Other,-539
2024-01-03T11,CISO,California Independent System Operator,Solar,-47
2024-01-03T11,CISO,California Independent System Operator,Hydro,1894
2024-01-03T11,CISO,California Independent System Operator,Wind,1858
2024-01-03T12,CISO,California Independent System Operator,Coal,0
2024-01-03T12,CISO,California Independent System Operator,Natural Gas,12459
2024-01-03T12,CISO,California Independent System Operator,Nuclear,2246
2024-01-03T12,CISO,California Independent System Operator,Petroleum,46
2024-01-03T12,CISO,California Independent System Operator,Other,-798
2024-01-03T12,CISO,California Independent System Operator,Solar,-48
2024-01-03T12,CISO,California Independent System Operator,Hydro,1981
2024-01-03T12,CISO,California Independent System Operator,Wind,1884
2024-01-03T13,CISO,California Independent System Operator,Coal,0
2024-01-03T13,CISO,California Independent System Operator,Natural Gas,12170
2024-01-03T13,CISO,California Independent System Operator,Nuclear,2247
2024-01-03T13,CISO,California Independent System Operator,Petroleum,46
2024-01-03T13,CISO,California Independent System Operator,Other,-717
2024-01-03T13,CISO,California Independent System Operator,Solar,-49
2024-01-03T13,CISO,California Independent System Operator,Hydro,2006
2024-01-03T13,CISO,California Independent System Operator,Wind,2415
2024-01-03T14,CISO,California Independent System Operator,Coal,0
2024-01-03T14,CISO,California Independent System Operator,Natural Gas,11855
2024-01-03T14,CISO,California Independent System Operator,Nuclear,2247
2024-01-03T14,CISO,California Independent System Operator,Petroleum,46
2024-01-03T14,CISO,California Independent System Operator,Other,-272
2024-01-03T14,CISO,California Independent System Operator,Solar,-49
2024-01-03T14,CISO,California Independent System Operator,Hydro,1997
2024-01-03T14,CISO,California Independent System Operator,Wind,2806
2024-01-03T15,CISO,California Independent System Operator,Coal,0
2024-01-03T15,CISO,California Independent System Operator,Natural Gas,11846
2024-01-03T15,CISO,California Independent System Operator,Nuclear,2248
2024-01-03T15,CISO,California Independent System Operator,Petroleum,46
2024-01-03T15,CISO,California Independent System Operator,Other,52
2024-01-03T15,CISO,California Independent System Operator,Solar,-49
2024-01-03T15,CISO,California Independent System Operator,Hydro,2183
2024-01-03T15,CISO,California Independent System Operator,Wind,3113
2024-01-03T16,CISO,California Independent System Operator,Coal,0
2024-01-03T16,CISO,California Independent System Operator,Natural Gas,12353
2024-01-03T16,CISO,California Independent System Operator,Nuclear,2249
2024-01-03T16,CISO,California Independent System Operator,Petroleum,46
2024-01-03T16,CISO,California Independent System Operator,Other,205
2024-01-03T16,CISO,California Independent System Operator,Solar,-35
2024-01-03T16,CISO,California Independent System Operator,Hydro,2994
2024-01-03T16,CISO,California Independent System Operator,Wind,3214
2024-01-03T17,CISO,California Independent System Operator,Coal,0
2024-01-03T17,CISO,California Independent System Operator,Natural Gas,12211
2024-01-03T17,CISO,California Independent System Operator,Nuclear,2249
2024-01-03T17,CISO,California Independent System Operator,Petroleum,46
2024-01-03T17,CISO,California Independent System Operator,Other,362
2024-01-03T17,CISO,California Independent System Operator,Solar,715
2024-01-03T17,CISO,California Independent System Operator,Hydro,3054
2024-01-03T17,CISO,California Independent System Operator,Wind,3204
2024-01-03T18,CISO,California Independent System Operator,Coal,0
2024-01-03T18,CISO,California Independent System Operator,Natural Gas,11467
2024-01-03T18,CISO,California Independent System Operator,Nuclear,2248
2024-01-03T18,CISO,California Independent System Operator,Petroleum,46
2024-01-03T18,CISO,California Independent System Operator,Other,-292
2024-01-03T18,CISO,California Independent System Operator,Solar,4252
2024-01-03T18,CISO,California Independent System Operator,Hydro,2511
2024-01-03T18,CISO,California Independent System Operator,Wind,3031
2024-01-03T19,CISO,California Independent System Operator,Coal,0
2024-01-03T19,CISO,California Independent System Operator,Natural Gas,10098
2024-01-03T19,CISO,California Independent System Operator,Nuclear,2247
2024-01-03T19,CISO,California Independent System Operator,Petroleum,46
2024-01-03T19,CISO,California Independent System Operator,Other,-965
2024-01-03T19,CISO,California Independent System Operator,Solar,7019
2024-01-03T19,CISO,California Independent System Operator,Hydro,1902
2024-01-03T19,CISO,California Independent System Operator,Wind,3325
2024-01-03T20,CISO,California Independent System Operator,Coal,0
2024-01-03T20,CISO,California Independent System Operator,Natural Gas,10205
2024-01-03T20,CISO,California Independent System Operator,Nuclear,2248
2024-01-03T20,CISO,California Independent System Operator,Petroleum,46
2024-01-03T20,CISO,California Independent System Operator,Other,-1473
2024-01-03T20,CISO,California Independent System Operator,Solar,7683
2024-01-03T20,CISO,California Independent System Operator,Hydro,1575
2024-01-03T20,CISO,California Independent System Operator,Wind,3337
2024-01-03T21,CISO,California Independent System Operator,Coal,0
2024-01-03T21,CISO,California Independent System Operator,Natural Gas,9944
2024-01-03T21,CISO,California Independent System Operator,Nuclear,2250
2024-01-03T21,CISO,California Independent System Operator,Petroleum,46
2024-01-03T21,CISO,California Independent System Operator,Other,-1338
2024-01-03T21,CISO,California Independent System Operator,Solar,7243
2024-01-03T21,CISO,California Independent System Operator,Hydro,1567
2024-01-03T21,CISO,California Independent System Operator,Wind,3291
2024-01-03T22,CISO,California Independent System Operator,Coal,0
2024-01-03T22,CISO,California Independent System Operator,Natural Gas,10251
2024-01-03T22,CISO,California Independent System Operator,Nuclear,2251
2024-01-03T22,CISO,California Independent System Operator,Petroleum,46
2024-01-03T22,CISO,California Independent System Operator,Other,-1416
2024-01-03T22,CISO,California Independent System Operator,Solar,6689
2024-01-03T22,CISO,California Independent System Operator,Hydro,1457
2024-01-03T22,CISO,California Independent System Operator,Wind,3234
2024-01-03T23,CISO,California Independent System Operator,Coal,0
2024-01-03T23,CISO,California Independent System Operator,Natural Gas,9746
2024-01-03T23,CISO,California Independent System Operator,Nuclear,2251
2024-01-03T23,CISO,California Independent System Operator,Petroleum,46
2024-01-03T23,CISO,California Independent System Operator,Other,-722
2024-01-03T23,CISO,California Independent System Operator,Solar,5921
2024-01-03T23,CISO,California Independent System Operator,Hydro,1510
2024-01-03T23,CISO,California Independent System Operator,Wind,3245
2024-01-04T00,CISO,California Independent System Operator,Coal,0
2024-01-04T00,CISO,California Independent System Operator,Natural Gas,10138
2024-01-04T00,CISO,California Independent System Operator,Nuclear,2248
2024-01-04T00,CISO,California Independent System Operator,Petroleum,46
2024-01-04T00,CISO,California Independent System Operator,Other,-619
2024-01-04T00,CISO,California Independent System Operator,Solar,5656
2024-01-04T00,CISO,California Independent System Operator,Hydro,1669
2024-01-04T00,CISO,California Independent System Operator,Wind,3213
2024-01-04T01,CISO,California Independent System Operator,Coal,0
2024-01-04T01,CISO,California Independent System Operator,Natural Gas,10195
2024-01-04T01,CISO,California Independent System Operator,Nuclear,2248
2024-01-04T01,CISO,California Independent System Operator,Petroleum,46
2024-01-04T01,CISO,California Independent System Operator,Other,354
2024-01-04T01,CISO,California Independent System Operator,Solar,4431
2024-01-04T01,CISO,California Independent System Operator,Hydro,2172
2024-01-04T01,CISO,California Independent System Operator,Wind,3153
2024-01-04T02,CISO,California Independent System Operator,Coal,0
2024-01-04T02,CISO,California Independent System Operator,Natural Gas,12154
2024-01-04T02,CISO,California Independent System Operator,Nuclear,2251
2024-01-04T02,CISO,California Independent System Operator,Petroleum,46
2024-01-04T02,CISO,California Independent System Operator,Other,1276
2024-01-04T02,CISO,California Independent System Operator,Solar,729
2024-01-04T02,CISO,California Independent System Operator,Hydro,3120
2024-01-04T02,CISO,California Independent System Operator,Wind,3499
2024-01-04T03,CISO,California Independent System Operator,Coal,0
2024-01-04T03,CISO,California Independent System Operator,Natural Gas,12843
2024-01-04T03,CISO,California Independent System Operator,Nuclear,2251
2024-01-04T03,CISO,California Independent System Operator,Petroleum,46
2024-01-04T03,CISO,California Independent System Operator,Other,2376
2024-01-04T03,CISO,California Independent System Operator,Solar,-23
2024-01-04T03,CISO,California Independent System Operator,Hydro,3149
2024-01-04T03,CISO,California Independent System Operator,Wind,3617
2024-01-04T04,CISO,California Independent System Operator,Coal,0
2024-01-04T04,CISO,California Independent System Operator,Natural Gas,12968
2024-01-04T04,CISO,California Independent System Operator,Nuclear,2251
2024-01-04T04,CISO,California Independent System Operator,Petroleum,46
2024-01-04T04,CISO,California Independent System Operator,Other,1272
2024-01-04T04,CISO,California Independent System Operator,Solar,-26
2024-01-04T04,CISO,California Independent System Operator,Hydro,3472
2024-01-04T04,CISO,California Independent System Operator,Wind,3785
2024-01-04T05,CISO,California Independent System Operator,Coal,0
2024-01-04T05,CISO,California Independent System Operator,Natural Gas,12712
2024-01-04T05,CISO,California Independent System Operator,Nuclear,2250
2024-01-04T05,CISO,California Independent System Operator,Petroleum,46
2024-01-04T05,CISO,California Independent System Operator,Other,775
2024-01-04T05,CISO,California Independent System Operator,Solar,-44
2024-01-04T05,CISO,California Independent System Operator,Hydro,3628
2024-01-04T05,CISO,California Independent System Operator,Wind,3976
2024-01-04T06,CISO,California Independent System Operator,Coal,0
2024-01-04T06,CISO,California Independent System Operator,Natural Gas,12519
2024-01-04T06,CISO,California Independent System Operator,Nuclear,2247
2024-01-04T06,CISO,California Independent System Operator,Petroleum,46
2024-01-04T06,CISO,California Independent System Operator,Other,682
2024-01-04T06,CISO,California Independent System Operator,Solar,-44
2024-01-04T06,CISO,California Independent System Operator,Hydro,3391
2024-01-04T06,CISO,California Independent System Operator,Wind,3876
2024-01-04T07,CISO,California Independent System Operator,Coal,0
2024-01-04T07,CISO,California Independent System Operator,Natural Gas,12215
2024-01-04T07,CISO,California Independent System Operator,Nuclear,2248
2024-01-04T07,CISO,California Independent System Operator,Petroleum,46
2024-01-04T07,CISO,California Independent System Operator,Other,228
2024-01-04T07,CISO,California Independent System Operator,Solar,-48
2024-01-04T07,CISO,California Independent System Operator,Hydro,3133
2024-01-04T07,CISO,California Independent System Operator,Wind,3886
2024-01-04T08,CISO,California Independent System Operator,Coal,0
2024-01-04T08,CISO,California Independent System Operator,Natural Gas,11784
2024-01-04T08,CISO,California Independent System Operator,Nuclear,2249
2024-01-04T08,CISO,California Independent System Operator,Petroleum,46
2024-01-04T08,CISO,California Independent System Operator,Other,27
2024-01-04T08,CISO,California Independent System Operator,Solar,-45
2024-01-04T08,CISO,California Independent System Operator,Hydro,2717
2024-01-04T08,CISO,California Independent System Operator,Wind,3759
2024-01-04T09,CISO,California Independent System Operator,Coal,0
2024-01-04T09,CISO,California Independent System Operator,Natural Gas,11669
2024-01-04T09,CISO,California Independent System Operator,Nuclear,2251
2024-01-04T09,CISO,California Independent System Operator,Petroleum,46
2024-01-04T09,CISO,California Independent System Operator,Other,-432
2024-01-04T09,CISO,California Independent System Operator,Solar,-49
2024-01-04T09,CISO,California Independent System Operator,Hydro,2316
2024-01-04T09,CISO,California Independent System Operator,Wind,3727
2024-01-04T10,CISO,California Independent System Operator,Coal,0
2024-01-04T10,CISO,California Independent System Operator,Natural Gas,10648
2024-01-04T10,CISO,California Independent System Operator,Nuclear,2253
2024-01-04T10,CISO,California Independent System Operator,Petroleum,46
2024-01-04T10,CISO,California Independent System Operator,Other,-62
2024-01-04T10,CISO,California Independent System Operator,Solar,-45
2024-01-04T10,CISO,California Independent System Operator,Hydro,1995
2024-01-04T10,CISO,California Independent System Operator,Wind,3573
2024-01-04T11,CISO,California Independent System Operator,Coal,0
2024-01-04T11,CISO,California Independent System Operator,Natural Gas,10261
2024-01-04T11,CISO,California Independent System Operator,Nuclear,2253
2024-01-04T11,CISO,California Independent System Operator,Petroleum,46
2024-01-04T11,CISO,California Independent System Operator,Other,-510
2024-01-04T11,CISO,California Independent System Operator,Solar,-45
2024-01-04T11,CISO,California Independent System Operator,Hydro,1792
2024-01-04T11,CISO,California Independent System Operator,Wind,3581
2024-01-04T12,CISO,California Independent System Operator,Coal,0
2024-01-04T12,CISO,California Independent System Operator,Natural Gas,10314
2024-01-04T12,CISO,California Independent System Operator,Nuclear,2254
2024-01-04T12,CISO,California Independent System Operator,Petroleum,46
2024-01-04T12,CISO,California Independent System Operator,Other,-632
2024-01-04T12,CISO,California Independent System Operator,Solar,-45
2024-01-04T12,CISO,California Independent System Operator,Hydro,1788
2024-01-04T12,CISO,California Independent System Operator,Wind,3364
2024-01-04T13,CISO,California Independent System Operator,Coal,0
2024-01-04T13,CISO,California Independent System Operator,Natural Gas,10218
2024-01-04T13,CISO,California Independent System Operator,Nuclear,2256
2024-01-04T13,CISO,California Independent System Operator,Petroleum,46
2024-01-04T13,CISO,California Independent System Operator,Other,-675
2024-01-04T13,CISO,California Independent System Operator,Solar,-46
2024-01-04T13,CISO,California Independent System Operator,Hydro,1879
2024-01-04T13,CISO,California Independent System Operator,Wind,3250
2024-01-04T14,CISO,California Independent System Operator,Coal,0
2024-01-04T14,CISO,California Independent System Operator,Natural Gas,10193
2024-01-04T14,CISO,California Independent System Operator,Nuclear,2255
2024-01-04T14,CISO,California Independent System Operator,Petroleum,46
2024-01-04T14,CISO,California Independent System Operator,Other,-95
2024-01-04T14,CISO,California Independent System Operator,Solar,-46
2024-01-04T14,CISO,California Independent System Operator,Hydro,1903
2024-01-04T14,CISO,California Independent System Operator,Wind,2662
2024-01-04T15,CISO,California Independent System Operator,Coal,0
2024-01-04T15,CISO,California Independent System Operator,Natural Gas,11063
2024-01-04T15,CISO,California Independent System Operator,Nuclear,2255
2024-01-04T15,CISO,California Independent System Operator,Petroleum,46
2024-01-04T15,CISO,California Independent System Operator,Other,243
2024-01-04T15,CISO,California Independent System Operator,Solar,-46
2024-01-04T15,CISO,California Independent System Operator,Hydro,2128
2024-01-04T15,CISO,California Independent System Operator,Wind,2514
2024-01-04T16,CISO,California Independent System Operator,Coal,0
2024-01-04T16,CISO,California Independent System Operator,Natural Gas,11743
2024-01-04T16,CISO,California Independent System Operator,Nuclear,2257
2024-01-04T16,CISO,California Independent System Operator,Petroleum,45
2024-01-04T16,CISO,California Independent System Operator,Other,1231
2024-01-04T16,CISO,California Independent System Operator,Solar,-35
2024-01-04T16,CISO,California Independent System Operator,Hydro,2455
2024-01-04T16,CISO,California Independent System Operator,Wind,2501
2024-01-04T17,CISO,California Independent System Operator,Coal,0
2024-01-04T17,CISO,California Independent System Operator,Natural Gas,12044
2024-01-04T17,CISO,California Independent System Operator,Nuclear,2257
2024-01-04T17,CISO,California Independent System Operator,Petroleum,45
2024-01-04T17,CISO,California Independent System Operator,Other,942
2024-01-04T17,CISO,California Independent System Operator,Solar,1829
2024-01-04T17,CISO,California Independent System Operator,Hydro,2467
2024-01-04T17,CISO,California Independent System Operator,Wind,2492
2024-01-04T18,CISO,California Independent System Operator,Coal,0
2024-01-04T18,CISO,California Independent System Operator,Natural Gas,10948
2024-01-04T18,CISO,California Independent System Operator,Nuclear,2256
2024-01-04T18,CISO,California Independent System Operator,Petroleum,46
2024-01-04T18,CISO,California Independent System Operator,Other,-601
2024-01-04T18,CISO,California Independent System Operator,Solar,7239
2024-01-04T18,CISO,California Independent System Operator,Hydro,2094
2024-01-04T18,CISO,California Independent System Operator,Wind,2673
2024-01-04T19,CISO,California Independent System Operator,Coal,0
2024-01-04T19,CISO,California Independent System Operator,Natural Gas,9082
2024-01-04T19,CISO,California Independent System Operator,Nuclear,2254
2024-01-04T19,CISO,California Independent System Operator,Petroleum,46
2024-01-04T19,CISO,California Independent System Operator,Other,-961
2024-01-04T19,CISO,California Independent System Operator,Solar,9811
2024-01-04T19,CISO,California Independent System Operator,Hydro,1758
2024-01-04T19,CISO,California Independent System Operator,Wind,2722
2024-01-04T20,CISO,California Independent System Operator,Coal,0
2024-01-04T20,CISO,California Independent System Operator,Natural Gas,9308
2024-01-04T20,CISO,California Independent System Operator,Nuclear,2255
2024-01-04T20,CISO,California Independent System Operator,Petroleum,46
2024-01-04T20,CISO,California Independent System Operator,Other,-1688
2024-01-04T20,CISO,California Independent System Operator,Solar,10490
2024-01-04T20,CISO,California Independent System Operator,Hydro,1479
2024-01-04T20,CISO,California Independent System Operator,Wind,2191
2024-01-04T21,CISO,California Independent System Operator,Coal,0
2024-01-04T21,CISO,California Independent System Operator,Natural Gas,9105
2024-01-04T21,CISO,California Independent System Operator,Nuclear,2256
2024-01-04T21,CISO,California Independent System Operator,Petroleum,46
2024-01-04T21,CISO,California Independent System Operator,Other,-2658
2024-01-04T21,CISO,California Independent System Operator,Solar,11001
2024-01-04T21,CISO,California Independent System Operator,Hydro,1414
2024-01-04T21,CISO,California Independent System Operator,Wind,2331
2024-01-04T22,CISO,California Independent System Operator,Coal,0
2024-01-04T22,CISO,California Independent System Operator,Natural Gas,9582
2024-01-04T22,CISO,California Independent System Operator,Nuclear,2255
2024-01-04T22,CISO,California Independent System Operator,Petroleum,46
2024-01-04T22,CISO,California Independent System Operator,Other,-3624
2024-01-04T22,CISO,California Independent System Operator,Solar,11154
2024-01-04T22,CISO,California Independent System Operator,Hydro,1449
2024-01-04T22,CISO,California Independent System Operator,Wind,2584
2024-01-04T23,CISO,California Independent System Operator,Coal,0
2024-01-04T23,CISO,California Independent System Operator,Natural Gas,9642
2024-01-04T23,CISO,California Independent System Operator,Nuclear,2255
2024-01-04T23,CISO,California Independent System Operator,Petroleum,46
2024-01-04T23,CISO,California Independent System Operator,Other,-3823
2024-01-04T23,CISO,California Independent System Operator,Solar,11583
2024-01-04T23,CISO,California Independent System Operator,Hydro,1500
2024-01-04T23,CISO,California Independent System Operator,Wind,2560
2024-01-05T00,CISO,California Independent System Operator,Coal,0
2024-01-05T00,CISO,California Independent System Operator,Natural Gas,9028
2024-01-05T00,CISO,California Independent System Operator,Nuclear,2257
2024-01-05T00,CISO,California Independent System Operator,Petroleum,46
2024-01-05T00,CISO,California Independent System Operator,Other,-2643
2024-01-05T00,CISO,California Independent System Operator,Solar,11639
2024-01-05T00,CISO,California Independent System Operator,Hydro,1416
2024-01-05T00,CISO,California Independent System Operator,Wind,1579
2024-01-05T01,CISO,California Independent System Operator,Coal,0
2024-01-05T01,CISO,California Independent System Operator,Natural Gas,9505
2024-01-05T01,CISO,California Independent System Operator,Nuclear,2259
2024-01-05T01,CISO,California Independent System Operator,Petroleum,46
2024-01-05T01,CISO,California Independent System Operator,Other,-459
2024-01-05T01,CISO,California Independent System Operator,Solar,7722
2024-01-05T01,CISO,California Independent System Operator,Hydro,1721
2024-01-05T01,CISO,California Independent System Operator,Wind,805
2024-01-05T02,CISO,California Independent System Operator,Coal,0
2024-01-05T02,CISO,California Independent System Operator,Natural Gas,11835
2024-01-05T02,CISO,California Independent System Operator,Nuclear,2258
2024-01-05T02,CISO,California Independent System Operator,Petroleum,46
2024-01-05T02,CISO,California Independent System Operator,Other,1773
2024-01-05T02,CISO,California Independent System Operator,Solar,1248
2024-01-05T02,CISO,California Independent System Operator,Hydro,2703
2024-01-05T02,CISO,California Independent System Operator,Wind,1740
2024-01-05T03,CISO,California Independent System Operator,Coal,0
2024-01-05T03,CISO,California Independent System Operator,Natural Gas,12450
2024-01-05T03,CISO,California Independent System Operator,Nuclear,2258
2024-01-05T03,CISO,California Independent System Operator,Petroleum,46
2024-01-05T03,CISO,California Independent System Operator,Other,2594
2024-01-05T03,CISO,California Independent System Operator,Solar,-33
2024-01-05T03,CISO,California Independent System Operator,Hydro,3383
2024-01-05T03,CISO,California Independent System Operator,Wind,2349
2024-01-05T04,CISO,California Independent System Operator,Coal,0
2024-01-05T04,CISO,California Independent System Operator,Natural Gas,12832
2024-01-05T04,CISO,California Independent System Operator,Nuclear,2257
2024-01-05T04,CISO,California Independent System Operator,Petroleum,46
2024-01-05T04,CISO,California Independent System Operator,Other,3070
2024-01-05T04,CISO,California Independent System Operator,Solar,-30
2024-01-05T04,CISO,California Independent System Operator,Hydro,3373
2024-01-05T04,CISO,California Independent System Operator,Wind,1676
2024-01-05T05,CISO,California Independent System Operator,Coal,0
2024-01-05T05,CISO,California Independent System Operator,Natural Gas,13210
2024-01-05T05,CISO,California Independent System Operator,Nuclear,2255
2024-01-05T05,CISO,California Independent System Operator,Petroleum,46
2024-01-05T05,CISO,California Independent System Operator,Other,2957
2024-01-05T05,CISO,California Independent System Operator,Solar,-8
2024-01-05T05,CISO,California Independent System Operator,Hydro,3306
2024-01-05T05,CISO,California Independent System Operator,Wind,1239
2024-01-05T06,CISO,California Independent System Operator,Coal,0
2024-01-05T06,CISO,California Independent System Operator,Natural Gas,13032
2024-01-05T06,CISO,California Independent System Operator,Nuclear,2255
2024-01-05T06,CISO,California Independent System Operator,Petroleum,46
2024-01-05T06,CISO,California Independent System Operator,Other,1445
2024-01-05T06,CISO,California Independent System Operator,Solar,-29
2024-01-05T06,CISO,California Independent System Operator,Hydro,3252
2024-01-05T06,CISO,California Independent System Operator,Wind,1693
2024-01-05T07,CISO,California Independent System Operator,Coal,0
2024-01-05T07,CISO,California Independent System Operator,Natural Gas,12372
2024-01-05T07,CISO,California Independent System Operator,Nuclear,2254
2024-01-05T07,CISO,California Independent System Operator,Petroleum,46
2024-01-05T07,CISO,California Independent System Operator,Other,459
2024-01-05T07,CISO,California Independent System Operator,Solar,-29
2024-01-05T07,CISO,California Independent System Operator,Hydro,2784
2024-01-05T07,CISO,California Independent System Operator,Wind,1801
2024-01-05T08,CISO,California Independent System Operator,Coal,0
2024-01-05T08,CISO,California Independent System Operator,Natural Gas,12710
2024-01-05T08,CISO,California Independent System Operator,Nuclear,2253
2024-01-05T08,CISO,California Independent System Operator,Petroleum,46
2024-01-05T08,CISO,California Independent System Operator,Other,-52
2024-01-05T08,CISO,California Independent System Operator,Solar,-29
2024-01-05T08,CISO,California Independent System Operator,Hydro,2644
2024-01-05T08,CISO,California Independent System Operator,Wind,1172
2024-01-05T09,CISO,California Independent System Operator,Coal,0
2024-01-05T09,CISO,California Independent System Operator,Natural Gas,12675
2024-01-05T09,CISO,California Independent System Operator,Nuclear,2256
2024-01-05T09,CISO,California Independent System Operator,Petroleum,46
2024-01-05T09,CISO,California Independent System Operator,Other,-615
2024-01-05T09,CISO,California Independent System Operator,Solar,-29
2024-01-05T09,CISO,California Independent System Operator,Hydro,2274
2024-01-05T09,CISO,California Independent System Operator,Wind,1120
2024-01-05T10,CISO,California Independent System Operator,Coal,0
2024-01-05T10,CISO,California Independent System Operator,Natural Gas,11060
2024-01-05T10,CISO,California Independent System Operator,Nuclear,2256
2024-01-05T10,CISO,California Independent System Operator,Petroleum,46
2024-01-05T10,CISO,California Independent System Operator,Other,-543
2024-01-05T10,CISO,California Independent System Operator,Solar,-29
2024-01-05T10,CISO,California Independent System Operator,Hydro,1865
2024-01-05T10,CISO,California Independent System Operator,Wind,1496
2024-01-05T11,CISO,California Independent System Operator,Coal,0
2024-01-05T11,CISO,California Independent System Operator,Natural Gas,11057
2024-01-05T11,CISO,California Independent System Operator,Nuclear,2254
2024-01-05T11,CISO,California Independent System Operator,Petroleum,46
2024-01-05T11,CISO,California Independent System Operator,Other,-409
2024-01-05T11,CISO,California Independent System Operator,Solar,-29
2024-01-05T11,CISO,California Independent System Operator,Hydro,1538
2024-01-05T11,CISO,California Independent System Operator,Wind,1027
2024-01-05T12,CISO,California Independent System Operator,Coal,0
2024-01-05T12,CISO,California Independent System Operator,Natural Gas,10923
2024-01-05T12,CISO,California Independent System Operator,Nuclear,2255
2024-01-05T12,CISO,California Independent System Operator,Petroleum,46
2024-01-05T12,CISO,California Independent System Operator,Other,-344
2024-01-05T12,CISO,California Independent System Operator,Solar,-29
2024-01-05T12,CISO,California Independent System Operator,Hydro,1493
2024-01-05T12,CISO,California Independent System Operator,Wind,969
2024-01-05T13,CISO,California Independent System Operator,Coal,0
2024-01-05T13,CISO,California Independent System Operator,Natural Gas,11268
2024-01-05T13,CISO,California Independent System Operator,Nuclear,2253
2024-01-05T13,CISO,California Independent System Operator,Petroleum,46
2024-01-05T13,CISO,California Independent System Operator,Other,-472
2024-01-05T13,CISO,California Independent System Operator,Solar,-30
2024-01-05T13,CISO,California Independent System Operator,Hydro,1533
2024-01-05T13,CISO,California Independent System Operator,Wind,1159
2024-01-05T14,CISO,California Independent System Operator,Coal,0
2024-01-05T14,CISO,California Independent System Operator,Natural Gas,11253
2024-01-05T14,CISO,California Independent System Operator,Nuclear,2254
2024-01-05T14,CISO,California Independent System Operator,Petroleum,46
2024-01-05T14,CISO,California Independent System Operator,Other,-220
2024-01-05T14,CISO,California Independent System Operator,Solar,-30
2024-01-05T14,CISO,California Independent System Operator,Hydro,1583
2024-01-05T14,CISO,California Independent System Operator,Wind,1373
2024-01-05T15,CISO,California Independent System Operator,Coal,0
2024-01-05T15,CISO,California Independent System Operator,Natural Gas,11644
2024-01-05T15,CISO,California Independent System Operator,Nuclear,2255
2024-01-05T15,CISO,California Independent System Operator,Petroleum,46
2024-01-05T15,CISO,California Independent System Operator,Other,283
2024-01-05T15,CISO,California Independent System Operator,Solar,-30
2024-01-05T15,CISO,California Independent System Operator,Hydro,2105
2024-01-05T15,CISO,California Independent System Operator,Wind,1260
2024-01-05T16,CISO,California Independent System Operator,Coal,0
2024-01-05T16,CISO,California Independent System Operator,Natural Gas,12348
2024-01-05T16,CISO,California Independent System Operator,Nuclear,2255
2024-01-05T16,CISO,California Independent System Operator,Petroleum,46
2024-01-05T16,CISO,California Independent System Operator,Other,1150
2024-01-05T16,CISO,California Independent System Operator,Solar,-1
2024-01-05T16,CISO,California Independent System Operator,Hydro,2525
2024-01-05T16,CISO,California Independent System Operator,Wind,1183
2024-01-05T17,CISO,California Independent System Operator,Coal,0
2024-01-05T17,CISO,California Independent System Operator,Natural Gas,12214
2024-01-05T17,CISO,California Independent System Operator,Nuclear,2252
2024-01-05T17,CISO,California Independent System Operator,Petroleum,46
2024-01-05T17,CISO,California Independent System Operator,Other,1296
2024-01-05T17,CISO,California Independent System Operator,Solar,886
2024-01-05T17,CISO,California Independent System Operator,Hydro,2465
2024-01-05T17,CISO,California Independent System Operator,Wind,1245
2024-01-05T18,CISO,California Independent System Operator,Coal,0
2024-01-05T18,CISO,California Independent System Operator,Natural Gas,9943
2024-01-05T18,CISO,California Independent System Operator,Nuclear,2252
2024-01-05T18,CISO,California Independent System Operator,Petroleum,46
2024-01-05T18,CISO,California Independent System Operator,Other,1219
2024-01-05T18,CISO,California Independent System Operator,Solar,3769
2024-01-05T18,CISO,California Independent System Operator,Hydro,2284
2024-01-05T18,CISO,California Independent System Operator,Wind,856
2024-01-05T19,CISO,California Independent System Operator,Coal,0
2024-01-05T19,CISO,California Independent System Operator,Natural Gas,8382
2024-01-05T19,CISO,California Independent System Operator,Nuclear,2252
2024-01-05T19,CISO,California Independent System Operator,Petroleum,46
2024-01-05T19,CISO,California Independent System Operator,Other,21
2024-01-05T19,CISO,California Independent System Operator,Solar,6364
2024-01-05T19,CISO,California Independent System Operator,Hydro,1731
2024-01-05T19,CISO,California Independent System Operator,Wind,422
2024-01-05T20,CISO,California Independent System Operator,Coal,0
2024-01-05T20,CISO,California Independent System Operator,Natural Gas,8119
2024-01-05T20,CISO,California Independent System Operator,Nuclear,2253
2024-01-05T20,CISO,California Independent System Operator,Petroleum,46
2024-01-05T20,CISO,California Independent System Operator,Other,-1459
2024-01-05T20,CISO,California Independent System Operator,Solar,8969
2024-01-05T20,CISO,California Independent System Operator,Hydro,1450
2024-01-05T20,CISO,California Independent System Operator,Wind,262
2024-01-05T21,CISO,California Independent System Operator,Coal,0
2024-01-05T21,CISO,California Independent System Operator,Natural Gas,8130
2024-01-05T21,CISO,California Independent System Operator,Nuclear,2253
2024-01-05T21,CISO,California Independent System Operator,Petroleum,46
2024-01-05T21,CISO,California Independent System Operator,Other,-1622
2024-01-05T21,CISO,California Independent System Operator,Solar,8685
2024-01-05T21,CISO,California Independent System Operator,Hydro,1396
2024-01-05T21,CISO,California Independent System Operator,Wind,316
2024-01-05T22,CISO,California Independent System Operator,Coal,0
2024-01-05T22,CISO,California Independent System Operator,Natural Gas,8709
2024-01-05T22,CISO,California Independent System Operator,Nuclear,2253
2024-01-05T22,CISO,California Independent System Operator,Petroleum,46
2024-01-05T22,CISO,California Independent System Operator,Other,-2670
2024-01-05T22,CISO,California Independent System Operator,Solar,8452
2024-01-05T22,CISO,California Independent System Operator,Hydro,1247
2024-01-05T22,CISO,California Independent System Operator,Wind,342
2024-01-05T23,CISO,California Independent System Operator,Coal,0
2024-01-05T23,CISO,California Independent System Operator,Natural Gas,9060
2024-01-05T23,CISO,California Independent System Operator,Nuclear,2254
2024-01-05T23,CISO,California Independent System Operator,Petroleum,46
2024-01-05T23,CISO,California Independent System Operator,Other,-3268
2024-01-05T23,CISO,California Independent System Operator,Solar,9739
2024-01-05T23,CISO,California Independent System Operator,Hydro,1276
2024-01-05T23,CISO,California Independent System Operator,Wind,524
2024-01-06T00,CISO,California Independent System Operator,Coal,0
2024-01-06T00,CISO,California Independent System Operator,Natural Gas,8908
2024-01-06T00,CISO,California Independent System Operator,Nuclear,2254
2024-01-06T00,CISO,California Independent System Operator,Petroleum,46
2024-01-06T00,CISO,California Independent System Operator,Other,-2965
2024-01-06T00,CISO,California Independent System Operator,Solar,10499
2024-01-06T00,CISO,California Independent System Operator,Hydro,1189
2024-01-06T00,CISO,California Independent System Operator,Wind,1428
2024-01-06T01,CISO,California Independent System Operator,Coal,0
2024-01-06T01,CISO,California Independent System Operator,Natural Gas,8623
2024-01-06T01,CISO,California Independent System Operator,Nuclear,2253
2024-01-06T01,CISO,California Independent System Operator,Petroleum,46
2024-01-06T01,CISO,California Independent System Operator,Other,-1038
2024-01-06T01,CISO,California Independent System Operator,Solar,7146
2024-01-06T01,CISO,California Independent System Operator,Hydro,1422
2024-01-06T01,CISO,California Independent System Operator,Wind,2506
2024-01-06T02,CISO,California Independent System Operator,Coal,0
2024-01-06T02,CISO,California Independent System Operator,Natural Gas,11096
2024-01-06T02,CISO,California Independent System Operator,Nuclear,2253
2024-01-06T02,CISO,California Independent System Operator,Petroleum,46
2024-01-06T02,CISO,California Independent System Operator,Other,924
2024-01-06T02,CISO,California Independent System Operator,Solar,1190
2024-01-06T02,CISO,California Independent System Operator,Hydro,2691
2024-01-06T02,CISO,California Independent System Operator,Wind,2172
2024-01-06T03,CISO,California Independent System Operator,Coal,0
2024-01-06T03,CISO,California Independent System Operator,Natural Gas,12617
2024-01-06T03,CISO,California Independent System Operator,Nuclear,2255
2024-01-06T03,CISO,California Independent System Operator,Petroleum,46
2024-01-06T03,CISO,California Independent System Operator,Other,2113
2024-01-06T03,CISO,California Independent System Operator,Solar,10
2024-01-06T03,CISO,California Independent System Operator,Hydro,3340
2024-01-06T03,CISO,California Independent System Operator,Wind,1216
2024-01-06T04,CISO,California Independent System Operator,Coal,0
2024-01-06T04,CISO,California Independent System Operator,Natural Gas,12897
2024-01-06T04,CISO,California Independent System Operator,Nuclear,2258
2024-01-06T04,CISO,California Independent System Operator,Petroleum,46
2024-01-06T04,CISO,California Independent System Operator,Other,1858
2024-01-06T04,CISO,California Independent System Operator,Solar,3
2024-01-06T04,CISO,California Independent System Operator,Hydro,3788
2024-01-06T04,CISO,California Independent System Operator,Wind,1251
2024-01-06T05,CISO,California Independent System Operator,Coal,0
2024-01-06T05,CISO,California Independent System Operator,Natural Gas,12523
2024-01-06T05,CISO,California Independent System Operator,Nuclear,2256
2024-01-06T05,CISO,California Independent System Operator,Petroleum,46
2024-01-06T05,CISO,California Independent System Operator,Other,1823
2024-01-06T05,CISO,California Independent System Operator,Solar,7
2024-01-06T05,CISO,California Independent System Operator,Hydro,3583
2024-01-06T05,CISO,California Independent System Operator,Wind,1541
2024-01-06T06,CISO,California Independent System Operator,Coal,0
2024-01-06T06,CISO,California Independent System Operator,Natural Gas,12721
2024-01-06T06,CISO,California Independent System Operator,Nuclear,2256
2024-01-06T06,CISO,California Independent System Operator,Petroleum,46
2024-01-06T06,CISO,California Independent System Operator,Other,1771
2024-01-06T06,CISO,California Independent System Operator,Solar,8
2024-01-06T06,CISO,California Independent System Operator,Hydro,3035
2024-01-06T06,CISO,California Independent System Operator,Wind,879
2024-01-06T07,CISO,California Independent System Operator,Coal,0
2024-01-06T07,CISO,California Independent System Operator,Natural Gas,12936
2024-01-06T07,CISO,California Independent System Operator,Nuclear,2255
2024-01-06T07,CISO,California Independent System Operator,Petroleum,46
2024-01-06T07,CISO,California Independent System Operator,Other,1480
2024-01-06T07,CISO,California Independent System Operator,Solar,-15
2024-01-06T07,CISO,California Independent System Operator,Hydro,2579
2024-01-06T07,CISO,California Independent System Operator,Wind,731
2024-01-06T08,CISO,California Independent System Operator,Coal,0
2024-01-06T08,CISO,California Independent System Operator,Natural Gas,12805
2024-01-06T08,CISO,California Independent System Operator,Nuclear,2253
2024-01-06T08,CISO,California Independent System Operator,Petroleum,45
2024-01-06T08,CISO,California Independent System Operator,Other,791
2024-01-06T08,CISO,California Independent System Operator,Solar,-24
2024-01-06T08,CISO,California Independent System Operator,Hydro,2494
2024-01-06T08,CISO,California Independent System Operator,Wind,778
2024-01-06T09,CISO,California Independent System Operator,Coal,0
2024-01-06T09,CISO,California Independent System Operator,Natural Gas,12546
2024-01-06T09,CISO,California Independent System Operator,Nuclear,2253
2024-01-06T09,CISO,California Independent System Operator,Petroleum,46
2024-01-06T09,CISO,California Independent System Operator,Other,231
2024-01-06T09,CISO,California Independent System Operator,Solar,-28
2024-01-06T09,CISO,California Independent System Operator,Hydro,2130
2024-01-06T09,CISO,California Independent System Operator,Wind,587
2024-01-06T10,CISO,California Independent System Operator,Coal,0
2024-01-06T10,CISO,California Independent System Operator,Natural Gas,12070
2024-01-06T10,CISO,California Independent System Operator,Nuclear,2252
2024-01-06T10,CISO,California Independent System Operator,Petroleum,46
2024-01-06T10,CISO,California Independent System Operator,Other,44
2024-01-06T10,CISO,California Independent System Operator,Solar,-29
2024-01-06T10,CISO,California Independent System Operator,Hydro,1550
2024-01-06T10,CISO,California Independent System Operator,Wind,540
2024-01-06T11,CISO,California Independent System Operator,Coal,0
2024-01-06T11,CISO,California Independent System Operator,Natural Gas,11412
2024-01-06T11,CISO,California Independent System Operator,Nuclear,2252
2024-01-06T11,CISO,California Independent System Operator,Petroleum,46
2024-01-06T11,CISO,California Independent System Operator,Other,-37
2024-01-06T11,CISO,California Independent System Operator,Solar,-25
2024-01-06T11,CISO,California Independent System Operator,Hydro,1557
2024-01-06T11,CISO,California Independent System Operator,Wind,487
2024-01-06T12,CISO,California Independent System Operator,Coal,0
2024-01-06T12,CISO,California Independent System Operator,Natural Gas,10514
2024-01-06T12,CISO,California Independent System Operator,Nuclear,2252
2024-01-06T12,CISO,California Independent System Operator,Petroleum,46
2024-01-06T12,CISO,California Independent System Operator,Other,-136
2024-01-06T12,CISO,California Independent System Operator,Solar,-26
2024-01-06T12,CISO,California Independent System Operator,Hydro,1549
2024-01-06T12,CISO,California Independent System Operator,Wind,569
2024-01-06T13,CISO,California Independent System Operator,Coal,0
2024-01-06T13,CISO,California Independent System Operator,Natural Gas,10382
2024-01-06T13,CISO,California Independent System Operator,Nuclear,2253
2024-01-06T13,CISO,California Independent System Operator,Petroleum,46
2024-01-06T13,CISO,California Independent System Operator,Other,-21
2024-01-06T13,CISO,California Independent System Operator,Solar,-30
2024-01-06T13,CISO,California Independent System Operator,Hydro,1319
2024-01-06T13,CISO,California Independent System Operator,Wind,489
2024-01-06T14,CISO,California Independent System Operator,Coal,0
2024-01-06T14,CISO,California Independent System Operator,Natural Gas,10458
2024-01-06T14,CISO,California Independent System Operator,Nuclear,2253
2024-01-06T14,CISO,California Independent System Operator,Petroleum,46
2024-01-06T14,CISO,California Independent System Operator,Other,-51
2024-01-06T14,CISO,California Independent System Operator,Solar,-29
2024-01-06T14,CISO,California Independent System Operator,Hydro,1344
2024-01-06T14,CISO,California Independent System Operator,Wind,504
2024-01-06T15,CISO,California Independent System Operator,Coal,0
2024-01-06T15,CISO,California Independent System Operator,Natural Gas,10871
2024-01-06T15,CISO,California Independent System Operator,Nuclear,2254
2024-01-06T15,CISO,California Independent System Operator,Petroleum,46
2024-01-06T15,CISO,California Independent System Operator,Other,459
2024-01-06T15,CISO,California Independent System Operator,Solar,-24
2024-01-06T15,CISO,California Independent System Operator,Hydro,1498
2024-01-06T15,CISO,California Independent System Operator,Wind,456
2024-01-06T16,CISO,California Independent System Operator,Coal,0
2024-01-06T16,CISO,California Independent System Operator,Natural Gas,11140
2024-01-06T16,CISO,California Independent System Operator,Nuclear,2253
2024-01-06T16,CISO,California Independent System Operator,Petroleum,46
2024-01-06T16,CISO,California Independent System Operator,Other,1567
2024-01-06T16,CISO,California Independent System Operator,Solar,-10
2024-01-06T16,CISO,California Independent System Operator,Hydro,1544
2024-01-06T16,CISO,California Independent System Operator,Wind,323
2024-01-06T17,CISO,California Independent System Operator,Coal,0
2024-01-06T17,CISO,California Independent System Operator,Natural Gas,10780
2024-01-06T17,CISO,California Independent System Operator,Nuclear,2252
2024-01-06T17,CISO,California Independent System Operator,Petroleum,46
2024-01-06T17,CISO,California Independent System Operator,Other,572
2024-01-06T17,CISO,California Independent System Operator,Solar,1990
2024-01-06T17,CISO,California Independent System Operator,Hydro,1430
2024-01-06T17,CISO,California Independent System Operator,Wind,333
2024-01-06T18,CISO,California Independent System Operator,Coal,0
2024-01-06T18,CISO,California Independent System Operator,Natural Gas,7991
2024-01-06T18,CISO,California Independent System Operator,Nuclear,2252
2024-01-06T18,CISO,California Independent System Operator,Petroleum,46
2024-01-06T18,CISO,California Independent System Operator,Other,-367
2024-01-06T18,CISO,California Independent System Operator,Solar,7306
2024-01-06T18,CISO,California Independent System Operator,Hydro,942
2024-01-06T18,CISO,California Independent System Operator,Wind,416
2024-01-06T19,CISO,California Independent System Operator,Coal,0
2024-01-06T19,CISO,California Independent System Operator,Natural Gas,6779
2024-01-06T19,CISO,California Independent System Operator,Nuclear,2251
2024-01-06T19,CISO,California Independent System Operator,Petroleum,46
2024-01-06T19,CISO,California Independent System Operator,Other,-928
2024-01-06T19,CISO,California Independent System Operator,Solar,9518
2024-01-06T19,CISO,California Independent System Operator,Hydro,760
2024-01-06T19,CISO,California Independent System Operator,Wind,516
2024-01-06T20,CISO,California Independent System Operator,Coal,0
2024-01-06T20,CISO,California Independent System Operator,Natural Gas,7346
2024-01-06T20,CISO,California Independent System Operator,Nuclear,2249
2024-01-06T20,CISO,California Independent System Operator,Petroleum,46
2024-01-06T20,CISO,California Independent System Operator,Other,-1895
2024-01-06T20,CISO,California Independent System Operator,Solar,9723
2024-01-06T20,CISO,California Independent System Operator,Hydro,689
2024-01-06T20,CISO,California Independent System Operator,Wind,516
2024-01-06T21,CISO,California Independent System Operator,Coal,0
2024-01-06T21,CISO,California Independent System Operator,Natural Gas,7855
2024-01-06T21,CISO,California Independent System Operator,Nuclear,2250
2024-01-06T21,CISO,California Independent System Operator,Petroleum,46
2024-01-06T21,CISO,California Independent System Operator,Other,-2584
2024-01-06T21,CISO,California Independent System Operator,Solar,9589
2024-01-06T21,CISO,California Independent System Operator,Hydro,607
2024-01-06T21,CISO,California Independent System Operator,Wind,942
2024-01-06T22,CISO,California Independent System Operator,Coal,0
2024-01-06T22,CISO,California Independent System Operator,Natural Gas,7719
2024-01-06T22,CISO,California Independent System Operator,Nuclear,2251
2024-01-06T22,CISO,California Independent System Operator,Petroleum,46
2024-01-06T22,CISO,California Independent System Operator,Other,-2622
2024-01-06T22,CISO,California Independent System Operator,Solar,9061
2024-01-06T22,CISO,California Independent System Operator,Hydro,597
2024-01-06T22,CISO,California Independent System Operator,Wind,1702
2024-01-06T23,CISO,California Independent System Operator,Coal,0
2024-01-06T23,CISO,California Independent System Operator,Natural Gas,7582
2024-01-06T23,CISO,California Independent System Operator,Nuclear,2251
2024-01-06T23,CISO,California Independent System Operator,Petroleum,46
2024-01-06T23,CISO,California Independent System Operator,Other,-1863
2024-01-06T23,CISO,California Independent System Operator,Solar,7727
2024-01-06T23,CISO,California Independent System Operator,Hydro,605
2024-01-06T23,CISO,California Independent System Operator,Wind,2572
2024-01-07T00,CISO,California Independent System Operator,Coal,0
2024-01-07T00,CISO,California Independent System Operator,Natural Gas,6275
2024-01-07T00,CISO,California Independent System Operator,Nuclear,2251
2024-01-07T00,CISO,California Independent System Operator,Petroleum,46
2024-01-07T00,CISO,California Independent System Operator,Other,-154
2024-01-07T00,CISO,California Independent System Operator,Solar,5125
2024-01-07T00,CISO,California Independent System Operator,Hydro,924
2024-01-07T00,CISO,California Independent System Operator,Wind,2844
2024-01-07T01,CISO,California Independent System Operator,Coal,0
2024-01-07T01,CISO,California Independent System Operator,Natural Gas,7270
2024-01-07T01,CISO,California Independent System Operator,Nuclear,2252
2024-01-07T01,CISO,California Independent System Operator,Petroleum,46
2024-01-07T01,CISO,California Independent System Operator,Other,1004
2024-01-07T01,CISO,California Independent System Operator,Solar,2089
2024-01-07T01,CISO,California Independent System Operator,Hydro,1685
2024-01-07T01,CISO,California Independent System Operator,Wind,3021
2024-01-07T02,CISO,California Independent System Operator,Coal,0
2024-01-07T02,CISO,California Independent System Operator,Natural Gas,9095
2024-01-07T02,CISO,California Independent System Operator,Nuclear,2253
2024-01-07T02,CISO,California Independent System Operator,Petroleum,46
2024-01-07T02,CISO,California Independent System Operator,Other,1036
2024-01-07T02,CISO,California Independent System Operator,Solar,418
2024-01-07T02,CISO,California Independent System Operator,Hydro,2361
2024-01-07T02,CISO,California Independent System Operator,Wind,3264
2024-01-07T03,CISO,California Independent System Operator,Coal,0
2024-01-07T03,CISO,California Independent System Operator,Natural Gas,9684
2024-01-07T03,CISO,California Independent System Operator,Nuclear,2253
2024-01-07T03,CISO,California Independent System Operator,Petroleum,46
2024-01-07T03,CISO,California Independent System Operator,Other,1334
2024-01-07T03,CISO,California Independent System Operator,Solar,59
2024-01-07T03,CISO,California Independent System Operator,Hydro,3334
2024-01-07T03,CISO,California Independent System Operator,Wind,3409
2024-01-07T04,CISO,California Independent System Operator,Coal,0
2024-01-07T04,CISO,California Independent System Operator,Natural Gas,9912
2024-01-07T04,CISO,California Independent System Operator,Nuclear,2252
2024-01-07T04,CISO,California Independent System Operator,Petroleum,46
2024-01-07T04,CISO,California Independent System Operator,Other,1522
2024-01-07T04,CISO,California Independent System Operator,Solar,11
2024-01-07T04,CISO,California Independent System Operator,Hydro,3434
2024-01-07T04,CISO,California Independent System Operator,Wind,2979
2024-01-07T05,CISO,California Independent System Operator,Coal,0
2024-01-07T05,CISO,California Independent System Operator,Natural Gas,9854
2024-01-07T05,CISO,California Independent System Operator,Nuclear,2253
2024-01-07T05,CISO,California Independent System Operator,Petroleum,46
2024-01-07T05,CISO,California Independent System Operator,Other,1490
2024-01-07T05,CISO,California Independent System Operator,Solar,1
2024-01-07T05,CISO,California Independent System Operator,Hydro,3251
2024-01-07T05,CISO,California Independent System Operator,Wind,2874
2024-01-07T06,CISO,California Independent System Operator,Coal,0
2024-01-07T06,CISO,California Independent System Operator,Natural Gas,9674
2024-01-07T06,CISO,California Independent System Operator,Nuclear,2256
2024-01-07T06,CISO,California Independent System Operator,Petroleum,46
2024-01-07T06,CISO,California Independent System Operator,Other,1032
2024-01-07T06,CISO,California Independent System Operator,Solar,-19
2024-01-07T06,CISO,California Independent System Operator,Hydro,3141
2024-01-07T06,CISO,California Independent System Operator,Wind,3050
2024-01-07T07,CISO,California Independent System Operator,Coal,0
2024-01-07T07,CISO,California Independent System Operator,Natural Gas,9489
2024-01-07T07,CISO,California Independent System Operator,Nuclear,2257
2024-01-07T07,CISO,California Independent System Operator,Petroleum,46
2024-01-07T07,CISO,California Independent System Operator,Other,725
2024-01-07T07,CISO,California Independent System Operator,Solar,-31
2024-01-07T07,CISO,California Independent System Operator,Hydro,2724
2024-01-07T07,CISO,California Independent System Operator,Wind,3084
2024-01-07T08,CISO,California Independent System Operator,Coal,0
2024-01-07T08,CISO,California Independent System Operator,Natural Gas,9366
2024-01-07T08,CISO,California Independent System Operator,Nuclear,2256
2024-01-07T08,CISO,California Independent System Operator,Petroleum,45
2024-01-07T08,CISO,California Independent System Operator,Other,329
2024-01-07T08,CISO,California Independent System Operator,Solar,-34
2024-01-07T08,CISO,California Independent System Operator,Hydro,2626
2024-01-07T08,CISO,California Independent System Operator,Wind,2588
2024-01-07T09,CISO,California Independent System Operator,Coal,0
2024-01-07T09,CISO,California Independent System Operator,Natural Gas,9722
2024-01-07T09,CISO,California Independent System Operator,Nuclear,2256
2024-01-07T09,CISO,California Independent System Operator,Petroleum,45
2024-01-07T09,CISO,California Independent System Operator,Other,-193
2024-01-07T09,CISO,California Independent System Operator,Solar,-28
2024-01-07T09,CISO,California Independent System Operator,Hydro,2521
2024-01-07T09,CISO,California Independent System Operator,Wind,2464
2024-01-07T10,CISO,California Independent System Operator,Coal,0
2024-01-07T10,CISO,California Independent System Operator,Natural Gas,10273
2024-01-07T10,CISO,California Independent System Operator,Nuclear,2256
2024-01-07T10,CISO,California Independent System Operator,Petroleum,46
2024-01-07T10,CISO,California Independent System Operator,Other,-255
2024-01-07T10,CISO,California Independent System Operator,Solar,-29
2024-01-07T10,CISO,California Independent System Operator,Hydro,1788
2024-01-07T10,CISO,California Independent System Operator,Wind,2598
2024-01-07T11,CISO,California Independent System Operator,Coal,0
2024-01-07T11,CISO,California Independent System Operator,Natural Gas,10239
2024-01-07T11,CISO,California Independent System Operator,Nuclear,2258
2024-01-07T11,CISO,California Independent System Operator,Petroleum,46
2024-01-07T11,CISO,California Independent System Operator,Other,-256
2024-01-07T11,CISO,California Independent System Operator,Solar,-20
2024-01-07T11,CISO,California Independent System Operator,Hydro,1449
2024-01-07T11,CISO,California Independent System Operator,Wind,2469
2024-01-07T12,CISO,California Independent System Operator,Coal,0
2024-01-07T12,CISO,California Independent System Operator,Natural Gas,10314
2024-01-07T12,CISO,California Independent System Operator,Nuclear,2259
2024-01-07T12,CISO,California Independent System Operator,Petroleum,46
2024-01-07T12,CISO,California Independent System Operator,Other,-546
2024-01-07T12,CISO,California Independent System Operator,Solar,-19
2024-01-07T12,CISO,California Independent System Operator,Hydro,1442
2024-01-07T12,CISO,California Independent System Operator,Wind,2594
2024-01-07T13,CISO,California Independent System Operator,Coal,0
2024-01-07T13,CISO,California Independent System Operator,Natural Gas,9959
2024-01-07T13,CISO,California Independent System Operator,Nuclear,2259
2024-01-07T13,CISO,California Independent System Operator,Petroleum,46
2024-01-07T13,CISO,California Independent System Operator,Other,-324
2024-01-07T13,CISO,California Independent System Operator,Solar,-22
2024-01-07T13,CISO,California Independent System Operator,Hydro,1395
2024-01-07T13,CISO,California Independent System Operator,Wind,2893
2024-01-07T14,CISO,California Independent System Operator,Coal,0
2024-01-07T14,CISO,California Independent System Operator,Natural Gas,10006
2024-01-07T14,CISO,California Independent System Operator,Nuclear,2260
2024-01-07T14,CISO,California Independent System Operator,Petroleum,46
2024-01-07T14,CISO,California Independent System Operator,Other,-248
2024-01-07T14,CISO,California Independent System Operator,Solar,-32
2024-01-07T14,CISO,California Independent System Operator,Hydro,1326
2024-01-07T14,CISO,California Independent System Operator,Wind,3047
2024-01-07T15,CISO,California Independent System Operator,Coal,0
2024-01-07T15,CISO,California Independent System Operator,Natural Gas,10222
2024-01-07T15,CISO,California Independent System Operator,Nuclear,2262
2024-01-07T15,CISO,California Independent System Operator,Petroleum,46
2024-01-07T15,CISO,California Independent System Operator,Other,263
2024-01-07T15,CISO,California Independent System Operator,Solar,-27
2024-01-07T15,CISO,California Independent System Operator,Hydro,1353
2024-01-07T15,CISO,California Independent System Operator,Wind,2922
2024-01-07T16,CISO,California Independent System Operator,Coal,0
2024-01-07T16,CISO,California Independent System Operator,Natural Gas,10599
2024-01-07T16,CISO,California Independent System Operator,Nuclear,2261
2024-01-07T16,CISO,California Independent System Operator,Petroleum,46
2024-01-07T16,CISO,California Independent System Operator,Other,871
2024-01-07T16,CISO,California Independent System Operator,Solar,-32
2024-01-07T16,CISO,California Independent System Operator,Hydro,1401
2024-01-07T16,CISO,California Independent System Operator,Wind,3037
2024-01-07T17,CISO,California Independent System Operator,Coal,0
2024-01-07T17,CISO,California Independent System Operator,Natural Gas,10525
2024-01-07T17,CISO,California Independent System Operator,Nuclear,2261
2024-01-07T17,CISO,California Independent System Operator,Petroleum,46
2024-01-07T17,CISO,California Independent System Operator,Other,305
2024-01-07T17,CISO,California Independent System Operator,Solar,975
2024-01-07T17,CISO,California Independent System Operator,Hydro,1430
2024-01-07T17,CISO,California Independent System Operator,Wind,3355
2024-01-07T18,CISO,California Independent System Operator,Coal,0
2024-01-07T18,CISO,California Independent System Operator,Natural Gas,7445
2024-01-07T18,CISO,California Independent System Operator,Nuclear,2263
2024-01-07T18,CISO,California Independent System Operator,Petroleum,46
2024-01-07T18,CISO,California Independent System Operator,Other,-37
2024-01-07T18,CISO,California Independent System Operator,Solar,6073
2024-01-07T18,CISO,California Independent System Operator,Hydro,1242
2024-01-07T18,CISO,California Independent System Operator,Wind,3460
2024-01-07T19,CISO,California Independent System Operator,Coal,0
2024-01-07T19,CISO,California Independent System Operator,Natural Gas,6587
2024-01-07T19,CISO,California Independent System Operator,Nuclear,2263
2024-01-07T19,CISO,California Independent System Operator,Petroleum,46
2024-01-07T19,CISO,California Independent System Operator,Other,-1185
2024-01-07T19,CISO,California Independent System Operator,Solar,9955
2024-01-07T19,CISO,California Independent System Operator,Hydro,882
2024-01-07T19,CISO,California Independent System Operator,Wind,3478
2024-01-07T20,CISO,California Independent System Operator,Coal,0
2024-01-07T20,CISO,California Independent System Operator,Natural Gas,7329
2024-01-07T20,CISO,California Independent System Operator,Nuclear,2262
2024-01-07T20,CISO,California Independent System Operator,Petroleum,46
2024-01-07T20,CISO,California Independent System Operator,Other,-1946
2024-01-07T20,CISO,California Independent System Operator,Solar,10632
2024-01-07T20,CISO,California Independent System Operator,Hydro,694
2024-01-07T20,CISO,California Independent System Operator,Wind,3567
2024-01-07T21,CISO,California Independent System Operator,Coal,0
2024-01-07T21,CISO,California Independent System Operator,Natural Gas,9115
2024-01-07T21,CISO,California Independent System Operator,Nuclear,2262
2024-01-07T21,CISO,California Independent System Operator,Petroleum,46
2024-01-07T21,CISO,California Independent System Operator,Other,-3578
2024-01-07T21,CISO,California Independent System Operator,Solar,10737
2024-01-07T21,CISO,California Independent System Operator,Hydro,150
2024-01-07T21,CISO,California Independent System Operator,Wind,3763
2024-01-07T22,CISO,California Independent System Operator,Coal,0
2024-01-07T22,CISO,California Independent System Operator,Natural Gas,9507
2024-01-07T22,CISO,California Independent System Operator,Nuclear,2263
2024-01-07T22,CISO,California Independent System Operator,Petroleum,46
2024-01-07T22,CISO,California Independent System Operator,Other,-4206
2024-01-07T22,CISO,California Independent System Operator,Solar,11381
2024-01-07T22,CISO,California Independent System Operator,Hydro,123
2024-01-07T22,CISO,California Independent System Operator,Wind,3677
2024-01-07T23,CISO,California Independent System Operator,Coal,0
2024-01-07T23,CISO,California Independent System Operator,Natural Gas,9716
2024-01-07T23,CISO,California Independent System Operator,Nuclear,2262
2024-01-07T23,CISO,California Independent System Operator,Petroleum,46
2024-01-07T23,CISO,California Independent System Operator,Other,-4340
2024-01-07T23,CISO,California Independent System Operator,Solar,11777
2024-01-07T23,CISO,California Independent System Operator,Hydro,127
2024-01-07T23,CISO,California Independent System Operator,Wind,3632
2024-01-01T00,ERCO,"Electric Reliability Council of Texas, Inc.",Coal,8353
2024-01-01T00,ERCO,"Electric Reliability Council of Texas, Inc.",Natural Gas,18497
2024-01-01T00,ERCO,"Electric Reliability Council of Texas, Inc.",Nuclear,5115
2024-01-01T00,ERCO,"Electric Reliability Council of Texas, Inc.",Other,386
2024-01-01T00,ERCO,"Electric Reliability Council of Texas, Inc.",Solar,1056
2024-01-01T00,ERCO,"Electric Reliability Council of Texas, Inc.",Hydro,18
2024-01-01T00,ERCO,"Electric Reliability Council of Texas, Inc.",Wind,10946
2024-01-01T01,ERCO,"Electric Reliability Council of Texas, Inc.",Coal,8408
2024-01-01T01,ERCO,"Electric Reliability Council of Texas, Inc.",Natural Gas,17820
2024-01-01T01,ERCO,"Electric Reliability Council of Texas, Inc.",Nuclear,5115
2024-01-01T01,ERCO,"Electric Reliability Council of Texas, Inc.",Other,136
2024-01-01T01,ERCO,"Electric Reliability Council of Texas, Inc.",Solar,0
2024-01-01T01,ERCO,"Electric Reliability Council of Texas, Inc.",Hydro,17
2024-01-01T01,ERCO,"Electric Reliability Council of Texas, Inc.",Wind,14309
2024-01-01T02,ERCO,"Electric Reliability Council of Texas, Inc.",Coal,6494
2024-01-01T02,ERCO,"Electric Reliability Council of Texas, Inc.",Natural Gas,15904
2024-01-01T02,ERCO,"Electric Reliability Council of Texas, Inc.",Nuclear,5115
2024-01-01T02,ERCO,"Electric Reliability Council of Texas, Inc.",Other,167
2024-01-01T02,ERCO,"Electric Reliability Council of Texas, Inc.",Solar,0
2024-01-01T02,ERCO,"Electric Reliability Council of Texas, Inc.",Hydro,42
2024-01-01T02,ERCO,"Electric Reliability Council of Texas, Inc.",Wind,17164
2024-01-01T03,ERCO,"Electric Reliability Council of Texas, Inc.",Coal,6011
2024-01-01T03,ERCO,"Electric Reliability Council of Texas, Inc.",Natural Gas,14431
2024-01-01T03,ERCO,"Electric Reliability Council of Texas, Inc.",Nuclear,5115
2024-01-01T03,ERCO,"Electric Reliability Council of Texas, Inc.",Other,136
2024-01-01T03,ERCO,"Electric Reliability Council of Texas, Inc.",Solar,0
2024-01-01T03,ERCO,"Electric Reliability Council of Texas, Inc.",Hydro,17
2024-01-01T03,ERCO,"Electric Reliability Council of Texas, Inc.",Wind,18303
2024-01-01T04,ERCO,"Electric Reliability Council of Texas, Inc.",Coal,5989
2024-01-01T04,ERCO,"Electric Reliability Council of Texas, Inc.",Natural Gas,13481
2024-01-01T04,ERCO,"Electric Reliability Council of Texas, Inc.",Nuclear,5115
2024-01-01T04,ERCO,"Electric Reliability Council of Texas, Inc.",Other,88
2024-01-01T04,ERCO,"Electric Reliability Council of Texas, Inc.",Solar,0
2024-01-01T04,ERCO,"Electric Reliability Council of Texas, Inc.",Hydro,0
2024-01-01T04,ERCO,"Electric Reliability Council of Texas, Inc.",Wind,18607
2024-01-01T05,ERCO,"Electric Reliability Council of Texas, Inc.",Coal,5997
2024-01-01T05,ERCO,"Electric Reliability Council of Texas, Inc.",Natural Gas,13321
2024-01-01T05,ERCO,"Electric Reliability Council of Texas, Inc.",Nuclear,5115
2024-01-01T05,ERCO,"Electric Reliability Council of Texas, Inc.",Other,88
2024-01-01T05,ERCO,"Electric Reliability Council of Texas, Inc.",Solar,0
2024-01-01T05,ERCO,"Electric Reliability Council of Texas, Inc.",Hydro,0
2024-01-01T05,ERCO,"Electric Reliability Council of Texas, Inc.",Wind,17863
2024-01-01T06,ERCO,"Electric Reliability Council of Texas, Inc.",Coal,5998
2024-01-01T06,ERCO,"Electric Reliability Council of Texas, Inc.",Natural Gas,14692
2024-01-01T06,ERCO,"Electric Reliability Council of Texas, Inc.",Nuclear,5115
2024-01-01T06,ERCO,"Electric Reliability Council of Texas, Inc.",Other,81
2024-01-01T06,ERCO,"Electric Reliability Council of Texas, Inc.",Solar,0
2024-01-01T06,ERCO,"Electric Reliability Council of Texas, Inc.",Hydro,0
2024-01-01T06,ERCO,"Electric Reliability Council of Texas, Inc.",Wind,15867
2024-01-01T07,ERCO,"Electric Reliability Council of Texas, Inc.",Coal,5948
2024-01-01T07,ERCO,"Electric Reliability Council of Texas, Inc.",Natural Gas,15679
2024-01-01T07,ERCO,"Electric Reliability Council of Texas, Inc.",Nuclear,5115
2024-01-01T07,ERCO,"Electric Reliability Council of Texas, Inc.",Other,24
2024-01-01T07,ERCO,"Electric Reliability Council of Texas, Inc.",Solar,0
2024-01-01T07,ERCO,"Electric Reliability Council of Texas, Inc.",Hydro,0
2024-01-01T07,ERCO,"Electric Reliability Council of Texas, Inc.",Wind,14824
2024-01-01T08,ERCO,"Electric Reliability Council of Texas, Inc.",Coal,5940
2024-01-01T08,ERCO,"Electric Reliability Council of Texas, Inc.",Natural Gas,16695
2024-01-01T08,ERCO,"Electric Reliability Council of Texas, Inc.",Nuclear,5115
2024-01-01T08,ERCO,"Electric Reliability Council of Texas, Inc.",Other,31
2024-01-01T08,ERCO,"Electric Reliability Council of Texas, Inc.",Solar,0
2024-01-01T08,ERCO,"Electric Reliability Council of Texas, Inc.",Hydro,1
2024-01-01T08,ERCO,"Electric Reliability Council of Texas, Inc.",Wind,13891
2024-01-01T09,ERCO,"Electric Reliability Council of Texas, Inc.",Coal,6023
2024-01-01T09,ERCO,"Electric Reliability Council of Texas, Inc.",Natural Gas,17419
2024-01-01T09,ERCO,"Electric Reliability Council of Texas, Inc.",Nuclear,5115
2024-01-01T09,ERCO,"Electric Reliability Council of Texas, Inc.",Other,23
2024-01-01T09,ERCO,"Electric Reliability Council of Texas, Inc.",Solar,0
2024-01-01T09,ERCO,"Electric Reliability Council of Texas, Inc.",Hydro,18
2024-01-01T09,ERCO,"Electric Reliability Council of Texas, Inc.",Wind,12971
2024-01-01T10,ERCO,"Electric Reliability Council of Texas, Inc.",Coal,6332
2024-01-01T10,ERCO,"Electric Reliability Council of Texas, Inc.",Natural Gas,18082
2024-01-01T10,ERCO,"Electric Reliability Council of Texas, Inc.",Nuclear,5115
2024-01-01T10,ERCO,"Electric Reliability Council of Texas, Inc.",Other,35
2024-01-01T10,ERCO,"Electric Reliability Council of Texas, Inc.",Solar,0
2024-01-01T10,ERCO,"Electric Reliability Council of Texas, Inc.",Hydro,0
2024-01-01T10,ERCO,"Electric Reliability Council of Texas, Inc.",Wind,11973
2024-01-01T11,ERCO,"Electric Reliability Council of Texas, Inc.",Coal,7186
2024-01-01T11,ERCO,"Electric Reliability Council of Texas, Inc.",Natural Gas,19067
2024-01-01T11,ERCO,"Electric Reliability Council of Texas, Inc.",Nuclear,5115
2024-01-01T11,ERCO,"Electric Reliability Council of Texas, Inc.",Other,63
2024-01-01T11,ERCO,"Electric Reliability Council of Texas, Inc.",Solar,0
2024-01-01T11,ERCO,"Electric Reliability Council of Texas, Inc.",Hydro,0
2024-01-01T11,ERCO,"Electric Reliability Council of Texas, Inc.",Wind,10797
2024-01-01T12,ERCO,"Electric Reliability Council of Texas, Inc.",Coal,9027
2024-01-01T12,ERCO,"Electric Reliability Council of Texas, Inc.",Natural Gas,20331
2024-01-01T12,ERCO,"Electric Reliability Council of Texas, Inc.",Nuclear,5115
2024-01-01T12,ERCO,"Electric Reliability Council of Texas, Inc.",Other,54
2024-01-01T12,ERCO,"Electric Reliability Council of Texas, Inc.",Solar,0
2024-01-01T12,ERCO,"Electric Reliability Council of Texas, Inc.",Hydro,0
2024-01-01T12,ERCO,"Electric Reliability Council of Texas, Inc.",Wind,8717
2024-01-01T13,ERCO,"Electric Reliability Council of Texas, Inc.",Coal,10531
2024-01-01T13,ERCO,"Electric Reliability Council of Texas, Inc.",Natural Gas,22051
2024-01-01T13,ERCO,"Electric Reliability Council of Texas, Inc.",Nuclear,5115
2024-01-01T13,ERCO,"Electric Reliability Council of Texas, Inc.",Other,121
2024-01-01T13,ERCO,"Electric Reliability Council of Texas, Inc.",Solar,0
2024-01-01T13,ERCO,"Electric Reliability Council of Texas, Inc.",Hydro,18
2024-01-01T13,ERCO,"Electric Reliability Council of Texas, Inc.",Wind,6653
2024-01-01T14,ERCO,"Electric Reliability Council of Texas, Inc.",Coal,11326
2024-01-01T14,ERCO,"Electric Reliability Council of Texas, Inc.",Natural Gas,22747
2024-01-01T14,ERCO,"Electric Reliability Council of Texas, Inc.",Nuclear,5115
2024-01-01T14,ERCO,"Electric Reliability Council of Texas, Inc.",Other,480
2024-01-01T14,ERCO,"Electric Reliability Council of Texas, Inc.",Solar,86
2024-01-01T14,ERCO,"Electric Reliability Council of Texas, Inc.",Hydro,18
2024-01-01T14,ERCO,"Electric Reliability Council of Texas, Inc.",Wind,5163
2024-01-01T15,ERCO,"Electric Reliability Council of Texas, Inc.",Coal,11257
2024-01-01T15,ERCO,"Electric Reliability Council of Texas, Inc.",Natural Gas,22867
2024-01-01T15,ERCO,"Electric Reliability Council of Texas, Inc.",Nuclear,5115
2024-01-01T15,ERCO,"Electric Reliability Council of Texas, Inc.",Other,349
2024-01-01T15,ERCO,"Electric Reliability Council of Texas, Inc.",Solar,3034
2024-01-01T15,ERCO,"Electric Reliability Council of Texas, Inc.",Hydro,18
2024-01-01T15,ERCO,"Electric Reliability Council of Texas, Inc.",Wind,3313
2024-01-01T16,ERCO,"Electric Reliability Council of Texas, Inc.",Coal,9886
2024-01-01T16,ERCO,"Electric Reliability Council of Texas, Inc.",Natural Gas,21427
2024-01-01T16,ERCO,"Electric Reliability Council of Texas, Inc.",Nuclear,5115
2024-01-01T16,ERCO,"Electric Reliability Council of Texas, Inc.",Other,68
2024-01-01T16,ERCO,"Electric Reliability Council of Texas, Inc.",Solar,7922
2024-01-01T16,ERCO,"Electric Reliability Council of Texas, Inc.",Hydro,17
2024-01-01T16,ERCO,"Electric Reliability Council of Texas, Inc.",Wind,2015
2024-01-01T17,ERCO,"Electric Reliability Council of Texas, Inc.",Coal,9996
2024-01-01T17,ERCO,"Electric Reliability Council of Texas, Inc.",Natural Gas,20549
2024-01-01T17,ERCO,"Electric Reliability Council of Texas, Inc.",Nuclear,5115
2024-01-01T17,ERCO,"Electric Reliability Council of Texas, Inc.",Other,11
2024-01-01T17,ERCO,"Electric Reliability Council of Texas, Inc.",Solar,9500
2024-01-01T17,ERCO,"Electric Reliability Council of Texas, Inc.",Hydro,0
2024-01-01T17,ERCO,"Electric Reliability Council of Texas, Inc.",Wind,1540
2024-01-01T18,ERCO,"Electric Reliability Council of Texas, Inc.",Coal,9021
2024-01-01T18,ERCO,"Electric Reliability Council of Texas, Inc.",Natural Gas,20261
2024-01-01T18,ERCO,"Electric Reliability Council of Texas, Inc.",Nuclear,5115
2024-01-01T18,ERCO,"Electric Reliability Council of Texas, Inc.",Other,38
2024-01-01T18,ERCO,"Electric Reliability Council of Texas, Inc.",Solar,10138
2024-01-01T18,ERCO,"Electric Reliability Council of Texas, Inc.",Hydro,0
2024-01-01T18,ERCO,"Electric Reliability Council of Texas, Inc.",Wind,1802
2024-01-01T19,ERCO,"Electric Reliability Council of Texas, Inc.",Coal,8114
2024-01-01T19,ERCO,"Electric Reliability Council of Texas, Inc.",Natural Gas,19964
2024-01-01T19,ERCO,"Electric Reliability Council of Texas, Inc.",Nuclear,5115
2024-01-01T19,ERCO,"Electric Reliability Council of Texas, Inc.",Other,23
2024-01-01T19,ERCO,"Electric Reliability Council of Texas, Inc.",Solar,10430
2024-01-01T19,ERCO,"Electric Reliability Council of Texas, Inc.",Hydro,0
2024-01-01T19,ERCO,"Electric Reliability Council of Texas, Inc.",Wind,2003
2024-01-01T20,ERCO,"Electric Reliability Council of Texas, Inc.",Coal,7051
2024-01-01T20,ERCO,"Electric Reliability Council of Texas, Inc.",Natural Gas,19506
2024-01-01T20,ERCO,"Electric Reliability Council of Texas, Inc.",Nuclear,5114
2024-01-01T20,ERCO,"Electric Reliability Council of Texas, Inc.",Other,34
2024-01-01T20,ERCO,"Electric Reliability Council of Texas, Inc.",Solar,10832
2024-01-01T20,ERCO,"Electric Reliability Council of Texas, Inc.",Hydro,0
2024-01-01T20,ERCO,"Electric Reliability Council of Texas, Inc.",Wind,2057
2024-01-01T21,ERCO,"Electric Reliability Council of Texas, Inc.",Coal,6504
2024-01-01T21,ERCO,"Electric Reliability Council of Texas, Inc.",Natural Gas,19035
2024-01-01T21,ERCO,"Electric Reliability Council of Texas, Inc.",Nuclear,5115
2024-01-01T21,ERCO,"Electric Reliability Council of Texas, Inc.",Other,55
2024-01-01T21,ERCO,"Electric Reliability Council of Texas, Inc.",Solar,11223
2024-01-01T21,ERCO,"Electric Reliability Council of Texas, Inc.",Hydro,1
2024-01-01T21,ERCO,"Electric Reliability Council of Texas, Inc.",Wind,2199
2024-01-01T22,ERCO,"Electric Reliability Council of Texas, Inc.",Coal,6066
2024-01-01T22,ERCO,"Electric Reliability Council of Texas, Inc.",Natural Gas,18813
2024-01-01T22,ERCO,"Electric Reliability Council of Texas, Inc.",Nuclear,5115
2024-01-01T22,ERCO,"Electric Reliability Council of Texas, Inc.",Other,53
2024-01-01T22,ERCO,"Electric Reliability Council of Texas, Inc.",Solar,11239
2024-01-01T22,ERCO,"Electric Reliability Council of Texas, Inc.",Hydro,0
2024-01-01T22,ERCO,"Electric Reliability Council of Texas, Inc.",Wind,2718
2024-01-01T23,ERCO,"Electric Reliability Council of Texas, Inc.",Coal,7622
2024-01-01T23,ERCO,"Electric Reliability Council of Texas, Inc.",Natural Gas,20710
2024-01-01T23,ERCO,"Electric Reliability Council of Texas, Inc.",Nuclear,5115
2024-01-01T23,ERCO,"Electric Reliability Council of Texas, Inc.",Other,188
2024-01-01T23,ERCO,"Electric Reliability Council of Texas, Inc.",Solar,7278
2024-01-01T23,ERCO,"Electric Reliability Council of Texas, Inc.",Hydro,18
2024-01-01T23,ERCO,"Electric Reliability Council of Texas, Inc.",Wind,3393
2024-01-02T00,ERCO,"Electric Reliability Council of Texas, Inc.",Coal,10990
2024-01-02T00,ERCO,"Electric Reliability Council of Texas, Inc.",Natural Gas,23731
2024-01-02T00,ERCO,"Electric Reliability Council of Texas, Inc.",Nuclear,5115
2024-01-02T00,ERCO,"Electric Reliability Council of Texas, Inc.",Other,660
2024-01-02T00,ERCO,"Electric Reliability Council of Texas, Inc.",Solar,921
2024-01-02T00,ERCO,"Electric Reliability Council of Texas, Inc.",Hydro,18
2024-01-02T00,ERCO,"Electric Reliability Council of Texas, Inc.",Wind,5080
2024-01-02T01,ERCO,"Electric Reliability Council of Texas, Inc.",Coal,11633
2024-01-02T01,ERCO,"Electric Reliability Council of Texas, Inc.",Natural Gas,24797
2024-01-02T01,ERCO,"Electric Reliability Council of Texas, Inc.",Nuclear,5115
2024-01-02T01,ERCO,"Electric Reliability Council of Texas, Inc.",Other,411
2024-01-02T01,ERCO,"Electric Reliability Council of Texas, Inc.",Solar,0
2024-01-02T01,ERCO,"Electric Reliability Council of Texas, Inc.",Hydro,18
2024-01-02T01,ERCO,"Electric Reliability Council of Texas, Inc.",Wind,6691
2024-01-02T02,ERCO,"Electric Reliability Council of Texas, Inc.",Coal,11608
2024-01-02T02,ERCO,"Electric Reliability Council of Texas, Inc.",Natural Gas,24672
2024-01-02T02,ERCO,"Electric Reliability Council of Texas, Inc.",Nuclear,5115
2024-01-02T02,ERCO,"Electric Reliability Council of Texas, Inc.",Other,267
2024-01-02T02,ERCO,"Electric Reliability Council of Texas, Inc.",Solar,0
2024-01-02T02,ERCO,"Electric Reliability Council of Texas, Inc.",Hydro,42
2024-01-02T02,ERCO,"Electric Reliability Council of Texas, Inc.",Wind,7502
2024-01-02T03,ERCO,"Electric Reliability Council of Texas, Inc.",Coal,11262
2024-01-02T03,ERCO,"Electric Reliability Council of Texas, Inc.",Natural Gas,24863
2024-01-02T03,ERCO,"Electric Reliability Council of Texas, Inc.",Nuclear,5115
2024-01-02T03,ERCO,"Electric Reliability Council of Texas, Inc.",Other,180
2024-01-02T03,ERCO,"Electric Reliability Council of Texas, Inc.",Solar,0
2024-01-02T03,ERCO,"Electric Reliability Council of Texas, Inc.",Hydro,18
2024-01-02T03,ERCO,"Electric Reliability Council of Texas, Inc.",Wind,7943
2024-01-02T04,ERCO,"Electric Reliability Council of Texas, Inc.",Coal,11134
2024-01-02T04,ERCO,"Electric Reliability Council of Texas, Inc.",Natural Gas,24462
2024-01-02T04,ERCO,"Electric Reliability Council of Texas, Inc.",Nuclear,5118
2024-01-02T04,ERCO,"Electric Reliability Council of Texas, Inc.",Other,60
2024-01-02T04,ERCO,"Electric Reliability Council of Texas, Inc.",Solar,0
2024-01-02T04,ERCO,"Electric Reliability Council of Texas, Inc.",Hydro,3
2024-01-02T04,ERCO,"Electric Reliability Council of Texas, Inc.",Wind,8101
2024-01-02T05,ERCO,"Electric Reliability Council of Texas, Inc.",Coal,10713
2024-01-02T05,ERCO,"Electric Reliability Council of Texas, Inc.",Natural Gas,23619
2024-01-02T05,ERCO,"Electric Reliability Council of Texas, Inc.",Nuclear,5121
2024-01-02T05,ERCO,"Electric Reliability Council of Texas, Inc.",Other,12
2024-01-02T05,ERCO,"Electric Reliability Council of Texas, Inc.",Solar,0
2024-01-02T05,ERCO,"Electric Reliability Council of Texas, Inc.",Hydro,0
2024-01-02T05,ERCO,"Electric Reliability Council of Texas, Inc.",Wind,8526
2024-01-02T06,ERCO,"Electric Reliability Council of Texas, Inc.",Coal,9999
2024-01-02T06,ERCO,"Electric Reliability Council of Texas, Inc.",Natural Gas,22578
2024-01-02T06,ERCO,"Electric Reliability Council of Texas, Inc.",Nuclear,5121
2024-01-02T06,ERCO,"Electric Reliability Council of Texas, Inc.",Other,11
2024-01-02T06,ERCO,"Electric Reliability Council of Texas, Inc.",Solar,0
2024-01-02T06,ERCO,"Electric Reliability Council of Texas, Inc.",Hydro,0
2024-01-02T06,ERCO,"Electric Reliability Council of Texas, Inc.",Wind,9082
2024-01-02T07,ERCO,"Electric Reliability Council of Texas, Inc.",Coal,9096
2024-01-02T07,ERCO,"Electric Reliability Council of Texas, Inc.",Natural Gas,22476
2024-01-02T07,ERCO,"Electric Reliability Council of Texas, Inc.",Nuclear,5121
2024-01-02T07,ERCO,"Electric Reliability Council of Texas, Inc.",Other,21
2024-01-02T07,ERCO,"Electric Reliability Council of Texas, Inc.",Solar,0
2024-01-02T07,ERCO,"Electric Reliability Council of Texas, Inc.",Hydro,0
2024-01-02T07,ERCO,"Electric Reliability Council of Texas, Inc.",Wind,9179
2024-01-02T08,ERCO,"Electric Reliability Council of Texas, Inc.",Coal,8709
2024-01-02T08,ERCO,"Electric Reliability Council of Texas, Inc.",Natural Gas,22574
2024-01-02T08,ERCO,"Electric Reliability Council of Texas, Inc.",Nuclear,5118
2024-01-02T08,ERCO,"Electric Reliability Council of Texas, Inc.",Other,35
2024-01-02T08,ERCO,"Electric Reliability Council of Texas, Inc.",Solar,0
2024-01-02T08,ERCO,"Electric Reliability Council of Texas, Inc.",Hydro,1
2024-01-02T08,ERCO,"Electric Reliability Council of Texas, Inc.",Wind,9056
2024-01-02T09,ERCO,"Electric Reliability Council of Texas, Inc.",Coal,8238
2024-01-02T09,ERCO,"Electric Reliability Council of Texas, Inc.",Natural Gas,22751
2024-01-02T09,ERCO,"Electric Reliability Council of Texas, Inc.",Nuclear,5116
2024-01-02T09,ERCO,"Electric Reliability Council of Texas, Inc.",Other,18
2024-01-02T09,ERCO,"Electric Reliability Council of Texas, Inc.",Solar,0
2024-01-02T09,ERCO,"Electric Reliability Council of Texas, Inc.",Hydro,17
2024-01-02T09,ERCO,"Electric Reliability Council of Texas, Inc.",Wind,9293
2024-01-02T10,ERCO,"Electric Reliability Council of Texas, Inc.",Coal,7084
2024-01-02T10,ERCO,"Electric Reliability Council of Texas, Inc.",Natural Gas,23214
2024-01-02T10,ERCO,"Electric Reliability Council of Texas, Inc.",Nuclear,5116
2024-01-02T10,ERCO,"Electric Reliability Council of Texas, Inc.",Other,25
2024-01-02T10,ERCO,"Electric Reliability Council of Texas, Inc.",Solar,0
2024-01-02T10,ERCO,"Electric Reliability Council of Texas, Inc.",Hydro,0
2024-01-02T10,ERCO,"Electric Reliability Council of Texas, Inc.",Wind,10147
2024-01-02T11,ERCO,"Electric Reliability Council of Texas, Inc.",Coal,6817
2024-01-02T11,ERCO,"Electric Reliability Council of Texas, Inc.",Natural Gas,24171
2024-01-02T11,ERCO,"Electric Reliability Council of Texas, Inc.",Nuclear,5116
2024-01-02T11,ERCO,"Electric Reliability Council of Texas, Inc.",Other,27
2024-01-02T11,ERCO,"Electric Reliability Council of Texas, Inc.",Solar,0
2024-01-02T11,ERCO,"Electric Reliability Council of Texas, Inc.",Hydro,0
2024-01-02T11,ERCO,"Electric Reliability Council of Texas, Inc.",Wind,10512
2024-01-02T12,ERCO,"Electric Reliability Council of Texas, Inc.",Coal,8020
2024-01-02T12,ERCO,"Electric Reliability Council of Texas, Inc.",Natural Gas,25497
2024-01-02T12,ERCO,"Electric Reliability Council of Texas, Inc.",Nuclear,5116
2024-01-02T12,ERCO,"Electric Reliability Council of Texas, Inc.",Other,120
2024-01-02T12,ERCO,"Electric Reliability Council of Texas, Inc.",Solar,0
2024-01-02T12,ERCO,"Electric Reliability Council of Texas, Inc.",Hydro,0
2024-01-02T12,ERCO,"Electric Reliability Council of Texas, Inc.",Wind,10211
2024-01-02T13,ERCO,"Electric Reliability Council of Texas, Inc.",Coal,10307
2024-01-02T13,ERCO,"Electric Reliability Council of Texas, Inc.",Natural Gas,27730
2024-01-02T13,ERCO,"Electric Reliability Council of Texas, Inc.",Nuclear,5116
2024-01-02T13,ERCO,"Electric Reliability Council of Texas, Inc.",Other,464
2024-01-02T13,ERCO,"Electric Reliability Council of Texas, Inc.",Solar,0
2024-01-02T13,ERCO,"Electric Reliability Council of Texas, Inc.",Hydro,0
2024-01-02T13,ERCO,"Electric Reliability Council of Texas, Inc.",Wind,8011
2024-01-02T14,ERCO,"Electric Reliability Council of Texas, Inc.",Coal,11237
2024-01-02T14,ERCO,"Electric Reliability Council of Texas, Inc.",Natural Gas,29829
2024-01-02T14,ERCO,"Electric Reliability Council of Texas, Inc.",Nuclear,5116
2024-01-02T14,ERCO,"Electric Reliability Council of Texas, Inc.",Other,775
2024-01-02T14,ERCO,"Electric Reliability Council of Texas, Inc.",Solar,145
2024-01-02T14,ERCO,"Electric Reliability Council of Texas, Inc.",Hydro,19
2024-01-02T14,ERCO,"Electric Reliability Council of Texas, Inc.",Wind,5993
2024-01-02T15,ERCO,"Electric Reliability Council of Texas, Inc.",Coal,11012
2024-01-02T15,ERCO,"Electric Reliability Council of Texas, Inc.",Natural Gas,30215
2024-01-02T15,ERCO,"Electric Reliability Council of Texas, Inc.",Nuclear,5117
2024-01-02T15,ERCO,"Electric Reliability Council of Texas, Inc.",Other,314
2024-01-02T15,ERCO,"Electric Reliability Council of Texas, Inc.",Solar,2144
2024-01-02T15,ERCO,"Electric Reliability Council of Texas, Inc.",Hydro,21
2024-01-02T15,ERCO,"Electric Reliability Council of Texas, Inc.",Wind,4686
2024-01-02T16,ERCO,"Electric Reliability Council of Texas, Inc.",Coal,11196
2024-01-02T16,ERCO,"Electric Reliability Council of Texas, Inc.",Natural Gas,29917
2024-01-02T16,ERCO,"Electric Reliability Council of Texas, Inc.",Nuclear,5116
2024-01-02T16,ERCO,"Electric Reliability Council of Texas, Inc.",Other,157
2024-01-02T16,ERCO,"Electric Reliability Council of Texas, Inc.",Solar,4240
2024-01-02T16,ERCO,"Electric Reliability Council of Texas, Inc.",Hydro,21
2024-01-02T16,ERCO,"Electric Reliability Council of Texas, Inc.",Wind,3369
2024-01-02T17,ERCO,"Electric Reliability Council of Texas, Inc.",Coal,11246
2024-01-02T17,ERCO,"Electric Reliability Council of Texas, Inc.",Natural Gas,28710
2024-01-02T17,ERCO,"Electric Reliability Council of Texas, Inc.",Nuclear,5116
2024-01-02T17,ERCO,"Electric Reliability Council of Texas, Inc.",Other,78
2024-01-02T17,ERCO,"Electric Reliability Council of Texas, Inc.",Solar,5032
2024-01-02T17,ERCO,"Electric Reliability Council of Texas, Inc.",Hydro,0
2024-01-02T17,ERCO,"Electric Reliability Council of Texas, Inc.",Wind,3077
2024-01-02T18,ERCO,"Electric Reliability Council of Texas, Inc.",Coal,10829
2024-01-02T18,ERCO,"Electric Reliability Council of Texas, Inc.",Natural Gas,27044
2024-01-02T18,ERCO,"Electric Reliability Council of Texas, Inc.",Nuclear,5116
2024-01-02T18,ERCO,"Electric Reliability Council of Texas, Inc.",Other,17
2024-01-02T18,ERCO,"Electric Reliability Council of Texas, Inc.",Solar,5947
2024-01-02T18,ERCO,"Electric Reliability Council of Texas, Inc.",Hydro,0
2024-01-02T18,ERCO,"Electric Reliability Council of Texas, Inc.",Wind,3359
2024-01-02T19,ERCO,"Electric Reliability Council of Texas, Inc.",Coal,9889
2024-01-02T19,ERCO,"Electric Reliability Council of Texas, Inc.",Natural Gas,26517
2024-01-02T19,ERCO,"Electric Reliability Council of Texas, Inc.",Nuclear,5116
2024-01-02T19,ERCO,"Electric Reliability Council of Texas, Inc.",Other,40
2024-01-02T19,ERCO,"Electric Reliability Council of Texas, Inc.",Solar,6170
2024-01-02T19,ERCO,"Electric Reliability Council of Texas, Inc.",Hydro,27
2024-01-02T19,ERCO,"Electric Reliability Council of Texas, Inc.",Wind,3618
2024-01-02T20,ERCO,"Electric Reliability Council of Texas, Inc.",Coal,10365
2024-01-02T20,ERCO,"Electric Reliability Council of Texas, Inc.",Natural Gas,26589
2024-01-02T20,ERCO,"Electric Reliability Council of Texas, Inc.",Nuclear,5116
2024-01-02T20,ERCO,"Electric Reliability Council of Texas, Inc.",Other,63
2024-01-02T20,ERCO,"Electric Reliability Council of Texas, Inc.",Solar,5683
2024-01-02T20,ERCO,"Electric Reliability Council of Texas, Inc.",Hydro,20
2024-01-02T20,ERCO,"Electric Reliability Council of Texas, Inc.",Wind,3829
2024-01-02T21,ERCO,"Electric Reliability Council of Texas, Inc.",Coal,10940
2024-01-02T21,ERCO,"Electric Reliability Council of Texas, Inc.",Natural Gas,26894
2024-01-02T21,ERCO,"Electric Reliability Council of Texas, Inc.",Nuclear,5116
2024-01-02T21,ERCO,"Electric Reliability Council of Texas, Inc.",Other,48
2024-01-02T21,ERCO,"Electric Reliability Council of Texas, Inc.",Solar,4707
2024-01-02T21,ERCO,"Electric Reliability Council of Texas, Inc.",Hydro,0
2024-01-02T21,ERCO,"Electric Reliability Council of Texas, Inc.",Wind,4047
2024-01-02T22,ERCO,"Electric Reliability Council of Texas, Inc.",Coal,11021
2024-01-02T22,ERCO,"Electric Reliability Council of Texas, Inc.",Natural Gas,27350
2024-01-02T22,ERCO,"Electric Reliability Council of Texas, Inc.",Nuclear,5115
2024-01-02T22,ERCO,"Electric Reliability Council of Texas, Inc.",Other,54
2024-01-02T22,ERCO,"Electric Reliability Council of Texas, Inc.",Solar,3294
2024-01-02T22,ERCO,"Electric Reliability Council of Texas, Inc.",Hydro,1
2024-01-02T22,ERCO,"Electric Reliability Council of Texas, Inc.",Wind,4998
2024-01-02T23,ERCO,"Electric Reliability Council of Texas, Inc.",Coal,11254
2024-01-02T23,ERCO,"Electric Reliability Council of Texas, Inc.",Natural Gas,28318
2024-01-02T23,ERCO,"Electric Reliability Council of Texas, Inc.",Nuclear,5116
2024-01-02T23,ERCO,"Electric Reliability Council of Texas, Inc.",Other,86
2024-01-02T23,ERCO,"Electric Reliability Council of Texas, Inc.",Solar,2182
2024-01-02T23,ERCO,"Electric Reliability Council of Texas, Inc.",Hydro,18
2024-01-02T23,ERCO,"Electric Reliability Council of Texas, Inc.",Wind,5188
2024-01-03T00,ERCO,"Electric Reliability Council of Texas, Inc.",Coal,11464
2024-01-03T00,ERCO,"Electric Reliability Council of Texas, Inc.",Natural Gas,30986
2024-01-03T00,ERCO,"Electric Reliability Council of Texas, Inc.",Nuclear,5116
2024-01-03T00,ERCO,"Electric Reliability Council of Texas, Inc.",Other,270
2024-01-03T00,ERCO,"Electric Reliability Council of Texas, Inc.",Solar,431
2024-01-03T00,ERCO,"Electric Reliability Council of Texas, Inc.",Hydro,45
2024-01-03T00,ERCO,"Electric Reliability Council of Texas, Inc.",Wind,4909
2024-01-03T01,ERCO,"Electric Reliability Council of Texas, Inc.",Coal,11688
2024-01-03T01,ERCO,"Electric Reliability Council of Texas, Inc.",Natural Gas,32781
2024-01-03T01,ERCO,"Electric Reliability Council of Texas, Inc.",Nuclear,5116
2024-01-03T01,ERCO,"Electric Reliability Council of Texas, Inc.",Other,555
2024-01-03T01,ERCO,"Electric Reliability Council of Texas, Inc.",Solar,0
2024-01-03T01,ERCO,"Electric Reliability Council of Texas, Inc.",Hydro,72
2024-01-03T01,ERCO,"Electric Reliability Council of Texas, Inc.",Wind,3607
2024-01-03T02,ERCO,"Electric Reliability Council of Texas, Inc.",Coal,11689
2024-01-03T02,ERCO,"Electric Reliability Council of Texas, Inc.",Natural Gas,33250
2024-01-03T02,ERCO,"Electric Reliability Council of Texas, Inc.",Nuclear,5115
2024-01-03T02,ERCO,"Electric Reliability Council of Texas, Inc.",Other,492
2024-01-03T02,ERCO,"Electric Reliability Council of Texas, Inc.",Solar,0
2024-01-03T02,ERCO,"Electric Reliability Council of Texas, Inc.",Hydro,96
2024-01-03T02,ERCO,"Electric Reliability Council of Texas, Inc.",Wind,2921
2024-01-03T03,ERCO,"Electric Reliability Council of Texas, Inc.",Coal,11499
2024-01-03T03,ERCO,"Electric Reliability Council of Texas, Inc.",Natural Gas,32214
2024-01-03T03,ERCO,"Electric Reliability Council of Texas, Inc.",Nuclear,5115
2024-01-03T03,ERCO,"Electric Reliability Council of Texas, Inc.",Other,375
2024-01-03T03,ERCO,"Electric Reliability Council of Texas, Inc.",Solar,0
2024-01-03T03,ERCO,"Electric Reliability Council of Texas, Inc.",Hydro,65
2024-01-03T03,ERCO,"Electric Reliability Council of Texas, Inc.",Wind,3051
2024-01-03T04,ERCO,"Electric Reliability Council of Texas, Inc.",Coal,11321
2024-01-03T04,ERCO,"Electric Reliability Council of Texas, Inc.",Natural Gas,31223
2024-01-03T04,ERCO,"Electric Reliability Council of Texas, Inc.",Nuclear,5114
2024-01-03T04,ERCO,"Electric Reliability Council of Texas, Inc.",Other,150
2024-01-03T04,ERCO,"Electric Reliability Council of Texas, Inc.",Solar,0
2024-01-03T04,ERCO,"Electric Reliability Council of Texas, Inc.",Hydro,47
2024-01-03T04,ERCO,"Electric Reliability Council of Texas, Inc.",Wind,3198
2024-01-03T05,ERCO,"Electric Reliability Council of Texas, Inc.",Coal,10913
2024-01-03T05,ERCO,"Electric Reliability Council of Texas, Inc.",Natural Gas,29307
2024-01-03T05,ERCO,"Electric Reliability Council of Texas, Inc.",Nuclear,5114
2024-01-03T05,ERCO,"Electric Reliability Council of Texas, Inc.",Other,91
2024-01-03T05,ERCO,"Electric Reliability Council of Texas, Inc.",Solar,0
2024-01-03T05,ERCO,"Electric Reliability Council of Texas, Inc.",Hydro,21
2024-01-03T05,ERCO,"Electric Reliability Council of Texas, Inc.",Wind,3523
2024-01-03T06,ERCO,"Electric Reliability Council of Texas, Inc.",Coal,10310
2024-01-03T06,ERCO,"Electric Reliability Council of Texas, Inc.",Natural Gas,27289
2024-01-03T06,ERCO,"Electric Reliability Council of Texas, Inc.",Nuclear,5114
2024-01-03T06,ERCO,"Electric Reliability Council of Texas, Inc.",Other,59
2024-01-03T06,ERCO,"Electric Reliability Council of Texas, Inc.",Solar,0
2024-01-03T06,ERCO,"Electric Reliability Council of Texas, Inc.",Hydro,3
2024-01-03T06,ERCO,"Electric Reliability Council of Texas, Inc.",Wind,3933
2024-01-03T07,ERCO,"Electric Reliability Council of Texas, Inc.",Coal,10064
2024-01-03T07,ERCO,"Electric Reliability Council of Texas, Inc.",Natural Gas,25858
2024-01-03T07,ERCO,"Electric Reliability Council of Texas, Inc.",Nuclear,5115
2024-01-03T07,ERCO,"Electric Reliability Council of Texas, Inc.",Other,62
2024-01-03T07,ERCO,"Electric Reliability Council of Texas, Inc.",Solar,0
2024-01-03T07,ERCO,"Electric Reliability Council of Texas, Inc.",Hydro,3
2024-01-03T07,ERCO,"Electric Reliability Council of Texas, Inc.",Wind,4585
2024-01-03T08,ERCO,"Electric Reliability Council of Texas, Inc.",Coal,9396
2024-01-03T08,ERCO,"Electric Reliability Council of Texas, Inc.",Natural Gas,25224
2024-01-03T08,ERCO,"Electric Reliability Council of Texas, Inc.",Nuclear,5115
2024-01-03T08,ERCO,"Electric Reliability Council of Texas, Inc.",Other,115
2024-01-03T08,ERCO,"Electric Reliability Council of Texas, Inc.",Solar,0
2024-01-03T08,ERCO,"Electric Reliability Council of Texas, Inc.",Hydro,3
2024-01-03T08,ERCO,"Electric Reliability Council of Texas, Inc.",Wind,4828
2024-01-03T09,ERCO,"Electric Reliability Council of Texas, Inc.",Coal,9016
2024-01-03T09,ERCO,"Electric Reliability Council of Texas, Inc.",Natural Gas,25045
2024-01-03T09,ERCO,"Electric Reliability Council of Texas, Inc.",Nuclear,5115
2024-01-03T09,ERCO,"Electric Reliability Council of Texas, Inc.",Other,35
2024-01-03T09,ERCO,"Electric Reliability Council of Texas, Inc.",Solar,0
2024-01-03T09,ERCO,"Electric Reliability Council of Texas, Inc.",Hydro,3
2024-01-03T09,ERCO,"Electric Reliability Council of Texas, Inc.",Wind,5410
2024-01-03T10,ERCO,"Electric Reliability Council of Texas, Inc.",Coal,8338
2024-01-03T10,ERCO,"Electric Reliability Council of Texas, Inc.",Natural Gas,24909
2024-01-03T10,ERCO,"Electric Reliability Council of Texas, Inc.",Nuclear,5116
2024-01-03T10,ERCO,"Electric Reliability Council of Texas, Inc.",Other,79
2024-01-03T10,ERCO,"Electric Reliability Council of Texas, Inc.",Solar,0
2024-01-03T10,ERCO,"Electric Reliability Council of Texas, Inc.",Hydro,3
2024-01-03T10,ERCO,"Electric Reliability Council of Texas, Inc.",Wind,6149
2024-01-03T11,ERCO,"Electric Reliability Council of Texas, Inc.",Coal,8355
2024-01-03T11,ERCO,"Electric Reliability Council of Texas, Inc.",Natural Gas,25868
2024-01-03T11,ERCO,"Electric Reliability Council of Texas, Inc.",Nuclear,5116
2024-01-03T11,ERCO,"Electric Reliability Council of Texas, Inc.",Other,33
2024-01-03T11,ERCO,"Electric Reliability Council of Texas, Inc.",Solar,0
2024-01-03T11,ERCO,"Electric Reliability Council of Texas, Inc.",Hydro,3
2024-01-03T11,ERCO,"Electric Reliability Council of Texas, Inc.",Wind,6041
2024-01-03T12,ERCO,"Electric Reliability Council of Texas, Inc.",Coal,8846
2024-01-03T12,ERCO,"Electric Reliability Council of Texas, Inc.",Natural Gas,26975
2024-01-03T12,ERCO,"Electric Reliability Council of Texas, Inc.",Nuclear,5116
2024-01-03T12,ERCO,"Electric Reliability Council of Texas, Inc.",Other,186
2024-01-03T12,ERCO,"Electric Reliability Council of Texas, Inc.",Solar,0
2024-01-03T12,ERCO,"Electric Reliability Council of Texas, Inc.",Hydro,3
2024-01-03T12,ERCO,"Electric Reliability Council of Texas, Inc.",Wind,6319
2024-01-03T13,ERCO,"Electric Reliability Council of Texas, Inc.",Coal,9916
2024-01-03T13,ERCO,"Electric Reliability Council of Texas, Inc.",Natural Gas,28531
2024-01-03T13,ERCO,"Electric Reliability Council of Texas, Inc.",Nuclear,5116
2024-01-03T13,ERCO,"Electric Reliability Council of Texas, Inc.",Other,243
2024-01-03T13,ERCO,"Electric Reliability Council of Texas, Inc.",Solar,0
2024-01-03T13,ERCO,"Electric Reliability Council of Texas, Inc.",Hydro,3
2024-01-03T13,ERCO,"Electric Reliability Council of Texas, Inc.",Wind,5937
2024-01-03T14,ERCO,"Electric Reliability Council of Texas, Inc.",Coal,10812
2024-01-03T14,ERCO,"Electric Reliability Council of Texas, Inc.",Natural Gas,29340
2024-01-03T14,ERCO,"Electric Reliability Council of Texas, Inc.",Nuclear,5116
2024-01-03T14,ERCO,"Electric Reliability Council of Texas, Inc.",Other,337
2024-01-03T14,ERCO,"Electric Reliability Council of Texas, Inc.",Solar,27
2024-01-03T14,ERCO,"Electric Reliability Council of Texas, Inc.",Hydro,3
2024-01-03T14,ERCO,"Electric Reliability Council of Texas, Inc.",Wind,6099
2024-01-03T15,ERCO,"Electric Reliability Council of Texas, Inc.",Coal,10817
2024-01-03T15,ERCO,"Electric Reliability Council of Texas, Inc.",Natural Gas,29560
2024-01-03T15,ERCO,"Electric Reliability Council of Texas, Inc.",Nuclear,5117
2024-01-03T15,ERCO,"Electric Reliability Council of Texas, Inc.",Other,137
2024-01-03T15,ERCO,"Electric Reliability Council of Texas, Inc.",Solar,1895
2024-01-03T15,ERCO,"Electric Reliability Council of Texas, Inc.",Hydro,3
2024-01-03T15,ERCO,"Electric Reliability Council of Texas, Inc.",Wind,4775
2024-01-03T16,ERCO,"Electric Reliability Council of Texas, Inc.",Coal,9363
2024-01-03T16,ERCO,"Electric Reliability Council of Texas, Inc.",Natural Gas,28185
2024-01-03T16,ERCO,"Electric Reliability Council of Texas, Inc.",Nuclear,5121
2024-01-03T16,ERCO,"Electric Reliability Council of Texas, Inc.",Other,45
2024-01-03T16,ERCO,"Electric Reliability Council of Texas, Inc.",Solar,5886
2024-01-03T16,ERCO,"Electric Reliability Council of Texas, Inc.",Hydro,3
2024-01-03T16,ERCO,"Electric Reliability Council of Texas, Inc.",Wind,4149
2024-01-03T17,ERCO,"Electric Reliability Council of Texas, Inc.",Coal,8724
2024-01-03T17,ERCO,"Electric Reliability Council of Texas, Inc.",Natural Gas,26653
2024-01-03T17,ERCO,"Electric Reliability Council of Texas, Inc.",Nuclear,5121
2024-01-03T17,ERCO,"Electric Reliability Council of Texas, Inc.",Other,17
2024-01-03T17,ERCO,"Electric Reliability Council of Texas, Inc.",Solar,7735
2024-01-03T17,ERCO,"Electric Reliability Council of Texas, Inc.",Hydro,3
2024-01-03T17,ERCO,"Electric Reliability Council of Texas, Inc.",Wind,4068
2024-01-03T18,ERCO,"Electric Reliability Council of Texas, Inc.",Coal,7577
2024-01-03T18,ERCO,"Electric Reliability Council of Texas, Inc.",Natural Gas,25692
2024-01-03T18,ERCO,"Electric Reliability Council of Texas, Inc.",Nuclear,5127
2024-01-03T18,ERCO,"Electric Reliability Council of Texas, Inc.",Other,16
2024-01-03T18,ERCO,"Electric Reliability Council of Texas, Inc.",Solar,8635
2024-01-03T18,ERCO,"Electric Reliability Council of Texas, Inc.",Hydro,3
2024-01-03T18,ERCO,"Electric Reliability Council of Texas, Inc.",Wind,4044
2024-01-03T19,ERCO,"Electric Reliability Council of Texas, Inc.",Coal,6622
2024-01-03T19,ERCO,"Electric Reliability Council of Texas, Inc.",Natural Gas,25421
2024-01-03T19,ERCO,"Electric Reliability Council of Texas, Inc.",Nuclear,5127
2024-01-03T19,ERCO,"Electric Reliability Council of Texas, Inc.",Other,17
2024-01-03T19,ERCO,"Electric Reliability Council of Texas, Inc.",Solar,8985
2024-01-03T19,ERCO,"Electric Reliability Council of Texas, Inc.",Hydro,3
2024-01-03T19,ERCO,"Electric Reliability Council of Texas, Inc.",Wind,3829
2024-01-03T20,ERCO,"Electric Reliability Council of Texas, Inc.",Coal,5819
2024-01-03T20,ERCO,"Electric Reliability Council of Texas, Inc.",Natural Gas,24638
2024-01-03T20,ERCO,"Electric Reliability Council of Texas, Inc.",Nuclear,5118
2024-01-03T20,ERCO,"Electric Reliability Council of Texas, Inc.",Other,39
2024-01-03T20,ERCO,"Electric Reliability Council of Texas, Inc.",Solar,9623
2024-01-03T20,ERCO,"Electric Reliability Council of Texas, Inc.",Hydro,3
2024-01-03T20,ERCO,"Electric Reliability Council of Texas, Inc.",Wind,3556
2024-01-03T21,ERCO,"Electric Reliability Council of Texas, Inc.",Coal,5593
2024-01-03T21,ERCO,"Electric Reliability Council of Texas, Inc.",Natural Gas,24240
2024-01-03T21,ERCO,"Electric Reliability Council of Texas, Inc.",Nuclear,5117
2024-01-03T21,ERCO,"Electric Reliability Council of Texas, Inc.",Other,51
2024-01-03T21,ERCO,"Electric Reliability Council of Texas, Inc.",Solar,9236
2024-01-03T21,ERCO,"Electric Reliability Council of Texas, Inc.",Hydro,3
2024-01-03T21,ERCO,"Electric Reliability Council of Texas, Inc.",Wind,3403
2024-01-03T22,ERCO,"Electric Reliability Council of Texas, Inc.",Coal,6026
2024-01-03T22,ERCO,"Electric Reliability Council of Texas, Inc.",Natural Gas,24582
2024-01-03T22,ERCO,"Electric Reliability Council of Texas, Inc.",Nuclear,5117
2024-01-03T22,ERCO,"Electric Reliability Council of Texas, Inc.",Other,55
2024-01-03T22,ERCO,"Electric Reliability Council of Texas, Inc.",Solar,8007
2024-01-03T22,ERCO,"Electric Reliability Council of Texas, Inc.",Hydro,8
2024-01-03T22,ERCO,"Electric Reliability Council of Texas, Inc.",Wind,3433
2024-01-03T23,ERCO,"Electric Reliability Council of Texas, Inc.",Coal,6998
2024-01-03T23,ERCO,"Electric Reliability Council of Texas, Inc.",Natural Gas,26253
2024-01-03T23,ERCO,"Electric Reliability Council of Texas, Inc.",Nuclear,5116
2024-01-03T23,ERCO,"Electric Reliability Council of Texas, Inc.",Other,130
2024-01-03T23,ERCO,"Electric Reliability Council of Texas, Inc.",Solar,5432
2024-01-03T23,ERCO,"Electric Reliability Council of Texas, Inc.",Hydro,21
2024-01-03T23,ERCO,"Electric Reliability Council of Texas, Inc.",Wind,3613
2024-01-04T00,ERCO,"Electric Reliability Council of Texas, Inc.",Coal,9500
2024-01-04T00,ERCO,"Electric Reliability Council of Texas, Inc.",Natural Gas,29467
2024-01-04T00,ERCO,"Electric Reliability Council of Texas, Inc.",Nuclear,5117
2024-01-04T00,ERCO,"Electric Reliability Council of Texas, Inc.",Other,247
2024-01-04T00,ERCO,"Electric Reliability Council of Texas, Inc.",Solar,966
2024-01-04T00,ERCO,"Electric Reliability Council of Texas, Inc.",Hydro,21
2024-01-04T00,ERCO,"Electric Reliability Council of Texas, Inc.",Wind,3812
2024-01-04T01,ERCO,"Electric Reliability Council of Texas, Inc.",Coal,10673
2024-01-04T01,ERCO,"Electric Reliability Council of Texas, Inc.",Natural Gas,29654
2024-01-04T01,ERCO,"Electric Reliability Council of Texas, Inc.",Nuclear,5117
2024-01-04T01,ERCO,"Electric Reliability Council of Texas, Inc.",Other,349
2024-01-04T01,ERCO,"Electric Reliability Council of Texas, Inc.",Solar,0
2024-01-04T01,ERCO,"Electric Reliability Council of Texas, Inc.",Hydro,21
2024-01-04T01,ERCO,"Electric Reliability Council of Texas, Inc.",Wind,5079
2024-01-04T02,ERCO,"Electric Reliability Council of Texas, Inc.",Coal,10000
2024-01-04T02,ERCO,"Electric Reliability Council of Texas, Inc.",Natural Gas,28956
2024-01-04T02,ERCO,"Electric Reliability Council of Texas, Inc.",Nuclear,5117
2024-01-04T02,ERCO,"Electric Reliability Council of Texas, Inc.",Other,68
2024-01-04T02,ERCO,"Electric Reliability Council of Texas, Inc.",Solar,0
2024-01-04T02,ERCO,"Electric Reliability Council of Texas, Inc.",Hydro,21
2024-01-04T02,ERCO,"Electric Reliability Council of Texas, Inc.",Wind,6934
2024-01-04T03,ERCO,"Electric Reliability Council of Texas, Inc.",Coal,8721
2024-01-04T03,ERCO,"Electric Reliability Council of Texas, Inc.",Natural Gas,28491
2024-01-04T03,ERCO,"Electric Reliability Council of Texas, Inc.",Nuclear,5117
2024-01-04T03,ERCO,"Electric Reliability Council of Texas, Inc.",Other,67
2024-01-04T03,ERCO,"Electric Reliability Council of Texas, Inc.",Solar,0
2024-01-04T03,ERCO,"Electric Reliability Council of Texas, Inc.",Hydro,21
2024-01-04T03,ERCO,"Electric Reliability Council of Texas, Inc.",Wind,8514
2024-01-04T04,ERCO,"Electric Reliability Council of Texas, Inc.",Coal,7931
2024-01-04T04,ERCO,"Electric Reliability Council of Texas, Inc.",Natural Gas,27135
2024-01-04T04,ERCO,"Electric Reliability Council of Texas, Inc.",Nuclear,5117
2024-01-04T04,ERCO,"Electric Reliability Council of Texas, Inc.",Other,86
2024-01-04T04,ERCO,"Electric Reliability Council of Texas, Inc.",Solar,0
2024-01-04T04,ERCO,"Electric Reliability Council of Texas, Inc.",Hydro,6
2024-01-04T04,ERCO,"Electric Reliability Council of Texas, Inc.",Wind,9785
2024-01-04T05,ERCO,"Electric Reliability Council of Texas, Inc.",Coal,7170
2024-01-04T05,ERCO,"Electric Reliability Council of Texas, Inc.",Natural Gas,25621
2024-01-04T05,ERCO,"Electric Reliability Council of Texas, Inc.",Nuclear,5116
2024-01-04T05,ERCO,"Electric Reliability Council of Texas, Inc.",Other,78
2024-01-04T05,ERCO,"Electric Reliability Council of Texas, Inc.",Solar,0
2024-01-04T05,ERCO,"Electric Reliability Council of Texas, Inc.",Hydro,3
2024-01-04T05,ERCO,"Electric Reliability Council of Texas, Inc.",Wind,10348
2024-01-04T06,ERCO,"Electric Reliability Council of Texas, Inc.",Coal,6861
2024-01-04T06,ERCO,"Electric Reliability Council of Texas, Inc.",Natural Gas,24343
2024-01-04T06,ERCO,"Electric Reliability Council of Texas, Inc.",Nuclear,5117
2024-01-04T06,ERCO,"Electric Reliability Council of Texas, Inc.",Other,26
2024-01-04T06,ERCO,"Electric Reliability Council of Texas, Inc.",Solar,0
2024-01-04T06,ERCO,"Electric Reliability Council of Texas, Inc.",Hydro,3
2024-01-04T06,ERCO,"Electric Reliability Council of Texas, Inc.",Wind,10319
2024-01-04T07,ERCO,"Electric Reliability Council of Texas, Inc.",Coal,6983
2024-01-04T07,ERCO,"Electric Reliability Council of Texas, Inc.",Natural Gas,23644
2024-01-04T07,ERCO,"Electric Reliability Council of Texas, Inc.",Nuclear,5117
2024-01-04T07,ERCO,"Electric Reliability Council of Texas, Inc.",Other,37
2024-01-04T07,ERCO,"Electric Reliability Council of Texas, Inc.",Solar,0
2024-01-04T07,ERCO,"Electric Reliability Council of Texas, Inc.",Hydro,3
2024-01-04T07,ERCO,"Electric Reliability Council of Texas, Inc.",Wind,9870
2024-01-04T08,ERCO,"Electric Reliability Council of Texas, Inc.",Coal,7246
2024-01-04T08,ERCO,"Electric Reliability Council of Texas, Inc.",Natural Gas,23424
2024-01-04T08,ERCO,"Electric Reliability Council of Texas, Inc.",Nuclear,5117
2024-01-04T08,ERCO,"Electric Reliability Council of Texas, Inc.",Other,48
2024-01-04T08,ERCO,"Electric Reliability Council of Texas, Inc.",Solar,0
2024-01-04T08,ERCO,"Electric Reliability Council of Texas, Inc.",Hydro,3
2024-01-04T08,ERCO,"Electric Reliability Council of Texas, Inc.",Wind,9321
2024-01-04T09,ERCO,"Electric Reliability Council of Texas, Inc.",Coal,7762
2024-01-04T09,ERCO,"Electric Reliability Council of Texas, Inc.",Natural Gas,23557
2024-01-04T09,ERCO,"Electric Reliability Council of Texas, Inc.",Nuclear,5118
2024-01-04T09,ERCO,"Electric Reliability Council of Texas, Inc.",Other,31
2024-01-04T09,ERCO,"Electric Reliability Council of Texas, Inc.",Solar,0
2024-01-04T09,ERCO,"Electric Reliability Council of Texas, Inc.",Hydro,3
2024-01-04T09,ERCO,"Electric Reliability Council of Texas, Inc.",Wind,8781
2024-01-04T10,ERCO,"Electric Reliability Council of Texas, Inc.",Coal,8801
2024-01-04T10,ERCO,"Electric Reliability Council of Texas, Inc.",Natural Gas,23727
2024-01-04T10,ERCO,"Electric Reliability Council of Texas, Inc.",Nuclear,5118
2024-01-04T10,ERCO,"Electric Reliability Council of Texas, Inc.",Other,13
2024-01-04T10,ERCO,"Electric Reliability Council of Texas, Inc.",Solar,0
2024-01-04T10,ERCO,"Electric Reliability Council of Texas, Inc.",Hydro,3
2024-01-04T10,ERCO,"Electric Reliability Council of Texas, Inc.",Wind,7956
2024-01-04T11,ERCO,"Electric Reliability Council of Texas, Inc.",Coal,9475
2024-01-04T11,ERCO,"Electric Reliability Council of Texas, Inc.",Natural Gas,24237
2024-01-04T11,ERCO,"Electric Reliability Council of Texas, Inc.",Nuclear,5116
2024-01-04T11,ERCO,"Electric Reliability Council of Texas, Inc.",Other,26
2024-01-04T11,ERCO,"Electric Reliability Council of Texas, Inc.",Solar,0
2024-01-04T11,ERCO,"Electric Reliability Council of Texas, Inc.",Hydro,3
2024-01-04T11,ERCO,"Electric Reliability Council of Texas, Inc.",Wind,7990
2024-01-04T12,ERCO,"Electric Reliability Council of Texas, Inc.",Coal,9988
2024-01-04T12,ERCO,"Electric Reliability Council of Texas, Inc.",Natural Gas,25853
2024-01-04T12,ERCO,"Electric Reliability Council of Texas, Inc.",Nuclear,5115
2024-01-04T12,ERCO,"Electric Reliability Council of Texas, Inc.",Other,101
2024-01-04T12,ERCO,"Electric Reliability Council of Texas, Inc.",Solar,0
2024-01-04T12,ERCO,"Electric Reliability Council of Texas, Inc.",Hydro,3
2024-01-04T12,ERCO,"Electric Reliability Council of Texas, Inc.",Wind,8288
2024-01-04T13,ERCO,"Electric Reliability Council of Texas, Inc.",Coal,10657
2024-01-04T13,ERCO,"Electric Reliability Council of Texas, Inc.",Natural Gas,26747
2024-01-04T13,ERCO,"Electric Reliability Council of Texas, Inc.",Nuclear,5115
2024-01-04T13,ERCO,"Electric Reliability Council of Texas, Inc.",Other,256
2024-01-04T13,ERCO,"Electric Reliability Council of Texas, Inc.",Solar,0
2024-01-04T13,ERCO,"Electric Reliability Council of Texas, Inc.",Hydro,3
2024-01-04T13,ERCO,"Electric Reliability Council of Texas, Inc.",Wind,9752
2024-01-04T14,ERCO,"Electric Reliability Council of Texas, Inc.",Coal,9708
2024-01-04T14,ERCO,"Electric Reliability Council of Texas, Inc.",Natural Gas,26009
2024-01-04T14,ERCO,"Electric Reliability Council of Texas, Inc.",Nuclear,5115
2024-01-04T14,ERCO,"Electric Reliability Council of Texas, Inc.",Other,357
2024-01-04T14,ERCO,"Electric Reliability Council of Texas, Inc.",Solar,127
2024-01-04T14,ERCO,"Electric Reliability Council of Texas, Inc.",Hydro,3
2024-01-04T14,ERCO,"Electric Reliability Council of Texas, Inc.",Wind,12839
2024-01-04T15,ERCO,"Electric Reliability Council of Texas, Inc.",Coal,7530
2024-01-04T15,ERCO,"Electric Reliability Council of Texas, Inc.",Natural Gas,23354
2024-01-04T15,ERCO,"Electric Reliability Council of Texas, Inc.",Nuclear,5116
2024-01-04T15,ERCO,"Electric Reliability Council of Texas, Inc.",Other,135
2024-01-04T15,ERCO,"Electric Reliability Council of Texas, Inc.",Solar,2466
2024-01-04T15,ERCO,"Electric Reliability Council of Texas, Inc.",Hydro,3
2024-01-04T15,ERCO,"Electric Reliability Council of Texas, Inc.",Wind,15464
2024-01-04T16,ERCO,"Electric Reliability Council of Texas, Inc.",Coal,6027
2024-01-04T16,ERCO,"Electric Reliability Council of Texas, Inc.",Natural Gas,18978
2024-01-04T16,ERCO,"Electric Reliability Council of Texas, Inc.",Nuclear,5117
2024-01-04T16,ERCO,"Electric Reliability Council of Texas, Inc.",Other,131
2024-01-04T16,ERCO,"Electric Reliability Council of Texas, Inc.",Solar,5770
2024-01-04T16,ERCO,"Electric Reliability Council of Texas, Inc.",Hydro,3
2024-01-04T16,ERCO,"Electric Reliability Council of Texas, Inc.",Wind,16583
2024-01-04T17,ERCO,"Electric Reliability Council of Texas, Inc.",Coal,5695
2024-01-04T17,ERCO,"Electric Reliability Council of Texas, Inc.",Natural Gas,15874
2024-01-04T17,ERCO,"Electric Reliability Council of Texas, Inc.",Nuclear,5116
2024-01-04T17,ERCO,"Electric Reliability Council of Texas, Inc.",Other,50
2024-01-04T17,ERCO,"Electric Reliability Council of Texas, Inc.",Solar,6803
2024-01-04T17,ERCO,"Electric Reliability Council of Texas, Inc.",Hydro,3
2024-01-04T17,ERCO,"Electric Reliability Council of Texas, Inc.",Wind,17394
2024-01-04T18,ERCO,"Electric Reliability Council of Texas, Inc.",Coal,5538
2024-01-04T18,ERCO,"Electric Reliability Council of Texas, Inc.",Natural Gas,13406
2024-01-04T18,ERCO,"Electric Reliability Council of Texas, Inc.",Nuclear,5116
2024-01-04T18,ERCO,"Electric Reliability Council of Texas, Inc.",Other,91
2024-01-04T18,ERCO,"Electric Reliability Council of Texas, Inc.",Solar,7338
2024-01-04T18,ERCO,"Electric Reliability Council of Texas, Inc.",Hydro,3
2024-01-04T18,ERCO,"Electric Reliability Council of Texas, Inc.",Wind,18162
2024-01-04T19,ERCO,"Electric Reliability Council of Texas, Inc.",Coal,5565
2024-01-04T19,ERCO,"Electric Reliability Council of Texas, Inc.",Natural Gas,12242
2024-01-04T19,ERCO,"Electric Reliability Council of Texas, Inc.",Nuclear,5116
2024-01-04T19,ERCO,"Electric Reliability Council of Texas, Inc.",Other,67
2024-01-04T19,ERCO,"Electric Reliability Council of Texas, Inc.",Solar,7032
2024-01-04T19,ERCO,"Electric Reliability Council of Texas, Inc.",Hydro,3
2024-01-04T19,ERCO,"Electric Reliability Council of Texas, Inc.",Wind,18717
2024-01-04T20,ERCO,"Electric Reliability Council of Texas, Inc.",Coal,5532
2024-01-04T20,ERCO,"Electric Reliability Council of Texas, Inc.",Natural Gas,11349
2024-01-04T20,ERCO,"Electric Reliability Council of Texas, Inc.",Nuclear,5115
2024-01-04T20,ERCO,"Electric Reliability Council of Texas, Inc.",Other,65
2024-01-04T20,ERCO,"Electric Reliability Council of Texas, Inc.",Solar,6433
2024-01-04T20,ERCO,"Electric Reliability Council of Texas, Inc.",Hydro,3
2024-01-04T20,ERCO,"Electric Reliability Council of Texas, Inc.",Wind,19686
2024-01-04T21,ERCO,"Electric Reliability Council of Texas, Inc.",Coal,5550
2024-01-04T21,ERCO,"Electric Reliability Council of Texas, Inc.",Natural Gas,11179
2024-01-04T21,ERCO,"Electric Reliability Council of Texas, Inc.",Nuclear,5115
2024-01-04T21,ERCO,"Electric Reliability Council of Texas, Inc.",Other,89
2024-01-04T21,ERCO,"Electric Reliability Council of Texas, Inc.",Solar,5638
2024-01-04T21,ERCO,"Electric Reliability Council of Texas, Inc.",Hydro,3
2024-01-04T21,ERCO,"Electric Reliability Council of Texas, Inc.",Wind,20001
2024-01-04T22,ERCO,"Electric Reliability Council of Texas, Inc.",Coal,5929
2024-01-04T22,ERCO,"Electric Reliability Council of Texas, Inc.",Natural Gas,14623
2024-01-04T22,ERCO,"Electric Reliability Council of Texas, Inc.",Nuclear,5115
2024-01-04T22,ERCO,"Electric Reliability Council of Texas, Inc.",Other,160
2024-01-04T22,ERCO,"Electric Reliability Council of Texas, Inc.",Solar,4370
2024-01-04T22,ERCO,"Electric Reliability Council of Texas, Inc.",Hydro,3
2024-01-04T22,ERCO,"Electric Reliability Council of Texas, Inc.",Wind,17156
2024-01-04T23,ERCO,"Electric Reliability Council of Texas, Inc.",Coal,8777
2024-01-04T23,ERCO,"Electric Reliability Council of Texas, Inc.",Natural Gas,18023
2024-01-04T23,ERCO,"Electric Reliability Council of Texas, Inc.",Nuclear,5115
2024-01-04T23,ERCO,"Electric Reliability Council of Texas, Inc.",Other,370
2024-01-04T23,ERCO,"Electric Reliability Council of Texas, Inc.",Solar,1952
2024-01-04T23,ERCO,"Electric Reliability Council of Texas, Inc.",Hydro,21
2024-01-04T23,ERCO,"Electric Reliability Council of Texas, Inc.",Wind,13478
2024-01-05T00,ERCO,"Electric Reliability Council of Texas, Inc.",Coal,11052
2024-01-05T00,ERCO,"Electric Reliability Council of Texas, Inc.",Natural Gas,21201
2024-01-05T00,ERCO,"Electric Reliability Council of Texas, Inc.",Nuclear,5115
2024-01-05T00,ERCO,"Electric Reliability Council of Texas, Inc.",Other,327
2024-01-05T00,ERCO,"Electric Reliability Council of Texas, Inc.",Solar,266
2024-01-05T00,ERCO,"Electric Reliability Council of Texas, Inc.",Hydro,21
2024-01-05T00,ERCO,"Electric Reliability Council of Texas, Inc.",Wind,11066
2024-01-05T01,ERCO,"Electric Reliability Council of Texas, Inc.",Coal,11206
2024-01-05T01,ERCO,"Electric Reliability Council of Texas, Inc.",Natural Gas,22170
2024-01-05T01,ERCO,"Electric Reliability Council of Texas, Inc.",Nuclear,5115
2024-01-05T01,ERCO,"Electric Reliability Council of Texas, Inc.",Other,212
2024-01-05T01,ERCO,"Electric Reliability Council of Texas, Inc.",Solar,0
2024-01-05T01,ERCO,"Electric Reliability Council of Texas, Inc.",Hydro,21
2024-01-05T01,ERCO,"Electric Reliability Council of Texas, Inc.",Wind,11755
2024-01-05T02,ERCO,"Electric Reliability Council of Texas, Inc.",Coal,10773
2024-01-05T02,ERCO,"Electric Reliability Council of Texas, Inc.",Natural Gas,21116
2024-01-05T02,ERCO,"Electric Reliability Council of Texas, Inc.",Nuclear,5116
2024-01-05T02,ERCO,"Electric Reliability Council of Texas, Inc.",Other,266
2024-01-05T02,ERCO,"Electric Reliability Council of Texas, Inc.",Solar,0
2024-01-05T02,ERCO,"Electric Reliability Council of Texas, Inc.",Hydro,21
2024-01-05T02,ERCO,"Electric Reliability Council of Texas, Inc.",Wind,13165
2024-01-05T03,ERCO,"Electric Reliability Council of Texas, Inc.",Coal,10056
2024-01-05T03,ERCO,"Electric Reliability Council of Texas, Inc.",Natural Gas,20087
2024-01-05T03,ERCO,"Electric Reliability Council of Texas, Inc.",Nuclear,5116
2024-01-05T03,ERCO,"Electric Reliability Council of Texas, Inc.",Other,267
2024-01-05T03,ERCO,"Electric Reliability Council of Texas, Inc.",Solar,0
2024-01-05T03,ERCO,"Electric Reliability Council of Texas, Inc.",Hydro,21
2024-01-05T03,ERCO,"Electric Reliability Council of Texas, Inc.",Wind,14189
2024-01-05T04,ERCO,"Electric Reliability Council of Texas, Inc.",Coal,8877
2024-01-05T04,ERCO,"Electric Reliability Council of Texas, Inc.",Natural Gas,19622
2024-01-05T04,ERCO,"Electric Reliability Council of Texas, Inc.",Nuclear,5114
2024-01-05T04,ERCO,"Electric Reliability Council of Texas, Inc.",Other,63
2024-01-05T04,ERCO,"Electric Reliability Council of Texas, Inc.",Solar,0
2024-01-05T04,ERCO,"Electric Reliability Council of Texas, Inc.",Hydro,4
2024-01-05T04,ERCO,"Electric Reliability Council of Texas, Inc.",Wind,14828
2024-01-05T05,ERCO,"Electric Reliability Council of Texas, Inc.",Coal,7638
2024-01-05T05,ERCO,"Electric Reliability Council of Texas, Inc.",Natural Gas,18633
2024-01-05T05,ERCO,"Electric Reliability Council of Texas, Inc.",Nuclear,5114
2024-01-05T05,ERCO,"Electric Reliability Council of Texas, Inc.",Other,51
2024-01-05T05,ERCO,"Electric Reliability Council of Texas, Inc.",Solar,0
2024-01-05T05,ERCO,"Electric Reliability Council of Texas, Inc.",Hydro,3
2024-01-05T05,ERCO,"Electric Reliability Council of Texas, Inc.",Wind,15222
2024-01-05T06,ERCO,"Electric Reliability Council of Texas, Inc.",Coal,7763
2024-01-05T06,ERCO,"Electric Reliability Council of Texas, Inc.",Natural Gas,17117
2024-01-05T06,ERCO,"Electric Reliability Council of Texas, Inc.",Nuclear,5115
2024-01-05T06,ERCO,"Electric Reliability Council of Texas, Inc.",Other,62
2024-01-05T06,ERCO,"Electric Reliability Council of Texas, Inc.",Solar,0
2024-01-05T06,ERCO,"Electric Reliability Council of Texas, Inc.",Hydro,3
2024-01-05T06,ERCO,"Electric Reliability Council of Texas, Inc.",Wind,14627
2024-01-05T07,ERCO,"Electric Reliability Council of Texas, Inc.",Coal,7484
2024-01-05T07,ERCO,"Electric Reliability Council of Texas, Inc.",Natural Gas,16185
2024-01-05T07,ERCO,"Electric Reliability Council of Texas, Inc.",Nuclear,5116
2024-01-05T07,ERCO,"Electric Reliability Council of Texas, Inc.",Other,62
2024-01-05T07,ERCO,"Electric Reliability Council of Texas, Inc.",Solar,0
2024-01-05T07,ERCO,"Electric Reliability Council of Texas, Inc.",Hydro,3
2024-01-05T07,ERCO,"Electric Reliability Council of Texas, Inc.",Wind,14777
2024-01-05T08,ERCO,"Electric Reliability Council of Texas, Inc.",Coal,6860
2024-01-05T08,ERCO,"Electric Reliability Council of Texas, Inc.",Natural Gas,15502
2024-01-05T08,ERCO,"Electric Reliability Council of Texas, Inc.",Nuclear,5115
2024-01-05T08,ERCO,"Electric Reliability Council of Texas, Inc.",Other,22
2024-01-05T08,ERCO,"Electric Reliability Council of Texas, Inc.",Solar,0
2024-01-05T08,ERCO,"Electric Reliability Council of Texas, Inc.",Hydro,3
2024-01-05T08,ERCO,"Electric Reliability Council of Texas, Inc.",Wind,15232
2024-01-05T09,ERCO,"Electric Reliability Council of Texas, Inc.",Coal,6413
2024-01-05T09,ERCO,"Electric Reliability Council of Texas, Inc.",Natural Gas,14772
2024-01-05T09,ERCO,"Electric Reliability Council of Texas, Inc.",Nuclear,5115
2024-01-05T09,ERCO,"Electric Reliability Council of Texas, Inc.",Other,40
2024-01-05T09,ERCO,"Electric Reliability Council of Texas, Inc.",Solar,0
2024-01-05T09,ERCO,"Electric Reliability Council of Texas, Inc.",Hydro,3
2024-01-05T09,ERCO,"Electric Reliability Council of Texas, Inc.",Wind,15943
2024-01-05T10,ERCO,"Electric Reliability Council of Texas, Inc.",Coal,6380
2024-01-05T10,ERCO,"Electric Reliability Council of Texas, Inc.",Natural Gas,14500
2024-01-05T10,ERCO,"Electric Reliability Council of Texas, Inc.",Nuclear,5115
2024-01-05T10,ERCO,"Electric Reliability Council of Texas, Inc.",Other,73
2024-01-05T10,ERCO,"Electric Reliability Council of Texas, Inc.",Solar,0
2024-01-05T10,ERCO,"Electric Reliability Council of Texas, Inc.",Hydro,3
2024-01-05T10,ERCO,"Electric Reliability Council of Texas, Inc.",Wind,16292
2024-01-05T11,ERCO,"Electric Reliability Council of Texas, Inc.",Coal,6280
2024-01-05T11,ERCO,"Electric Reliability Council of Texas, Inc.",Natural Gas,15168
2024-01-05T11,ERCO,"Electric Reliability Council of Texas, Inc.",Nuclear,5115
2024-01-05T11,ERCO,"Electric Reliability Council of Texas, Inc.",Other,106
2024-01-05T11,ERCO,"Electric Reliability Council of Texas, Inc.",Solar,0
2024-01-05T11,ERCO,"Electric Reliability Council of Texas, Inc.",Hydro,3
2024-01-05T11,ERCO,"Electric Reliability Council of Texas, Inc.",Wind,16555
2024-01-05T12,ERCO,"Electric Reliability Council of Texas, Inc.",Coal,5942
2024-01-05T12,ERCO,"Electric Reliability Council of Texas, Inc.",Natural Gas,17229
2024-01-05T12,ERCO,"Electric Reliability Council of Texas, Inc.",Nuclear,5115
2024-01-05T12,ERCO,"Electric Reliability Council of Texas, Inc.",Other,80
2024-01-05T12,ERCO,"Electric Reliability Council of Texas, Inc.",Solar,0
2024-01-05T12,ERCO,"Electric Reliability Council of Texas, Inc.",Hydro,3
2024-01-05T12,ERCO,"Electric Reliability Council of Texas, Inc.",Wind,16621
2024-01-05T13,ERCO,"Electric Reliability Council of Texas, Inc.",Coal,6459
2024-01-05T13,ERCO,"Electric Reliability Council of Texas, Inc.",Natural Gas,19381
2024-01-05T13,ERCO,"Electric Reliability Council of Texas, Inc.",Nuclear,5116
2024-01-05T13,ERCO,"Electric Reliability Council of Texas, Inc.",Other,239
2024-01-05T13,ERCO,"Electric Reliability Council of Texas, Inc.",Solar,0
2024-01-05T13,ERCO,"Electric Reliability Council of Texas, Inc.",Hydro,3
2024-01-05T13,ERCO,"Electric Reliability Council of Texas, Inc.",Wind,16534
2024-01-05T14,ERCO,"Electric Reliability Council of Texas, Inc.",Coal,7284
2024-01-05T14,ERCO,"Electric Reliability Council of Texas, Inc.",Natural Gas,19949
2024-01-05T14,ERCO,"Electric Reliability Council of Texas, Inc.",Nuclear,5116
2024-01-05T14,ERCO,"Electric Reliability Council of Texas, Inc.",Other,416
2024-01-05T14,ERCO,"Electric Reliability Council of Texas, Inc.",Solar,34
2024-01-05T14,ERCO,"Electric Reliability Council of Texas, Inc.",Hydro,3
2024-01-05T14,ERCO,"Electric Reliability Council of Texas, Inc.",Wind,16806
2024-01-05T15,ERCO,"Electric Reliability Council of Texas, Inc.",Coal,6737
2024-01-05T15,ERCO,"Electric Reliability Council of Texas, Inc.",Natural Gas,19291
2024-01-05T15,ERCO,"Electric Reliability Council of Texas, Inc.",Nuclear,5115
2024-01-05T15,ERCO,"Electric Reliability Council of Texas, Inc.",Other,44
2024-01-05T15,ERCO,"Electric Reliability Council of Texas, Inc.",Solar,2546
2024-01-05T15,ERCO,"Electric Reliability Council of Texas, Inc.",Hydro,3
2024-01-05T15,ERCO,"Electric Reliability Council of Texas, Inc.",Wind,16554
2024-01-05T16,ERCO,"Electric Reliability Council of Texas, Inc.",Coal,5812
2024-01-05T16,ERCO,"Electric Reliability Council of Texas, Inc.",Natural Gas,17682
2024-01-05T16,ERCO,"Electric Reliability Council of Texas, Inc.",Nuclear,5116
2024-01-05T16,ERCO,"Electric Reliability Council of Texas, Inc.",Other,62
2024-01-05T16,ERCO,"Electric Reliability Council of Texas, Inc.",Solar,7236
2024-01-05T16,ERCO,"Electric Reliability Council of Texas, Inc.",Hydro,3
2024-01-05T16,ERCO,"Electric Reliability Council of Texas, Inc.",Wind,14598
2024-01-05T17,ERCO,"Electric Reliability Council of Texas, Inc.",Coal,5439
2024-01-05T17,ERCO,"Electric Reliability Council of Texas, Inc.",Natural Gas,16857
2024-01-05T17,ERCO,"Electric Reliability Council of Texas, Inc.",Nuclear,5116
2024-01-05T17,ERCO,"Electric Reliability Council of Texas, Inc.",Other,43
2024-01-05T17,ERCO,"Electric Reliability Council of Texas, Inc.",Solar,8280
2024-01-05T17,ERCO,"Electric Reliability Council of Texas, Inc.",Hydro,3
2024-01-05T17,ERCO,"Electric Reliability Council of Texas, Inc.",Wind,14482
2024-01-05T18,ERCO,"Electric Reliability Council of Texas, Inc.",Coal,5291
2024-01-05T18,ERCO,"Electric Reliability Council of Texas, Inc.",Natural Gas,14105
2024-01-05T18,ERCO,"Electric Reliability Council of Texas, Inc.",Nuclear,5116
2024-01-05T18,ERCO,"Electric Reliability Council of Texas, Inc.",Other,71
2024-01-05T18,ERCO,"Electric Reliability Council of Texas, Inc.",Solar,9149
2024-01-05T18,ERCO,"Electric Reliability Council of Texas, Inc.",Hydro,3
2024-01-05T18,ERCO,"Electric Reliability Council of Texas, Inc.",Wind,15644
2024-01-05T19,ERCO,"Electric Reliability Council of Texas, Inc.",Coal,5237
2024-01-05T19,ERCO,"Electric Reliability Council of Texas, Inc.",Natural Gas,11468
2024-01-05T19,ERCO,"Electric Reliability Council of Texas, Inc.",Nuclear,5115
2024-01-05T19,ERCO,"Electric Reliability Council of Texas, Inc.",Other,66
2024-01-05T19,ERCO,"Electric Reliability Council of Texas, Inc.",Solar,8876
2024-01-05T19,ERCO,"Electric Reliability Council of Texas, Inc.",Hydro,3
2024-01-05T19,ERCO,"Electric Reliability Council of Texas, Inc.",Wind,18155
2024-01-05T20,ERCO,"Electric Reliability Council of Texas, Inc.",Coal,4870
2024-01-05T20,ERCO,"Electric Reliability Council of Texas, Inc.",Natural Gas,11054
2024-01-05T20,ERCO,"Electric Reliability Council of Texas, Inc.",Nuclear,5115
2024-01-05T20,ERCO,"Electric Reliability Council of Texas, Inc.",Other,86
2024-01-05T20,ERCO,"Electric Reliability Council of Texas, Inc.",Solar,7692
2024-01-05T20,ERCO,"Electric Reliability Council of Texas, Inc.",Hydro,3
2024-01-05T20,ERCO,"Electric Reliability Council of Texas, Inc.",Wind,19191
2024-01-05T21,ERCO,"Electric Reliability Council of Texas, Inc.",Coal,4573
2024-01-05T21,ERCO,"Electric Reliability Council of Texas, Inc.",Natural Gas,11204
2024-01-05T21,ERCO,"Electric Reliability Council of Texas, Inc.",Nuclear,5115
2024-01-05T21,ERCO,"Electric Reliability Council of Texas, Inc.",Other,63
2024-01-05T21,ERCO,"Electric Reliability Council of Texas, Inc.",Solar,7314
2024-01-05T21,ERCO,"Electric Reliability Council of Texas, Inc.",Hydro,3
2024-01-05T21,ERCO,"Electric Reliability Council of Texas, Inc.",Wind,19056
2024-01-05T22,ERCO,"Electric Reliability Council of Texas, Inc.",Coal,4434
2024-01-05T22,ERCO,"Electric Reliability Council of Texas, Inc.",Natural Gas,11879
2024-01-05T22,ERCO,"Electric Reliability Council of Texas, Inc.",Nuclear,5116
2024-01-05T22,ERCO,"Electric Reliability Council of Texas, Inc.",Other,77
2024-01-05T22,ERCO,"Electric Reliability Council of Texas, Inc.",Solar,7714
2024-01-05T22,ERCO,"Electric Reliability Council of Texas, Inc.",Hydro,10
2024-01-05T22,ERCO,"Electric Reliability Council of Texas, Inc.",Wind,17638
2024-01-05T23,ERCO,"Electric Reliability Council of Texas, Inc.",Coal,4664
2024-01-05T23,ERCO,"Electric Reliability Council of Texas, Inc.",Natural Gas,15183
2024-01-05T23,ERCO,"Electric Reliability Council of Texas, Inc.",Nuclear,5116
2024-01-05T23,ERCO,"Electric Reliability Council of Texas, Inc.",Other,256
2024-01-05T23,ERCO,"Electric Reliability Council of Texas, Inc.",Solar,7671
2024-01-05T23,ERCO,"Electric Reliability Council of Texas, Inc.",Hydro,21
2024-01-05T23,ERCO,"Electric Reliability Council of Texas, Inc.",Wind,13724
2024-01-06T00,ERCO,"Electric Reliability Council of Texas, Inc.",Coal,7557
2024-01-06T00,ERCO,"Electric Reliability Council of Texas, Inc.",Natural Gas,23804
2024-01-06T00,ERCO,"Electric Reliability Council of Texas, Inc.",Nuclear,5116
2024-01-06T00,ERCO,"Electric Reliability Council of Texas, Inc.",Other,429
2024-01-06T00,ERCO,"Electric Reliability Council of Texas, Inc.",Solar,1340
2024-01-06T00,ERCO,"Electric Reliability Council of Texas, Inc.",Hydro,21
2024-01-06T00,ERCO,"Electric Reliability Council of Texas, Inc.",Wind,9745
2024-01-06T01,ERCO,"Electric Reliability Council of Texas, Inc.",Coal,9866
2024-01-06T01,ERCO,"Electric Reliability Council of Texas, Inc.",Natural Gas,26208
2024-01-06T01,ERCO,"Electric Reliability Council of Texas, Inc.",Nuclear,5116
2024-01-06T01,ERCO,"Electric Reliability Council of Texas, Inc.",Other,203
2024-01-06T01,ERCO,"Electric Reliability Council of Texas, Inc.",Solar,0
2024-01-06T01,ERCO,"Electric Reliability Council of Texas, Inc.",Hydro,21
2024-01-06T01,ERCO,"Electric Reliability Council of Texas, Inc.",Wind,7950
2024-01-06T02,ERCO,"Electric Reliability Council of Texas, Inc.",Coal,10025
2024-01-06T02,ERCO,"Electric Reliability Council of Texas, Inc.",Natural Gas,26250
2024-01-06T02,ERCO,"Electric Reliability Council of Texas, Inc.",Nuclear,5116
2024-01-06T02,ERCO,"Electric Reliability Council of Texas, Inc.",Other,233
2024-01-06T02,ERCO,"Electric Reliability Council of Texas, Inc.",Solar,0
2024-01-06T02,ERCO,"Electric Reliability Council of Texas, Inc.",Hydro,21
2024-01-06T02,ERCO,"Electric Reliability Council of Texas, Inc.",Wind,7572
2024-01-06T03,ERCO,"Electric Reliability Council of Texas, Inc.",Coal,10195
2024-01-06T03,ERCO,"Electric Reliability Council of Texas, Inc.",Natural Gas,26451
2024-01-06T03,ERCO,"Electric Reliability Council of Texas, Inc.",Nuclear,5116
2024-01-06T03,ERCO,"Electric Reliability Council of Texas, Inc.",Other,178
2024-01-06T03,ERCO,"Electric Reliability Council of Texas, Inc.",Solar,0
2024-01-06T03,ERCO,"Electric Reliability Council of Texas, Inc.",Hydro,21
2024-01-06T03,ERCO,"Electric Reliability Council of Texas, Inc.",Wind,6989
2024-01-06T04,ERCO,"Electric Reliability Council of Texas, Inc.",Coal,10206
2024-01-06T04,ERCO,"Electric Reliability Council of Texas, Inc.",Natural Gas,26574
2024-01-06T04,ERCO,"Electric Reliability Council of Texas, Inc.",Nuclear,5117
2024-01-06T04,ERCO,"Electric Reliability Council of Texas, Inc.",Other,80
2024-01-06T04,ERCO,"Electric Reliability Council of Texas, Inc.",Solar,0
2024-01-06T04,ERCO,"Electric Reliability Council of Texas, Inc.",Hydro,6
2024-01-06T04,ERCO,"Electric Reliability Council of Texas, Inc.",Wind,6511
2024-01-06T05,ERCO,"Electric Reliability Council of Texas, Inc.",Coal,10134
2024-01-06T05,ERCO,"Electric Reliability Council of Texas, Inc.",Natural Gas,25935
2024-01-06T05,ERCO,"Electric Reliability Council of Texas, Inc.",Nuclear,5117
2024-01-06T05,ERCO,"Electric Reliability Council of Texas, Inc.",Other,81
2024-01-06T05,ERCO,"Electric Reliability Council of Texas, Inc.",Solar,0
2024-01-06T05,ERCO,"Electric Reliability Council of Texas, Inc.",Hydro,3
2024-01-06T05,ERCO,"Electric Reliability Council of Texas, Inc.",Wind,6409
2024-01-06T06,ERCO,"Electric Reliability Council of Texas, Inc.",Coal,10227
2024-01-06T06,ERCO,"Electric Reliability Council of Texas, Inc.",Natural Gas,25319
2024-01-06T06,ERCO,"Electric Reliability Council of Texas, Inc.",Nuclear,5118
2024-01-06T06,ERCO,"Electric Reliability Council of Texas, Inc.",Other,86
2024-01-06T06,ERCO,"Electric Reliability Council of Texas, Inc.",Solar,0
2024-01-06T06,ERCO,"Electric Reliability Council of Texas, Inc.",Hydro,3
2024-01-06T06,ERCO,"Electric Reliability Council of Texas, Inc.",Wind,5762
2024-01-06T07,ERCO,"Electric Reliability Council of Texas, Inc.",Coal,9931
2024-01-06T07,ERCO,"Electric Reliability Council of Texas, Inc.",Natural Gas,25061
2024-01-06T07,ERCO,"Electric Reliability Council of Texas, Inc.",Nuclear,5119
2024-01-06T07,ERCO,"Electric Reliability Council of Texas, Inc.",Other,105
2024-01-06T07,ERCO,"Electric Reliability Council of Texas, Inc.",Solar,0
2024-01-06T07,ERCO,"Electric Reliability Council of Texas, Inc.",Hydro,3
2024-01-06T07,ERCO,"Electric Reliability Council of Texas, Inc.",Wind,5150
2024-01-06T08,ERCO,"Electric Reliability Council of Texas, Inc.",Coal,9818
2024-01-06T08,ERCO,"Electric Reliability Council of Texas, Inc.",Natural Gas,25130
2024-01-06T08,ERCO,"Electric Reliability Council of Texas, Inc.",Nuclear,5120
2024-01-06T08,ERCO,"Electric Reliability Council of Texas, Inc.",Other,32
2024-01-06T08,ERCO,"Electric Reliability Council of Texas, Inc.",Solar,0
2024-01-06T08,ERCO,"Electric Reliability Council of Texas, Inc.",Hydro,3
2024-01-06T08,ERCO,"Electric Reliability Council of Texas, Inc.",Wind,4645
2024-01-06T09,ERCO,"Electric Reliability Council of Texas, Inc.",Coal,10241
2024-01-06T09,ERCO,"Electric Reliability Council of Texas, Inc.",Natural Gas,24947
2024-01-06T09,ERCO,"Electric Reliability Council of Texas, Inc.",Nuclear,5120
2024-01-06T09,ERCO,"Electric Reliability Council of Texas, Inc.",Other,57
2024-01-06T09,ERCO,"Electric Reliability Council of Texas, Inc.",Solar,0
2024-01-06T09,ERCO,"Electric Reliability Council of Texas, Inc.",Hydro,3
2024-01-06T09,ERCO,"Electric Reliability Council of Texas, Inc.",Wind,4368
2024-01-06T10,ERCO,"Electric Reliability Council of Texas, Inc.",Coal,10540
2024-01-06T10,ERCO,"Electric Reliability Council of Texas, Inc.",Natural Gas,25392
2024-01-06T10,ERCO,"Electric Reliability Council of Texas, Inc.",Nuclear,5120
2024-01-06T10,ERCO,"Electric Reliability Council of Texas, Inc.",Other,54
2024-01-06T10,ERCO,"Electric Reliability Council of Texas, Inc.",Solar,0
2024-01-06T10,ERCO,"Electric Reliability Council of Texas, Inc.",Hydro,3
2024-01-06T10,ERCO,"Electric Reliability Council of Texas, Inc.",Wind,4021
2024-01-06T11,ERCO,"Electric Reliability Council of Texas, Inc.",Coal,10821
2024-01-06T11,ERCO,"Electric Reliability Council of Texas, Inc.",Natural Gas,26104
2024-01-06T11,ERCO,"Electric Reliability Council of Texas, Inc.",Nuclear,5120
2024-01-06T11,ERCO,"Electric Reliability Council of Texas, Inc.",Other,44
2024-01-06T11,ERCO,"Electric Reliability Council of Texas, Inc.",Solar,0
2024-01-06T11,ERCO,"Electric Reliability Council of Texas, Inc.",Hydro,3
2024-01-06T11,ERCO,"Electric Reliability Council of Texas, Inc.",Wind,3773
2024-01-06T12,ERCO,"Electric Reliability Council of Texas, Inc.",Coal,11037
2024-01-06T12,ERCO,"Electric Reliability Council of Texas, Inc.",Natural Gas,27039
2024-01-06T12,ERCO,"Electric Reliability Council of Texas, Inc.",Nuclear,5121
2024-01-06T12,ERCO,"Electric Reliability Council of Texas, Inc.",Other,121
2024-01-06T12,ERCO,"Electric Reliability Council of Texas, Inc.",Solar,0
2024-01-06T12,ERCO,"Electric Reliability Council of Texas, Inc.",Hydro,3
2024-01-06T12,ERCO,"Electric Reliability Council of Texas, Inc.",Wind,3773
2024-01-06T13,ERCO,"Electric Reliability Council of Texas, Inc.",Coal,11223
2024-01-06T13,ERCO,"Electric Reliability Council of Texas, Inc.",Natural Gas,28489
2024-01-06T13,ERCO,"Electric Reliability Council of Texas, Inc.",Nuclear,5120
2024-01-06T13,ERCO,"Electric Reliability Council of Texas, Inc.",Other,368
2024-01-06T13,ERCO,"Electric Reliability Council of Texas, Inc.",Solar,0
2024-01-06T13,ERCO,"Electric Reliability Council of Texas, Inc.",Hydro,3
2024-01-06T13,ERCO,"Electric Reliability Council of Texas, Inc.",Wind,3394
2024-01-06T14,ERCO,"Electric Reliability Council of Texas, Inc.",Coal,11294
2024-01-06T14,ERCO,"Electric Reliability Council of Texas, Inc.",Natural Gas,29219
2024-01-06T14,ERCO,"Electric Reliability Council of Texas, Inc.",Nuclear,5121
2024-01-06T14,ERCO,"Electric Reliability Council of Texas, Inc.",Other,634
2024-01-06T14,ERCO,"Electric Reliability Council of Texas, Inc.",Solar,210
2024-01-06T14,ERCO,"Electric Reliability Council of Texas, Inc.",Hydro,3
2024-01-06T14,ERCO,"Electric Reliability Council of Texas, Inc.",Wind,3411
2024-01-06T15,ERCO,"Electric Reliability Council of Texas, Inc.",Coal,10694
2024-01-06T15,ERCO,"Electric Reliability Council of Texas, Inc.",Natural Gas,27655
2024-01-06T15,ERCO,"Electric Reliability Council of Texas, Inc.",Nuclear,5121
2024-01-06T15,ERCO,"Electric Reliability Council of Texas, Inc.",Other,107
2024-01-06T15,ERCO,"Electric Reliability Council of Texas, Inc.",Solar,4133
2024-01-06T15,ERCO,"Electric Reliability Council of Texas, Inc.",Hydro,3
2024-01-06T15,ERCO,"Electric Reliability Council of Texas, Inc.",Wind,3233
2024-01-06T16,ERCO,"Electric Reliability Council of Texas, Inc.",Coal,9596
2024-01-06T16,ERCO,"Electric Reliability Council of Texas, Inc.",Natural Gas,23715
2024-01-06T16,ERCO,"Electric Reliability Council of Texas, Inc.",Nuclear,5121
2024-01-06T16,ERCO,"Electric Reliability Council of Texas, Inc.",Other,54
2024-01-06T16,ERCO,"Electric Reliability Council of Texas, Inc.",Solar,9499
2024-01-06T16,ERCO,"Electric Reliability Council of Texas, Inc.",Hydro,3
2024-01-06T16,ERCO,"Electric Reliability Council of Texas, Inc.",Wind,2681
2024-01-06T17,ERCO,"Electric Reliability Council of Texas, Inc.",Coal,9014
2024-01-06T17,ERCO,"Electric Reliability Council of Texas, Inc.",Natural Gas,21953
2024-01-06T17,ERCO,"Electric Reliability Council of Texas, Inc.",Nuclear,5121
2024-01-06T17,ERCO,"Electric Reliability Council of Texas, Inc.",Other,48
2024-01-06T17,ERCO,"Electric Reliability Council of Texas, Inc.",Solar,10396
2024-01-06T17,ERCO,"Electric Reliability Council of Texas, Inc.",Hydro,3
2024-01-06T17,ERCO,"Electric Reliability Council of Texas, Inc.",Wind,3157
2024-01-06T18,ERCO,"Electric Reliability Council of Texas, Inc.",Coal,7937
2024-01-06T18,ERCO,"Electric Reliability Council of Texas, Inc.",Natural Gas,20462
2024-01-06T18,ERCO,"Electric Reliability Council of Texas, Inc.",Nuclear,5121
2024-01-06T18,ERCO,"Electric Reliability Council of Texas, Inc.",Other,91
2024-01-06T18,ERCO,"Electric Reliability Council of Texas, Inc.",Solar,10454
2024-01-06T18,ERCO,"Electric Reliability Council of Texas, Inc.",Hydro,3
2024-01-06T18,ERCO,"Electric Reliability Council of Texas, Inc.",Wind,4117
2024-01-06T19,ERCO,"Electric Reliability Council of Texas, Inc.",Coal,6052
2024-01-06T19,ERCO,"Electric Reliability Council of Texas, Inc.",Natural Gas,19362
2024-01-06T19,ERCO,"Electric Reliability Council of Texas, Inc.",Nuclear,5121
2024-01-06T19,ERCO,"Electric Reliability Council of Texas, Inc.",Other,63
2024-01-06T19,ERCO,"Electric Reliability Council of Texas, Inc.",Solar,10972
2024-01-06T19,ERCO,"Electric Reliability Council of Texas, Inc.",Hydro,0
2024-01-06T19,ERCO,"Electric Reliability Council of Texas, Inc.",Wind,5110
2024-01-06T20,ERCO,"Electric Reliability Council of Texas, Inc.",Coal,5261
2024-01-06T20,ERCO,"Electric Reliability Council of Texas, Inc.",Natural Gas,18040
2024-01-06T20,ERCO,"Electric Reliability Council of Texas, Inc.",Nuclear,5121
2024-01-06T20,ERCO,"Electric Reliability Council of Texas, Inc.",Other,54
2024-01-06T20,ERCO,"Electric Reliability Council of Texas, Inc.",Solar,11159
2024-01-06T20,ERCO,"Electric Reliability Council of Texas, Inc.",Hydro,0
2024-01-06T20,ERCO,"Electric Reliability Council of Texas, Inc.",Wind,5567
2024-01-06T21,ERCO,"Electric Reliability Council of Texas, Inc.",Coal,5450
2024-01-06T21,ERCO,"Electric Reliability Council of Texas, Inc.",Natural Gas,15907
2024-01-06T21,ERCO,"Electric Reliability Council of Texas, Inc.",Nuclear,5121
2024-01-06T21,ERCO,"Electric Reliability Council of Texas, Inc.",Other,78
2024-01-06T21,ERCO,"Electric Reliability Council of Texas, Inc.",Solar,11469
2024-01-06T21,ERCO,"Electric Reliability Council of Texas, Inc.",Hydro,0
2024-01-06T21,ERCO,"Electric Reliability Council of Texas, Inc.",Wind,6775
2024-01-06T22,ERCO,"Electric Reliability Council of Texas, Inc.",Coal,5414
2024-01-06T22,ERCO,"Electric Reliability Council of Texas, Inc.",Natural Gas,15030
2024-01-06T22,ERCO,"Electric Reliability Council of Texas, Inc.",Nuclear,5121
2024-01-06T22,ERCO,"Electric Reliability Council of Texas, Inc.",Other,90
2024-01-06T22,ERCO,"Electric Reliability Council of Texas, Inc.",Solar,11330
2024-01-06T22,ERCO,"Electric Reliability Council of Texas, Inc.",Hydro,0
2024-01-06T22,ERCO,"Electric Reliability Council of Texas, Inc.",Wind,7782
2024-01-06T23,ERCO,"Electric Reliability Council of Texas, Inc.",Coal,5594
2024-01-06T23,ERCO,"Electric Reliability Council of Texas, Inc.",Natural Gas,17865
2024-01-06T23,ERCO,"Electric Reliability Council of Texas, Inc.",Nuclear,5120
2024-01-06T23,ERCO,"Electric Reliability Council of Texas, Inc.",Other,139
2024-01-06T23,ERCO,"Electric Reliability Council of Texas, Inc.",Solar,7714
2024-01-06T23,ERCO,"Electric Reliability Council of Texas, Inc.",Hydro,17
2024-01-06T23,ERCO,"Electric Reliability Council of Texas, Inc.",Wind,8387
2024-01-07T00,ERCO,"Electric Reliability Council of Texas, Inc.",Coal,8141
2024-01-07T00,ERCO,"Electric Reliability Council of Texas, Inc.",Natural Gas,23863
2024-01-07T00,ERCO,"Electric Reliability Council of Texas, Inc.",Nuclear,5119
2024-01-07T00,ERCO,"Electric Reliability Council of Texas, Inc.",Other,311
2024-01-07T00,ERCO,"Electric Reliability Council of Texas, Inc.",Solar,1289
2024-01-07T00,ERCO,"Electric Reliability Council of Texas, Inc.",Hydro,18
2024-01-07T00,ERCO,"Electric Reliability Council of Texas, Inc.",Wind,7211
2024-01-07T01,ERCO,"Electric Reliability Council of Texas, Inc.",Coal,10399
2024-01-07T01,ERCO,"Electric Reliability Council of Texas, Inc.",Natural Gas,26019
2024-01-07T01,ERCO,"Electric Reliability Council of Texas, Inc.",Nuclear,5119
2024-01-07T01,ERCO,"Electric Reliability Council of Texas, Inc.",Other,401
2024-01-07T01,ERCO,"Electric Reliability Council of Texas, Inc.",Solar,1
2024-01-07T01,ERCO,"Electric Reliability Council of Texas, Inc.",Hydro,43
2024-01-07T01,ERCO,"Electric Reliability Council of Texas, Inc.",Wind,5912
2024-01-07T02,ERCO,"Electric Reliability Council of Texas, Inc.",Coal,10786
2024-01-07T02,ERCO,"Electric Reliability Council of Texas, Inc.",Natural Gas,26863
2024-01-07T02,ERCO,"Electric Reliability Council of Texas, Inc.",Nuclear,5118
2024-01-07T02,ERCO,"Electric Reliability Council of Texas, Inc.",Other,435
2024-01-07T02,ERCO,"Electric Reliability Council of Texas, Inc.",Solar,0
2024-01-07T02,ERCO,"Electric Reliability Council of Texas, Inc.",Hydro,42
2024-01-07T02,ERCO,"Electric Reliability Council of Texas, Inc.",Wind,4896
2024-01-07T03,ERCO,"Electric Reliability Council of Texas, Inc.",Coal,10776
2024-01-07T03,ERCO,"Electric Reliability Council of Texas, Inc.",Natural Gas,26964
2024-01-07T03,ERCO,"Electric Reliability Council of Texas, Inc.",Nuclear,5118
2024-01-07T03,ERCO,"Electric Reliability Council of Texas, Inc.",Other,165
2024-01-07T03,ERCO,"Electric Reliability Council of Texas, Inc.",Solar,0
2024-01-07T03,ERCO,"Electric Reliability Council of Texas, Inc.",Hydro,18
2024-01-07T03,ERCO,"Electric Reliability Council of Texas, Inc.",Wind,5323
2024-01-07T04,ERCO,"Electric Reliability Council of Texas, Inc.",Coal,10695
2024-01-07T04,ERCO,"Electric Reliability Council of Texas, Inc.",Natural Gas,26385
2024-01-07T04,ERCO,"Electric Reliability Council of Texas, Inc.",Nuclear,5117
2024-01-07T04,ERCO,"Electric Reliability Council of Texas, Inc.",Other,168
2024-01-07T04,ERCO,"Electric Reliability Council of Texas, Inc.",Solar,0
2024-01-07T04,ERCO,"Electric Reliability Council of Texas, Inc.",Hydro,0
2024-01-07T04,ERCO,"Electric Reliability Council of Texas, Inc.",Wind,5741
2024-01-07T05,ERCO,"Electric Reliability Council of Texas, Inc.",Coal,10818
2024-01-07T05,ERCO,"Electric Reliability Council of Texas, Inc.",Natural Gas,25246
2024-01-07T05,ERCO,"Electric Reliability Council of Texas, Inc.",Nuclear,5116
2024-01-07T05,ERCO,"Electric Reliability Council of Texas, Inc.",Other,231
2024-01-07T05,ERCO,"Electric Reliability Council of Texas, Inc.",Solar,0
2024-01-07T05,ERCO,"Electric Reliability Council of Texas, Inc.",Hydro,0
2024-01-07T05,ERCO,"Electric Reliability Council of Texas, Inc.",Wind,6017
2024-01-07T06,ERCO,"Electric Reliability Council of Texas, Inc.",Coal,10777
2024-01-07T06,ERCO,"Electric Reliability Council of Texas, Inc.",Natural Gas,24218
2024-01-07T06,ERCO,"Electric Reliability Council of Texas, Inc.",Nuclear,5117
2024-01-07T06,ERCO,"Electric Reliability Council of Texas, Inc.",Other,231
2024-01-07T06,ERCO,"Electric Reliability Council of Texas, Inc.",Solar,0
2024-01-07T06,ERCO,"Electric Reliability Council of Texas, Inc.",Hydro,0
2024-01-07T06,ERCO,"Electric Reliability Council of Texas, Inc.",Wind,6165
2024-01-07T07,ERCO,"Electric Reliability Council of Texas, Inc.",Coal,10700
2024-01-07T07,ERCO,"Electric Reliability Council of Texas, Inc.",Natural Gas,22887
2024-01-07T07,ERCO,"Electric Reliability Council of Texas, Inc.",Nuclear,5117
2024-01-07T07,ERCO,"Electric Reliability Council of Texas, Inc.",Other,456
2024-01-07T07,ERCO,"Electric Reliability Council of Texas, Inc.",Solar,0
2024-01-07T07,ERCO,"Electric Reliability Council of Texas, Inc.",Hydro,4
2024-01-07T07,ERCO,"Electric Reliability Council of Texas, Inc.",Wind,6046
2024-01-07T08,ERCO,"Electric Reliability Council of Texas, Inc.",Coal,10593
2024-01-07T08,ERCO,"Electric Reliability Council of Texas, Inc.",Natural Gas,22761
2024-01-07T08,ERCO,"Electric Reliability Council of Texas, Inc.",Nuclear,5118
2024-01-07T08,ERCO,"Electric Reliability Council of Texas, Inc.",Other,222
2024-01-07T08,ERCO,"Electric Reliability Council of Texas, Inc.",Solar,0
2024-01-07T08,ERCO,"Electric Reliability Council of Texas, Inc.",Hydro,4
2024-01-07T08,ERCO,"Electric Reliability Council of Texas, Inc.",Wind,6278
2024-01-07T09,ERCO,"Electric Reliability Council of Texas, Inc.",Coal,10626
2024-01-07T09,ERCO,"Electric Reliability Council of Texas, Inc.",Natural Gas,22605
2024-01-07T09,ERCO,"Electric Reliability Council of Texas, Inc.",Nuclear,5117
2024-01-07T09,ERCO,"Electric Reliability Council of Texas, Inc.",Other,62
2024-01-07T09,ERCO,"Electric Reliability Council of Texas, Inc.",Solar,0
2024-01-07T09,ERCO,"Electric Reliability Council of Texas, Inc.",Hydro,4
2024-01-07T09,ERCO,"Electric Reliability Council of Texas, Inc.",Wind,6769
2024-01-07T10,ERCO,"Electric Reliability Council of Texas, Inc.",Coal,10609
2024-01-07T10,ERCO,"Electric Reliability Council of Texas, Inc.",Natural Gas,22344
2024-01-07T10,ERCO,"Electric Reliability Council of Texas, Inc.",Nuclear,5118
2024-01-07T10,ERCO,"Electric Reliability Council of Texas, Inc.",Other,179
2024-01-07T10,ERCO,"Electric Reliability Council of Texas, Inc.",Solar,0
2024-01-07T10,ERCO,"Electric Reliability Council of Texas, Inc.",Hydro,4
2024-01-07T10,ERCO,"Electric Reliability Council of Texas, Inc.",Wind,7290
2024-01-07T11,ERCO,"Electric Reliability Council of Texas, Inc.",Coal,10788
2024-01-07T11,ERCO,"Electric Reliability Council of Texas, Inc.",Natural Gas,22289
2024-01-07T11,ERCO,"Electric Reliability Council of Texas, Inc.",Nuclear,5118
2024-01-07T11,ERCO,"Electric Reliability Council of Texas, Inc.",Other,126
2024-01-07T11,ERCO,"Electric Reliability Council of Texas, Inc.",Solar,0
2024-01-07T11,ERCO,"Electric Reliability Council of Texas, Inc.",Hydro,4
2024-01-07T11,ERCO,"Electric Reliability Council of Texas, Inc.",Wind,7942
2024-01-07T12,ERCO,"Electric Reliability Council of Texas, Inc.",Coal,10962
2024-01-07T12,ERCO,"Electric Reliability Council of Texas, Inc.",Natural Gas,21934
2024-01-07T12,ERCO,"Electric Reliability Council of Texas, Inc.",Nuclear,5118
2024-01-07T12,ERCO,"Electric Reliability Council of Texas, Inc.",Other,122
2024-01-07T12,ERCO,"Electric Reliability Council of Texas, Inc.",Solar,0
2024-01-07T12,ERCO,"Electric Reliability Council of Texas, Inc.",Hydro,4
2024-01-07T12,ERCO,"Electric Reliability Council of Texas, Inc.",Wind,9368
2024-01-07T13,ERCO,"Electric Reliability Council of Texas, Inc.",Coal,10812
2024-01-07T13,ERCO,"Electric Reliability Council of Texas, Inc.",Natural Gas,21577
2024-01-07T13,ERCO,"Electric Reliability Council of Texas, Inc.",Nuclear,5118
2024-01-07T13,ERCO,"Electric Reliability Council of Texas, Inc.",Other,110
2024-01-07T13,ERCO,"Electric Reliability Council of Texas, Inc.",Solar,0
2024-01-07T13,ERCO,"Electric Reliability Council of Texas, Inc.",Hydro,4
2024-01-07T13,ERCO,"Electric Reliability Council of Texas, Inc.",Wind,11773
2024-01-07T14,ERCO,"Electric Reliability Council of Texas, Inc.",Coal,10319
2024-01-07T14,ERCO,"Electric Reliability Council of Texas, Inc.",Natural Gas,20102
2024-01-07T14,ERCO,"Electric Reliability Council of Texas, Inc.",Nuclear,5118
2024-01-07T14,ERCO,"Electric Reliability Council of Texas, Inc.",Other,191
2024-01-07T14,ERCO,"Electric Reliability Council of Texas, Inc.",Solar,162
2024-01-07T14,ERCO,"Electric Reliability Council of Texas, Inc.",Hydro,4
2024-01-07T14,ERCO,"Electric Reliability Council of Texas, Inc.",Wind,15400
2024-01-07T15,ERCO,"Electric Reliability Council of Texas, Inc.",Coal,8053
2024-01-07T15,ERCO,"Electric Reliability Council of Texas, Inc.",Natural Gas,14529
2024-01-07T15,ERCO,"Electric Reliability Council of Texas, Inc.",Nuclear,5118
2024-01-07T15,ERCO,"Electric Reliability Council of Texas, Inc.",Other,61
2024-01-07T15,ERCO,"Electric Reliability Council of Texas, Inc.",Solar,4280
2024-01-07T15,ERCO,"Electric Reliability Council of Texas, Inc.",Hydro,4
2024-01-07T15,ERCO,"Electric Reliability Council of Texas, Inc.",Wind,19775
2024-01-07T16,ERCO,"Electric Reliability Council of Texas, Inc.",Coal,5960
2024-01-07T16,ERCO,"Electric Reliability Council of Texas, Inc.",Natural Gas,10325
2024-01-07T16,ERCO,"Electric Reliability Council of Texas, Inc.",Nuclear,5118
2024-01-07T16,ERCO,"Electric Reliability Council of Texas, Inc.",Other,219
2024-01-07T16,ERCO,"Electric Reliability Council of Texas, Inc.",Solar,8679
2024-01-07T16,ERCO,"Electric Reliability Council of Texas, Inc.",Hydro,5
2024-01-07T16,ERCO,"Electric Reliability Council of Texas, Inc.",Wind,19903
2024-01-07T17,ERCO,"Electric Reliability Council of Texas, Inc.",Coal,5493
2024-01-07T17,ERCO,"Electric Reliability Council of Texas, Inc.",Natural Gas,8813
2024-01-07T17,ERCO,"Electric Reliability Council of Texas, Inc.",Nuclear,5118
2024-01-07T17,ERCO,"Electric Reliability Council of Texas, Inc.",Other,88
2024-01-07T17,ERCO,"Electric Reliability Council of Texas, Inc.",Solar,9135
2024-01-07T17,ERCO,"Electric Reliability Council of Texas, Inc.",Hydro,32
2024-01-07T17,ERCO,"Electric Reliability Council of Texas, Inc.",Wind,19621
2024-01-07T18,ERCO,"Electric Reliability Council of Texas, Inc.",Coal,5118
2024-01-07T18,ERCO,"Electric Reliability Council of Texas, Inc.",Natural Gas,6871
2024-01-07T18,ERCO,"Electric Reliability Council of Texas, Inc.",Nuclear,5118
2024-01-07T18,ERCO,"Electric Reliability Council of Texas, Inc.",Other,61
2024-01-07T18,ERCO,"Electric Reliability Council of Texas, Inc.",Solar,7833
2024-01-07T18,ERCO,"Electric Reliability Council of Texas, Inc.",Hydro,50
2024-01-07T18,ERCO,"Electric Reliability Council of Texas, Inc.",Wind,21775
2024-01-07T19,ERCO,"Electric Reliability Council of Texas, Inc.",Coal,4503
2024-01-07T19,ERCO,"Electric Reliability Council of Texas, Inc.",Natural Gas,5664
2024-01-07T19,ERCO,"Electric Reliability Council of Texas, Inc.",Nuclear,5118
2024-01-07T19,ERCO,"Electric Reliability Council of Texas, Inc.",Other,104
2024-01-07T19,ERCO,"Electric Reliability Council of Texas, Inc.",Solar,6585
2024-01-07T19,ERCO,"Electric Reliability Council of Texas, Inc.",Hydro,19
2024-01-07T19,ERCO,"Electric Reliability Council of Texas, Inc.",Wind,23821
2024-01-07T20,ERCO,"Electric Reliability Council of Texas, Inc.",Coal,4216
2024-01-07T20,ERCO,"Electric Reliability Council of Texas, Inc.",Natural Gas,5648
2024-01-07T20,ERCO,"Electric Reliability Council of Texas, Inc.",Nuclear,5118
2024-01-07T20,ERCO,"Electric Reliability Council of Texas, Inc.",Other,48
2024-01-07T20,ERCO,"Electric Reliability Council of Texas, Inc.",Solar,4838
2024-01-07T20,ERCO,"Electric Reliability Council of Texas, Inc.",Hydro,0
2024-01-07T20,ERCO,"Electric Reliability Council of Texas, Inc.",Wind,24994
2024-01-07T21,ERCO,"Electric Reliability Council of Texas, Inc.",Coal,4167
2024-01-07T21,ERCO,"Electric Reliability Council of Texas, Inc.",Natural Gas,5642
2024-01-07T21,ERCO,"Electric Reliability Council of Texas, Inc.",Nuclear,5118
2024-01-07T21,ERCO,"Electric Reliability Council of Texas, Inc.",Other,39
2024-01-07T21,ERCO,"Electric Reliability Council of Texas, Inc.",Solar,4253
2024-01-07T21,ERCO,"Electric Reliability Council of Texas, Inc.",Hydro,0
2024-01-07T21,ERCO,"Electric Reliability Council of Texas, Inc.",Wind,24940
2024-01-07T22,ERCO,"Electric Reliability Council of Texas, Inc.",Coal,4158
2024-01-07T22,ERCO,"Electric Reliability Council of Texas, Inc.",Natural Gas,5662
2024-01-07T22,ERCO,"Electric Reliability Council of Texas, Inc.",Nuclear,5109
2024-01-07T22,ERCO,"Electric Reliability Council of Texas, Inc.",Other,101
2024-01-07T22,ERCO,"Electric Reliability Council of Texas, Inc.",Solar,3997
2024-01-07T22,ERCO,"Electric Reliability Council of Texas, Inc.",Hydro,0
2024-01-07T22,ERCO,"Electric Reliability Council of Texas, Inc.",Wind,24905
2024-01-07T23,ERCO,"Electric Reliability Council of Texas, Inc.",Coal,4480
2024-01-07T23,ERCO,"Electric Reliability Council of Texas, Inc.",Natural Gas,6290
2024-01-07T23,ERCO,"Electric Reliability Council of Texas, Inc.",Nuclear,5096
2024-01-07T23,ERCO,"Electric Reliability Council of Texas, Inc.",Other,235
2024-01-07T23,ERCO,"Electric Reliability Council of Texas, Inc.",Solar,3086
2024-01-07T23,ERCO,"Electric Reliability Council of Texas, Inc.",Hydro,17
2024-01-07T23,ERCO,"Electric Reliability Council of Texas, Inc.",Wind,25428
2024-01-01T00,ISNE,ISO New England,Coal,0
2024-01-01T00,ISNE,ISO New England,Natural Gas,7792
2024-01-01T00,ISNE,ISO New England,Nuclear,3354
2024-01-01T00,ISNE,ISO New England,Petroleum,0
2024-01-01T00,ISNE,ISO New England,Other,560
2024-01-01T00,ISNE,ISO New England,Solar,0
2024-01-01T00,ISNE,ISO New England,Hydro,1753
2024-01-01T00,ISNE,ISO New England,Wind,100
2024-01-01T01,ISNE,ISO New England,Coal,0
2024-01-01T01,ISNE,ISO New England,Natural Gas,7718
2024-01-01T01,ISNE,ISO New England,Nuclear,3355
2024-01-01T01,ISNE,ISO New England,Petroleum,0
2024-01-01T01,ISNE,ISO New England,Other,567
2024-01-01T01,ISNE,ISO New England,Solar,0
2024-01-01T01,ISNE,ISO New England,Hydro,1335
2024-01-01T01,ISNE,ISO New England,Wind,83
2024-01-01T02,ISNE,ISO New England,Coal,0
2024-01-01T02,ISNE,ISO New England,Natural Gas,7210
2024-01-01T02,ISNE,ISO New England,Nuclear,3354
2024-01-01T02,ISNE,ISO New England,Petroleum,0
2024-01-01T02,ISNE,ISO New England,Other,563
2024-01-01T02,ISNE,ISO New England,Solar,0
2024-01-01T02,ISNE,ISO New England,Hydro,1229
2024-01-01T02,ISNE,ISO New England,Wind,60
2024-01-01T03,ISNE,ISO New England,Coal,0
2024-01-01T03,ISNE,ISO New England,Natural Gas,6583
2024-01-01T03,ISNE,ISO New England,Nuclear,3350
2024-01-01T03,ISNE,ISO New England,Petroleum,0
2024-01-01T03,ISNE,ISO New England,Other,562
2024-01-01T03,ISNE,ISO New England,Solar,0
2024-01-01T03,ISNE,ISO New England,Hydro,1243
2024-01-01T03,ISNE,ISO New England,Wind,52
2024-01-01T04,ISNE,ISO New England,Coal,0
2024-01-01T04,ISNE,ISO New England,Natural Gas,5918
2024-01-01T04,ISNE,ISO New England,Nuclear,3353
2024-01-01T04,ISNE,ISO New England,Petroleum,0
2024-01-01T04,ISNE,ISO New England,Other,576
2024-01-01T04,ISNE,ISO New England,Solar,0
2024-01-01T04,ISNE,ISO New England,Hydro,1336
2024-01-01T04,ISNE,ISO New England,Wind,52
2024-01-01T05,ISNE,ISO New England,Coal,0
2024-01-01T05,ISNE,ISO New England,Natural Gas,5317
2024-01-01T05,ISNE,ISO New England,Nuclear,3346
2024-01-01T05,ISNE,ISO New England,Petroleum,0
2024-01-01T05,ISNE,ISO New England,Other,560
2024-01-01T05,ISNE,ISO New England,Solar,0
2024-01-01T05,ISNE,ISO New England,Hydro,1306
2024-01-01T05,ISNE,ISO New England,Wind,48
2024-01-01T06,ISNE,ISO New England,Coal,0
2024-01-01T06,ISNE,ISO New England,Natural Gas,5108
2024-01-01T06,ISNE,ISO New England,Nuclear,3363
2024-01-01T06,ISNE,ISO New England,Petroleum,0
2024-01-01T06,ISNE,ISO New England,Other,571
2024-01-01T06,ISNE,ISO New England,Solar,0
2024-01-01T06,ISNE,ISO New England,Hydro,1108
2024-01-01T06,ISNE,ISO New England,Wind,47
2024-01-01T07,ISNE,ISO New England,Coal,0
2024-01-01T07,ISNE,ISO New England,Natural Gas,4884
2024-01-01T07,ISNE,ISO New England,Nuclear,3358
2024-01-01T07,ISNE,ISO New England,Petroleum,0
2024-01-01T07,ISNE,ISO New England,Other,568
2024-01-01T07,ISNE,ISO New England,Solar,0
2024-01-01T07,ISNE,ISO New England,Hydro,1063
2024-01-01T07,ISNE,ISO New England,Wind,50
2024-01-01T08,ISNE,ISO New England,Coal,0
2024-01-01T08,ISNE,ISO New England,Natural Gas,4695
2024-01-01T08,ISNE,ISO New England,Nuclear,3356
2024-01-01T08,ISNE,ISO New England,Petroleum,0
2024-01-01T08,ISNE,ISO New England,Other,564
2024-01-01T08,ISNE,ISO New England,Solar,0
2024-01-01T08,ISNE,ISO New England,Hydro,1062
2024-01-01T08,ISNE,ISO New England,Wind,45
2024-01-01T09,ISNE,ISO New England,Coal,0
2024-01-01T09,ISNE,ISO New England,Natural Gas,4774
2024-01-01T09,ISNE,ISO New England,Nuclear,3358
2024-01-01T09,ISNE,ISO New England,Petroleum,0
2024-01-01T09,ISNE,ISO New England,Other,556
2024-01-01T09,ISNE,ISO New England,Solar,0
2024-01-01T09,ISNE,ISO New England,Hydro,1062
2024-01-01T09,ISNE,ISO New England,Wind,45
2024-01-01T10,ISNE,ISO New England,Coal,0
2024-01-01T10,ISNE,ISO New England,Natural Gas,4712
2024-01-01T10,ISNE,ISO New England,Nuclear,3367
2024-01-01T10,ISNE,ISO New England,Petroleum,0
2024-01-01T10,ISNE,ISO New England,Other,547
2024-01-01T10,ISNE,ISO New England,Solar,0
2024-01-01T10,ISNE,ISO New England,Hydro,1064
2024-01-01T10,ISNE,ISO New England,Wind,41
2024-01-01T11,ISNE,ISO New England,Coal,0
2024-01-01T11,ISNE,ISO New England,Natural Gas,4680
2024-01-01T11,ISNE,ISO New England,Nuclear,3354
2024-01-01T11,ISNE,ISO New England,Petroleum,0
2024-01-01T11,ISNE,ISO New England,Other,557
2024-01-01T11,ISNE,ISO New England,Solar,0
2024-01-01T11,ISNE,ISO New England,Hydro,1071
2024-01-01T11,ISNE,ISO New England,Wind,52
2024-01-01T12,ISNE,ISO New England,Coal,0
2024-01-01T12,ISNE,ISO New England,Natural Gas,4928
2024-01-01T12,ISNE,ISO New England,Nuclear,3371
2024-01-01T12,ISNE,ISO New England,Petroleum,0
2024-01-01T12,ISNE,ISO New England,Other,558
2024-01-01T12,ISNE,ISO New England,Solar,0
2024-01-01T12,ISNE,ISO New England,Hydro,1086
2024-01-01T12,ISNE,ISO New England,Wind,49
2024-01-01T13,ISNE,ISO New England,Coal,0
2024-01-01T13,ISNE,ISO New England,Natural Gas,5404
2024-01-01T13,ISNE,ISO New England,Nuclear,3359
2024-01-01T13,ISNE,ISO New England,Petroleum,0
2024-01-01T13,ISNE,ISO New England,Other,567
2024-01-01T13,ISNE,ISO New England,Solar,4
2024-01-01T13,ISNE,ISO New England,Hydro,1065
2024-01-01T13,ISNE,ISO New England,Wind,52
2024-01-01T14,ISNE,ISO New England,Coal,1
2024-01-01T14,ISNE,ISO New England,Natural Gas,5485
2024-01-01T14,ISNE,ISO New England,Nuclear,3365
2024-01-01T14,ISNE,ISO New England,Petroleum,0
2024-01-01T14,ISNE,ISO New England,Other,558
2024-01-01T14,ISNE,ISO New England,Solar,37
2024-01-01T14,ISNE,ISO New England,Hydro,1116
2024-01-01T14,ISNE,ISO New England,Wind,54
2024-01-01T15,ISNE,ISO New England,Coal,0
2024-01-01T15,ISNE,ISO New England,Natural Gas,5701
2024-01-01T15,ISNE,ISO New England,Nuclear,3364
2024-01-01T15,ISNE,ISO New England,Petroleum,0
2024-01-01T15,ISNE,ISO New England,Other,556
2024-01-01T15,ISNE,ISO New England,Solar,120
2024-01-01T15,ISNE,ISO New England,Hydro,1115
2024-01-01T15,ISNE,ISO New England,Wind,53
2024-01-01T16,ISNE,ISO New England,Coal,0
2024-01-01T16,ISNE,ISO New England,Natural Gas,5566
2024-01-01T16,ISNE,ISO New England,Nuclear,3365
2024-01-01T16,ISNE,ISO New England,Petroleum,0
2024-01-01T16,ISNE,ISO New England,Other,547
2024-01-01T16,ISNE,ISO New England,Solar,230
2024-01-01T16,ISNE,ISO New England,Hydro,1105
2024-01-01T16,ISNE,ISO New England,Wind,41
2024-01-01T17,ISNE,ISO New England,Coal,1
2024-01-01T17,ISNE,ISO New England,Natural Gas,5619
2024-01-01T17,ISNE,ISO New England,Nuclear,3356
2024-01-01T17,ISNE,ISO New England,Petroleum,0
2024-01-01T17,ISNE,ISO New England,Other,554
2024-01-01T17,ISNE,ISO New England,Solar,309
2024-01-01T17,ISNE,ISO New England,Hydro,1070
2024-01-01T17,ISNE,ISO New England,Wind,45
2024-01-01T18,ISNE,ISO New England,Coal,0
2024-01-01T18,ISNE,ISO New England,Natural Gas,5464
2024-01-01T18,ISNE,ISO New England,Nuclear,3363
2024-01-01T18,ISNE,ISO New England,Petroleum,0
2024-01-01T18,ISNE,ISO New England,Other,552
2024-01-01T18,ISNE,ISO New England,Solar,321
2024-01-01T18,ISNE,ISO New England,Hydro,1068
2024-01-01T18,ISNE,ISO New England,Wind,44
2024-01-01T19,ISNE,ISO New England,Coal,0
2024-01-01T19,ISNE,ISO New England,Natural Gas,5426
2024-01-01T19,ISNE,ISO New England,Nuclear,3358
2024-01-01T19,ISNE,ISO New England,Petroleum,0
2024-01-01T19,ISNE,ISO New England,Other,559
2024-01-01T19,ISNE,ISO New England,Solar,248
2024-01-01T19,ISNE,ISO New England,Hydro,1057
2024-01-01T19,ISNE,ISO New England,Wind,53
2024-01-01T20,ISNE,ISO New England,Coal,0
2024-01-01T20,ISNE,ISO New England,Natural Gas,5912
2024-01-01T20,ISNE,ISO New England,Nuclear,3376
2024-01-01T20,ISNE,ISO New England,Petroleum,0
2024-01-01T20,ISNE,ISO New England,Other,572
2024-01-01T20,ISNE,ISO New England,Solar,189
2024-01-01T20,ISNE,ISO New England,Hydro,1035
2024-01-01T20,ISNE,ISO New England,Wind,54
2024-01-01T21,ISNE,ISO New England,Coal,0
2024-01-01T21,ISNE,ISO New England,Natural Gas,6980
2024-01-01T21,ISNE,ISO New England,Nuclear,3377
2024-01-01T21,ISNE,ISO New England,Petroleum,0
2024-01-01T21,ISNE,ISO New England,Other,564
2024-01-01T21,ISNE,ISO New England,Solar,65
2024-01-01T21,ISNE,ISO New England,Hydro,1261
2024-01-01T21,ISNE,ISO New England,Wind,57
2024-01-01T22,ISNE,ISO New England,Coal,0
2024-01-01T22,ISNE,ISO New England,Natural Gas,7586
2024-01-01T22,ISNE,ISO New England,Nuclear,3374
2024-01-01T22,ISNE,ISO New England,Petroleum,0
2024-01-01T22,ISNE,ISO New England,Other,546
2024-01-01T22,ISNE,ISO New England,Solar,5
2024-01-01T22,ISNE,ISO New England,Hydro,2046
2024-01-01T22,ISNE,ISO New England,Wind,58
2024-01-01T23,ISNE,ISO New England,Coal,0
2024-01-01T23,ISNE,ISO New England,Natural Gas,7559
2024-01-01T23,ISNE,ISO New England,Nuclear,3351
2024-01-01T23,ISNE,ISO New England,Petroleum,0
2024-01-01T23,ISNE,ISO New England,Other,519
2024-01-01T23,ISNE,ISO New England,Solar,1
2024-01-01T23,ISNE,ISO New England,Hydro,2219
2024-01-01T23,ISNE,ISO New England,Wind,63
2024-01-02T00,ISNE,ISO New England,Coal,0
2024-01-02T00,ISNE,ISO New England,Natural Gas,7673
2024-01-02T00,ISNE,ISO New England,Nuclear,3362
2024-01-02T00,ISNE,ISO New England,Petroleum,0
2024-01-02T00,ISNE,ISO New England,Other,519
2024-01-02T00,ISNE,ISO New England,Solar,0
2024-01-02T00,ISNE,ISO New England,Hydro,1949
2024-01-02T00,ISNE,ISO New England,Wind,85
2024-01-02T01,ISNE,ISO New England,Coal,0
2024-01-02T01,ISNE,ISO New England,Natural Gas,7658
2024-01-02T01,ISNE,ISO New England,Nuclear,3352
2024-01-02T01,ISNE,ISO New England,Petroleum,0
2024-01-02T01,ISNE,ISO New England,Other,523
2024-01-02T01,ISNE,ISO New England,Solar,0
2024-01-02T01,ISNE,ISO New England,Hydro,1575
2024-01-02T01,ISNE,ISO New England,Wind,109
2024-01-02T02,ISNE,ISO New England,Coal,0
2024-01-02T02,ISNE,ISO New England,Natural Gas,7716
2024-01-02T02,ISNE,ISO New England,Nuclear,3356
2024-01-02T02,ISNE,ISO New England,Petroleum,0
2024-01-02T02,ISNE,ISO New England,Other,511
2024-01-02T02,ISNE,ISO New England,Solar,0
2024-01-02T02,ISNE,ISO New England,Hydro,1282
2024-01-02T02,ISNE,ISO New England,Wind,99
2024-01-02T03,ISNE,ISO New England,Coal,0
2024-01-02T03,ISNE,ISO New England,Natural Gas,7303
2024-01-02T03,ISNE,ISO New England,Nuclear,3351
2024-01-02T03,ISNE,ISO New England,Petroleum,0
2024-01-02T03,ISNE,ISO New England,Other,535
2024-01-02T03,ISNE,ISO New England,Solar,0
2024-01-02T03,ISNE,ISO New England,Hydro,1144
2024-01-02T03,ISNE,ISO New England,Wind,92
2024-01-02T04,ISNE,ISO New England,Coal,0
2024-01-02T04,ISNE,ISO New England,Natural Gas,6524
2024-01-02T04,ISNE,ISO New England,Nuclear,3356
2024-01-02T04,ISNE,ISO New England,Petroleum,0
2024-01-02T04,ISNE,ISO New England,Other,531
2024-01-02T04,ISNE,ISO New England,Solar,0
2024-01-02T04,ISNE,ISO New England,Hydro,1044
2024-01-02T04,ISNE,ISO New England,Wind,111
2024-01-02T05,ISNE,ISO New England,Coal,0
2024-01-02T05,ISNE,ISO New England,Natural Gas,5301
2024-01-02T05,ISNE,ISO New England,Nuclear,3346
2024-01-02T05,ISNE,ISO New England,Petroleum,0
2024-01-02T05,ISNE,ISO New England,Other,529
2024-01-02T05,ISNE,ISO New England,Solar,0
2024-01-02T05,ISNE,ISO New England,Hydro,1040
2024-01-02T05,ISNE,ISO New England,Wind,129
2024-01-02T06,ISNE,ISO New England,Coal,0
2024-01-02T06,ISNE,ISO New England,Natural Gas,4918
2024-01-02T06,ISNE,ISO New England,Nuclear,3342
2024-01-02T06,ISNE,ISO New England,Petroleum,0
2024-01-02T06,ISNE,ISO New England,Other,541
2024-01-02T06,ISNE,ISO New England,Solar,0
2024-01-02T06,ISNE,ISO New England,Hydro,992
2024-01-02T06,ISNE,ISO New England,Wind,134
2024-01-02T07,ISNE,ISO New England,Coal,0
2024-01-02T07,ISNE,ISO New England,Natural Gas,4588
2024-01-02T07,ISNE,ISO New England,Nuclear,3352
2024-01-02T07,ISNE,ISO New England,Petroleum,0
2024-01-02T07,ISNE,ISO New England,Other,551
2024-01-02T07,ISNE,ISO New England,Solar,0
2024-01-02T07,ISNE,ISO New England,Hydro,993
2024-01-02T07,ISNE,ISO New England,Wind,159
2024-01-02T08,ISNE,ISO New England,Coal,0
2024-01-02T08,ISNE,ISO New England,Natural Gas,4577
2024-01-02T08,ISNE,ISO New England,Nuclear,3359
2024-01-02T08,ISNE,ISO New England,Petroleum,0
2024-01-02T08,ISNE,ISO New England,Other,549
2024-01-02T08,ISNE,ISO New England,Solar,0
2024-01-02T08,ISNE,ISO New England,Hydro,982
2024-01-02T08,ISNE,ISO New England,Wind,180
2024-01-02T09,ISNE,ISO New England,Coal,0
2024-01-02T09,ISNE,ISO New England,Natural Gas,4662
2024-01-02T09,ISNE,ISO New England,Nuclear,3365
2024-01-02T09,ISNE,ISO New England,Petroleum,0
2024-01-02T09,ISNE,ISO New England,Other,548
2024-01-02T09,ISNE,ISO New England,Solar,0
2024-01-02T09,ISNE,ISO New England,Hydro,944
2024-01-02T09,ISNE,ISO New England,Wind,194
2024-01-02T10,ISNE,ISO New England,Coal,0
2024-01-02T10,ISNE,ISO New England,Natural Gas,4938
2024-01-02T10,ISNE,ISO New England,Nuclear,3370
2024-01-02T10,ISNE,ISO New England,Petroleum,0
2024-01-02T10,ISNE,ISO New England,Other,559
2024-01-02T10,ISNE,ISO New England,Solar,0
2024-01-02T10,ISNE,ISO New England,Hydro,945
2024-01-02T10,ISNE,ISO New England,Wind,179
2024-01-02T11,ISNE,ISO New England,Coal,0
2024-01-02T11,ISNE,ISO New England,Natural Gas,5538
2024-01-02T11,ISNE,ISO New England,Nuclear,3361
2024-01-02T11,ISNE,ISO New England,Petroleum,0
2024-01-02T11,ISNE,ISO New England,Other,527
2024-01-02T11,ISNE,ISO New England,Solar,0
2024-01-02T11,ISNE,ISO New England,Hydro,1084
2024-01-02T11,ISNE,ISO New England,Wind,171
2024-01-02T12,ISNE,ISO New England,Coal,0
2024-01-02T12,ISNE,ISO New England,Natural Gas,6129
2024-01-02T12,ISNE,ISO New England,Nuclear,3393
2024-01-02T12,ISNE,ISO New England,Petroleum,0
2024-01-02T12,ISNE,ISO New England,Other,543
2024-01-02T12,ISNE,ISO New England,Solar,0
2024-01-02T12,ISNE,ISO New England,Hydro,1456
2024-01-02T12,ISNE,ISO New England,Wind,154
2024-01-02T13,ISNE,ISO New England,Coal,0
2024-01-02T13,ISNE,ISO New England,Natural Gas,7012
2024-01-02T13,ISNE,ISO New England,Nuclear,3363
2024-01-02T13,ISNE,ISO New England,Petroleum,0
2024-01-02T13,ISNE,ISO New England,Other,538
2024-01-02T13,ISNE,ISO New England,Solar,9
2024-01-02T13,ISNE,ISO New England,Hydro,1622
2024-01-02T13,ISNE,ISO New England,Wind,164
2024-01-02T14,ISNE,ISO New England,Coal,0
2024-01-02T14,ISNE,ISO New England,Natural Gas,6785
2024-01-02T14,ISNE,ISO New England,Nuclear,3353
2024-01-02T14,ISNE,ISO New England,Petroleum,0
2024-01-02T14,ISNE,ISO New England,Other,538
2024-01-02T14,ISNE,ISO New England,Solar,109
2024-01-02T14,ISNE,ISO New England,Hydro,1215
2024-01-02T14,ISNE,ISO New England,Wind,166
2024-01-02T15,ISNE,ISO New England,Coal,0
2024-01-02T15,ISNE,ISO New England,Natural Gas,6455
2024-01-02T15,ISNE,ISO New England,Nuclear,3366
2024-01-02T15,ISNE,ISO New England,Petroleum,0
2024-01-02T15,ISNE,ISO New England,Other,541
2024-01-02T15,ISNE,ISO New England,Solar,273
2024-01-02T15,ISNE,ISO New England,Hydro,1172
2024-01-02T15,ISNE,ISO New England,Wind,147
2024-01-02T16,ISNE,ISO New England,Coal,1
2024-01-02T16,ISNE,ISO New England,Natural Gas,6333
2024-01-02T16,ISNE,ISO New England,Nuclear,3361
2024-01-02T16,ISNE,ISO New England,Petroleum,0
2024-01-02T16,ISNE,ISO New England,Other,541
2024-01-02T16,ISNE,ISO New England,Solar,383
2024-01-02T16,ISNE,ISO New England,Hydro,1233
2024-01-02T16,ISNE,ISO New England,Wind,131
2024-01-02T17,ISNE,ISO New England,Coal,0
2024-01-02T17,ISNE,ISO New England,Natural Gas,6027
2024-01-02T17,ISNE,ISO New England,Nuclear,3359
2024-01-02T17,ISNE,ISO New England,Petroleum,0
2024-01-02T17,ISNE,ISO New England,Other,534
2024-01-02T17,ISNE,ISO New England,Solar,429
2024-01-02T17,ISNE,ISO New England,Hydro,1070
2024-01-02T17,ISNE,ISO New England,Wind,132
2024-01-02T18,ISNE,ISO New England,Coal,2
2024-01-02T18,ISNE,ISO New England,Natural Gas,5900
2024-01-02T18,ISNE,ISO New England,Nuclear,3363
2024-01-02T18,ISNE,ISO New England,Petroleum,0
2024-01-02T18,ISNE,ISO New England,Other,530
2024-01-02T18,ISNE,ISO New England,Solar,425
2024-01-02T18,ISNE,ISO New England,Hydro,991
2024-01-02T18,ISNE,ISO New England,Wind,144
2024-01-02T19,ISNE,ISO New England,Coal,2
2024-01-02T19,ISNE,ISO New England,Natural Gas,6059
2024-01-02T19,ISNE,ISO New England,Nuclear,3365
2024-01-02T19,ISNE,ISO New England,Petroleum,0
2024-01-02T19,ISNE,ISO New England,Other,530
2024-01-02T19,ISNE,ISO New England,Solar,375
2024-01-02T19,ISNE,ISO New England,Hydro,1047
2024-01-02T19,ISNE,ISO New England,Wind,127
2024-01-02T20,ISNE,ISO New England,Coal,3
2024-01-02T20,ISNE,ISO New England,Natural Gas,6629
2024-01-02T20,ISNE,ISO New England,Nuclear,3365
2024-01-02T20,ISNE,ISO New England,Petroleum,0
2024-01-02T20,ISNE,ISO New England,Other,541
2024-01-02T20,ISNE,ISO New England,Solar,253
2024-01-02T20,ISNE,ISO New England,Hydro,1030
2024-01-02T20,ISNE,ISO New England,Wind,129
2024-01-02T21,ISNE,ISO New England,Coal,2
2024-01-02T21,ISNE,ISO New England,Natural Gas,7164
2024-01-02T21,ISNE,ISO New England,Nuclear,3381
2024-01-02T21,ISNE,ISO New England,Petroleum,0
2024-01-02T21,ISNE,ISO New England,Other,543
2024-01-02T21,ISNE,ISO New England,Solar,93
2024-01-02T21,ISNE,ISO New England,Hydro,1341
2024-01-02T21,ISNE,ISO New England,Wind,158
2024-01-02T22,ISNE,ISO New England,Coal,1
2024-01-02T22,ISNE,ISO New England,Natural Gas,7495
2024-01-02T22,ISNE,ISO New England,Nuclear,3376
2024-01-02T22,ISNE,ISO New England,Petroleum,0
2024-01-02T22,ISNE,ISO New England,Other,560
2024-01-02T22,ISNE,ISO New England,Solar,5
2024-01-02T22,ISNE,ISO New England,Hydro,1975
2024-01-02T22,ISNE,ISO New England,Wind,188
2024-01-02T23,ISNE,ISO New England,Coal,0
2024-01-02T23,ISNE,ISO New England,Natural Gas,7397
2024-01-02T23,ISNE,ISO New England,Nuclear,3352
2024-01-02T23,ISNE,ISO New England,Petroleum,0
2024-01-02T23,ISNE,ISO New England,Other,546
2024-01-02T23,ISNE,ISO New England,Solar,0
2024-01-02T23,ISNE,ISO New England,Hydro,2075
2024-01-02T23,ISNE,ISO New England,Wind,220
2024-01-03T00,ISNE,ISO New England,Coal,0
2024-01-03T00,ISNE,ISO New England,Natural Gas,7407
2024-01-03T00,ISNE,ISO New England,Nuclear,3360
2024-01-03T00,ISNE,ISO New England,Petroleum,0
2024-01-03T00,ISNE,ISO New England,Other,536
2024-01-03T00,ISNE,ISO New England,Solar,4
2024-01-03T00,ISNE,ISO New England,Hydro,1989
2024-01-03T00,ISNE,ISO New England,Wind,235
2024-01-03T01,ISNE,ISO New England,Coal,1
2024-01-03T01,ISNE,ISO New England,Natural Gas,7816
2024-01-03T01,ISNE,ISO New England,Nuclear,3364
2024-01-03T01,ISNE,ISO New England,Petroleum,0
2024-01-03T01,ISNE,ISO New England,Other,547
2024-01-03T01,ISNE,ISO New England,Solar,0
2024-01-03T01,ISNE,ISO New England,Hydro,1860
2024-01-03T01,ISNE,ISO New England,Wind,256
2024-01-03T02,ISNE,ISO New England,Coal,1
2024-01-03T02,ISNE,ISO New England,Natural Gas,7649
2024-01-03T02,ISNE,ISO New England,Nuclear,3355
2024-01-03T02,ISNE,ISO New England,Petroleum,0
2024-01-03T02,ISNE,ISO New England,Other,540
2024-01-03T02,ISNE,ISO New England,Solar,0
2024-01-03T02,ISNE,ISO New England,Hydro,1383
2024-01-03T02,ISNE,ISO New England,Wind,281
2024-01-03T03,ISNE,ISO New England,Coal,0
2024-01-03T03,ISNE,ISO New England,Natural Gas,7277
2024-01-03T03,ISNE,ISO New England,Nuclear,3352
2024-01-03T03,ISNE,ISO New England,Petroleum,0
2024-01-03T03,ISNE,ISO New England,Other,540
2024-01-03T03,ISNE,ISO New England,Solar,0
2024-01-03T03,ISNE,ISO New England,Hydro,1115
2024-01-03T03,ISNE,ISO New England,Wind,287
2024-01-03T04,ISNE,ISO New England,Coal,0
2024-01-03T04,ISNE,ISO New England,Natural Gas,6468
2024-01-03T04,ISNE,ISO New England,Nuclear,3343
2024-01-03T04,ISNE,ISO New England,Petroleum,0
2024-01-03T04,ISNE,ISO New England,Other,539
2024-01-03T04,ISNE,ISO New England,Solar,0
2024-01-03T04,ISNE,ISO New England,Hydro,1079
2024-01-03T04,ISNE,ISO New England,Wind,294
2024-01-03T05,ISNE,ISO New England,Coal,1
2024-01-03T05,ISNE,ISO New England,Natural Gas,5744
2024-01-03T05,ISNE,ISO New England,Nuclear,3358
2024-01-03T05,ISNE,ISO New England,Petroleum,0
2024-01-03T05,ISNE,ISO New England,Other,534
2024-01-03T05,ISNE,ISO New England,Solar,0
2024-01-03T05,ISNE,ISO New England,Hydro,1002
2024-01-03T05,ISNE,ISO New England,Wind,293
2024-01-03T06,ISNE,ISO New England,Coal,0
2024-01-03T06,ISNE,ISO New England,Natural Gas,5317
2024-01-03T06,ISNE,ISO New England,Nuclear,3355
2024-01-03T06,ISNE,ISO New England,Petroleum,0
2024-01-03T06,ISNE,ISO New England,Other,531
2024-01-03T06,ISNE,ISO New England,Solar,0
2024-01-03T06,ISNE,ISO New England,Hydro,939
2024-01-03T06,ISNE,ISO New England,Wind,302
2024-01-03T07,ISNE,ISO New England,Coal,1
2024-01-03T07,ISNE,ISO New England,Natural Gas,5332
2024-01-03T07,ISNE,ISO New England,Nuclear,3352
2024-01-03T07,ISNE,ISO New England,Petroleum,0
2024-01-03T07,ISNE,ISO New England,Other,536
2024-01-03T07,ISNE,ISO New England,Solar,0
2024-01-03T07,ISNE,ISO New England,Hydro,897
2024-01-03T07,ISNE,ISO New England,Wind,284
2024-01-03T08,ISNE,ISO New England,Coal,0
2024-01-03T08,ISNE,ISO New England,Natural Gas,5223
2024-01-03T08,ISNE,ISO New England,Nuclear,3366
2024-01-03T08,ISNE,ISO New England,Petroleum,0
2024-01-03T08,ISNE,ISO New England,Other,536
2024-01-03T08,ISNE,ISO New England,Solar,0
2024-01-03T08,ISNE,ISO New England,Hydro,893
2024-01-03T08,ISNE,ISO New England,Wind,266
2024-01-03T09,ISNE,ISO New England,Coal,0
2024-01-03T09,ISNE,ISO New England,Natural Gas,5272
2024-01-03T09,ISNE,ISO New England,Nuclear,3367
2024-01-03T09,ISNE,ISO New England,Petroleum,0
2024-01-03T09,ISNE,ISO New England,Other,533
2024-01-03T09,ISNE,ISO New England,Solar,0
2024-01-03T09,ISNE,ISO New England,Hydro,922
2024-01-03T09,ISNE,ISO New England,Wind,254
2024-01-03T10,ISNE,ISO New England,Coal,0
2024-01-03T10,ISNE,ISO New England,Natural Gas,5667
2024-01-03T10,ISNE,ISO New England,Nuclear,3374
2024-01-03T10,ISNE,ISO New England,Petroleum,0
2024-01-03T10,ISNE,ISO New England,Other,533
2024-01-03T10,ISNE,ISO New England,Solar,0
2024-01-03T10,ISNE,ISO New England,Hydro,950
2024-01-03T10,ISNE,ISO New England,Wind,197
2024-01-03T11,ISNE,ISO New England,Coal,2
2024-01-03T11,ISNE,ISO New England,Natural Gas,5887
2024-01-03T11,ISNE,ISO New England,Nuclear,3360
2024-01-03T11,ISNE,ISO New England,Petroleum,0
2024-01-03T11,ISNE,ISO New England,Other,537
2024-01-03T11,ISNE,ISO New England,Solar,0
2024-01-03T11,ISNE,ISO New England,Hydro,1038
2024-01-03T11,ISNE,ISO New England,Wind,148
2024-01-03T12,ISNE,ISO New England,Coal,1
2024-01-03T12,ISNE,ISO New England,Natural Gas,6472
2024-01-03T12,ISNE,ISO New England,Nuclear,3374
2024-01-03T12,ISNE,ISO New England,Petroleum,0
2024-01-03T12,ISNE,ISO New England,Other,544
2024-01-03T12,ISNE,ISO New England,Solar,0
2024-01-03T12,ISNE,ISO New England,Hydro,1187
2024-01-03T12,ISNE,ISO New England,Wind,128
2024-01-03T13,ISNE,ISO New England,Coal,1
2024-01-03T13,ISNE,ISO New England,Natural Gas,7304
2024-01-03T13,ISNE,ISO New England,Nuclear,3364
2024-01-03T13,ISNE,ISO New England,Petroleum,0
2024-01-03T13,ISNE,ISO New England,Other,547
2024-01-03T13,ISNE,ISO New England,Solar,12
2024-01-03T13,ISNE,ISO New England,Hydro,1305
2024-01-03T13,ISNE,ISO New England,Wind,104
2024-01-03T14,ISNE,ISO New England,Coal,0
2024-01-03T14,ISNE,ISO New England,Natural Gas,7555
2024-01-03T14,ISNE,ISO New England,Nuclear,3368
2024-01-03T14,ISNE,ISO New England,Petroleum,0
2024-01-03T14,ISNE,ISO New England,Other,547
2024-01-03T14,ISNE,ISO New England,Solar,81
2024-01-03T14,ISNE,ISO New England,Hydro,1307
2024-01-03T14,ISNE,ISO New England,Wind,71
2024-01-03T15,ISNE,ISO New England,Coal,2
2024-01-03T15,ISNE,ISO New England,Natural Gas,7338
2024-01-03T15,ISNE,ISO New England,Nuclear,3356
2024-01-03T15,ISNE,ISO New England,Petroleum,0
2024-01-03T15,ISNE,ISO New England,Other,554
2024-01-03T15,ISNE,ISO New England,Solar,201
2024-01-03T15,ISNE,ISO New England,Hydro,1082
2024-01-03T15,ISNE,ISO New England,Wind,52
2024-01-03T16,ISNE,ISO New England,Coal,7
2024-01-03T16,ISNE,ISO New England,Natural Gas,6983
2024-01-03T16,ISNE,ISO New England,Nuclear,3363
2024-01-03T16,ISNE,ISO New England,Petroleum,0
2024-01-03T16,ISNE,ISO New England,Other,550
2024-01-03T16,ISNE,ISO New England,Solar,300
2024-01-03T16,ISNE,ISO New England,Hydro,966
2024-01-03T16,ISNE,ISO New England,Wind,33
2024-01-03T17,ISNE,ISO New England,Coal,7
2024-01-03T17,ISNE,ISO New England,Natural Gas,6867
2024-01-03T17,ISNE,ISO New England,Nuclear,3362
2024-01-03T17,ISNE,ISO New England,Petroleum,0
2024-01-03T17,ISNE,ISO New England,Other,555
2024-01-03T17,ISNE,ISO New England,Solar,340
2024-01-03T17,ISNE,ISO New England,Hydro,895
2024-01-03T17,ISNE,ISO New England,Wind,33
2024-01-03T18,ISNE,ISO New England,Coal,0
2024-01-03T18,ISNE,ISO New England,Natural Gas,7190
2024-01-03T18,ISNE,ISO New England,Nuclear,3366
2024-01-03T18,ISNE,ISO New England,Petroleum,0
2024-01-03T18,ISNE,ISO New England,Other,566
2024-01-03T18,ISNE,ISO New England,Solar,289
2024-01-03T18,ISNE,ISO New England,Hydro,884
2024-01-03T18,ISNE,ISO New England,Wind,22
2024-01-03T19,ISNE,ISO New England,Coal,0
2024-01-03T19,ISNE,ISO New England,Natural Gas,7211
2024-01-03T19,ISNE,ISO New England,Nuclear,3358
2024-01-03T19,ISNE,ISO New England,Petroleum,0
2024-01-03T19,ISNE,ISO New England,Other,571
2024-01-03T19,ISNE,ISO New England,Solar,216
2024-01-03T19,ISNE,ISO New England,Hydro,959
2024-01-03T19,ISNE,ISO New England,Wind,20
2024-01-03T20,ISNE,ISO New England,Coal,0
2024-01-03T20,ISNE,ISO New England,Natural Gas,7306
2024-01-03T20,ISNE,ISO New England,Nuclear,3362
2024-01-03T20,ISNE,ISO New England,Petroleum,0
2024-01-03T20,ISNE,ISO New England,Other,567
2024-01-03T20,ISNE,ISO New England,Solar,108
2024-01-03T20,ISNE,ISO New England,Hydro,1356
2024-01-03T20,ISNE,ISO New England,Wind,23
2024-01-03T21,ISNE,ISO New England,Coal,3
2024-01-03T21,ISNE,ISO New England,Natural Gas,7634
2024-01-03T21,ISNE,ISO New England,Nuclear,3361
2024-01-03T21,ISNE,ISO New England,Petroleum,34
2024-01-03T21,ISNE,ISO New England,Other,567
2024-01-03T21,ISNE,ISO New England,Solar,30
2024-01-03T21,ISNE,ISO New England,Hydro,1135
2024-01-03T21,ISNE,ISO New England,Wind,34
2024-01-03T22,ISNE,ISO New England,Coal,1
2024-01-03T22,ISNE,ISO New England,Natural Gas,7960
2024-01-03T22,ISNE,ISO New England,Nuclear,3375
2024-01-03T22,ISNE,ISO New England,Petroleum,72
2024-01-03T22,ISNE,ISO New England,Other,567
2024-01-03T22,ISNE,ISO New England,Solar,4
2024-01-03T22,ISNE,ISO New England,Hydro,1752
2024-01-03T22,ISNE,ISO New England,Wind,34
2024-01-03T23,ISNE,ISO New England,Coal,1
2024-01-03T23,ISNE,ISO New England,Natural Gas,8114
2024-01-03T23,ISNE,ISO New England,Nuclear,3360
2024-01-03T23,ISNE,ISO New England,Petroleum,0
2024-01-03T23,ISNE,ISO New England,Other,574
2024-01-03T23,ISNE,ISO New England,Solar,0
2024-01-03T23,ISNE,ISO New England,Hydro,1943
2024-01-03T23,ISNE,ISO New England,Wind,31
2024-01-04T00,ISNE,ISO New England,Coal,3
2024-01-04T00,ISNE,ISO New England,Natural Gas,8112
2024-01-04T00,ISNE,ISO New England,Nuclear,3351
2024-01-04T00,ISNE,ISO New England,Petroleum,0
2024-01-04T00,ISNE,ISO New England,Other,560
2024-01-04T00,ISNE,ISO New England,Solar,0
2024-01-04T00,ISNE,ISO New England,Hydro,1947
2024-01-04T00,ISNE,ISO New England,Wind,28
2024-01-04T01,ISNE,ISO New England,Coal,2
2024-01-04T01,ISNE,ISO New England,Natural Gas,7857
2024-01-04T01,ISNE,ISO New England,Nuclear,3352
2024-01-04T01,ISNE,ISO New England,Petroleum,0
2024-01-04T01,ISNE,ISO New England,Other,554
2024-01-04T01,ISNE,ISO New England,Solar,0
2024-01-04T01,ISNE,ISO New England,Hydro,1722
2024-01-04T01,ISNE,ISO New England,Wind,29
2024-01-04T02,ISNE,ISO New England,Coal,0
2024-01-04T02,ISNE,ISO New England,Natural Gas,8042
2024-01-04T02,ISNE,ISO New England,Nuclear,3358
2024-01-04T02,ISNE,ISO New England,Petroleum,0
2024-01-04T02,ISNE,ISO New England,Other,561
2024-01-04T02,ISNE,ISO New England,Solar,0
2024-01-04T02,ISNE,ISO New England,Hydro,1202
2024-01-04T02,ISNE,ISO New England,Wind,33
2024-01-04T03,ISNE,ISO New England,Coal,1
2024-01-04T03,ISNE,ISO New England,Natural Gas,7540
2024-01-04T03,ISNE,ISO New England,Nuclear,3343
2024-01-04T03,ISNE,ISO New England,Petroleum,0
2024-01-04T03,ISNE,ISO New England,Other,562
2024-01-04T03,ISNE,ISO New England,Solar,0
2024-01-04T03,ISNE,ISO New England,Hydro,972
2024-01-04T03,ISNE,ISO New England,Wind,37
2024-01-04T04,ISNE,ISO New England,Coal,2
2024-01-04T04,ISNE,ISO New England,Natural Gas,6701
2024-01-04T04,ISNE,ISO New England,Nuclear,3343
2024-01-04T04,ISNE,ISO New England,Petroleum,0
2024-01-04T04,ISNE,ISO New England,Other,579
2024-01-04T04,ISNE,ISO New England,Solar,0
2024-01-04T04,ISNE,ISO New England,Hydro,962
2024-01-04T04,ISNE,ISO New England,Wind,45
2024-01-04T05,ISNE,ISO New England,Coal,4
2024-01-04T05,ISNE,ISO New England,Natural Gas,5911
2024-01-04T05,ISNE,ISO New England,Nuclear,3351
2024-01-04T05,ISNE,ISO New England,Petroleum,0
2024-01-04T05,ISNE,ISO New England,Other,575
2024-01-04T05,ISNE,ISO New England,Solar,0
2024-01-04T05,ISNE,ISO New England,Hydro,908
2024-01-04T05,ISNE,ISO New England,Wind,47
2024-01-04T06,ISNE,ISO New England,Coal,3
2024-01-04T06,ISNE,ISO New England,Natural Gas,5396
2024-01-04T06,ISNE,ISO New England,Nuclear,3353
2024-01-04T06,ISNE,ISO New England,Petroleum,0
2024-01-04T06,ISNE,ISO New England,Other,586
2024-01-04T06,ISNE,ISO New England,Solar,0
2024-01-04T06,ISNE,ISO New England,Hydro,851
2024-01-04T06,ISNE,ISO New England,Wind,43
2024-01-04T07,ISNE,ISO New England,Coal,1
2024-01-04T07,ISNE,ISO New England,Natural Gas,5035
2024-01-04T07,ISNE,ISO New England,Nuclear,3357
2024-01-04T07,ISNE,ISO New England,Petroleum,0
2024-01-04T07,ISNE,ISO New England,Other,599
2024-01-04T07,ISNE,ISO New England,Solar,0
2024-01-04T07,ISNE,ISO New England,Hydro,883
2024-01-04T07,ISNE,ISO New England,Wind,41
2024-01-04T08,ISNE,ISO New England,Coal,2
2024-01-04T08,ISNE,ISO New England,Natural Gas,5069
2024-01-04T08,ISNE,ISO New England,Nuclear,3359
2024-01-04T08,ISNE,ISO New England,Petroleum,0
2024-01-04T08,ISNE,ISO New England,Other,614
2024-01-04T08,ISNE,ISO New England,Solar,0
2024-01-04T08,ISNE,ISO New England,Hydro,891
2024-01-04T08,ISNE,ISO New England,Wind,42
2024-01-04T09,ISNE,ISO New England,Coal,2
2024-01-04T09,ISNE,ISO New England,Natural Gas,5082
2024-01-04T09,ISNE,ISO New England,Nuclear,3364
2024-01-04T09,ISNE,ISO New England,Petroleum,0
2024-01-04T09,ISNE,ISO New England,Other,603
2024-01-04T09,ISNE,ISO New England,Solar,0
2024-01-04T09,ISNE,ISO New England,Hydro,892
2024-01-04T09,ISNE,ISO New England,Wind,49
2024-01-04T10,ISNE,ISO New England,Coal,5
2024-01-04T10,ISNE,ISO New England,Natural Gas,5287
2024-01-04T10,ISNE,ISO New England,Nuclear,3361
2024-01-04T10,ISNE,ISO New England,Petroleum,0
2024-01-04T10,ISNE,ISO New England,Other,606
2024-01-04T10,ISNE,ISO New England,Solar,0
2024-01-04T10,ISNE,ISO New England,Hydro,894
2024-01-04T10,ISNE,ISO New England,Wind,54
2024-01-04T11,ISNE,ISO New England,Coal,4
2024-01-04T11,ISNE,ISO New England,Natural Gas,5380
2024-01-04T11,ISNE,ISO New England,Nuclear,3365
2024-01-04T11,ISNE,ISO New England,Petroleum,0
2024-01-04T11,ISNE,ISO New England,Other,607
2024-01-04T11,ISNE,ISO New England,Solar,0
2024-01-04T11,ISNE,ISO New England,Hydro,860
2024-01-04T11,ISNE,ISO New England,Wind,52
2024-01-04T12,ISNE,ISO New England,Coal,8
2024-01-04T12,ISNE,ISO New England,Natural Gas,6302
2024-01-04T12,ISNE,ISO New England,Nuclear,3390
2024-01-04T12,ISNE,ISO New England,Petroleum,0
2024-01-04T12,ISNE,ISO New England,Other,611
2024-01-04T12,ISNE,ISO New England,Solar,0
2024-01-04T12,ISNE,ISO New England,Hydro,993
2024-01-04T12,ISNE,ISO New England,Wind,53
2024-01-04T13,ISNE,ISO New England,Coal,11
2024-01-04T13,ISNE,ISO New England,Natural Gas,6858
2024-01-04T13,ISNE,ISO New England,Nuclear,3359
2024-01-04T13,ISNE,ISO New England,Petroleum,0
2024-01-04T13,ISNE,ISO New England,Other,601
2024-01-04T13,ISNE,ISO New England,Solar,2
2024-01-04T13,ISNE,ISO New England,Hydro,1025
2024-01-04T13,ISNE,ISO New England,Wind,61
2024-01-04T14,ISNE,ISO New England,Coal,5
2024-01-04T14,ISNE,ISO New England,Natural Gas,7129
2024-01-04T14,ISNE,ISO New England,Nuclear,3357
2024-01-04T14,ISNE,ISO New England,Petroleum,0
2024-01-04T14,ISNE,ISO New England,Other,605
2024-01-04T14,ISNE,ISO New England,Solar,35
2024-01-04T14,ISNE,ISO New England,Hydro,1156
2024-01-04T14,ISNE,ISO New England,Wind,71
2024-01-04T15,ISNE,ISO New England,Coal,6
2024-01-04T15,ISNE,ISO New England,Natural Gas,7455
2024-01-04T15,ISNE,ISO New England,Nuclear,3352
2024-01-04T15,ISNE,ISO New England,Petroleum,0
2024-01-04T15,ISNE,ISO New England,Other,578
2024-01-04T15,ISNE,ISO New England,Solar,83
2024-01-04T15,ISNE,ISO New England,Hydro,960
2024-01-04T15,ISNE,ISO New England,Wind,82
2024-01-04T16,ISNE,ISO New England,Coal,3
2024-01-04T16,ISNE,ISO New England,Natural Gas,6047
2024-01-04T16,ISNE,ISO New England,Nuclear,3332
2024-01-04T16,ISNE,ISO New England,Petroleum,0
2024-01-04T16,ISNE,ISO New England,Other,572
2024-01-04T16,ISNE,ISO New England,Solar,141
2024-01-04T16,ISNE,ISO New England,Hydro,849
2024-01-04T16,ISNE,ISO New England,Wind,92
2024-01-04T17,ISNE,ISO New England,Coal,1
2024-01-04T17,ISNE,ISO New England,Natural Gas,5561
2024-01-04T17,ISNE,ISO New England,Nuclear,3355
2024-01-04T17,ISNE,ISO New England,Petroleum,0
2024-01-04T17,ISNE,ISO New England,Other,595
2024-01-04T17,ISNE,ISO New England,Solar,223
2024-01-04T17,ISNE,ISO New England,Hydro,858
2024-01-04T17,ISNE,ISO New England,Wind,134
2024-01-04T18,ISNE,ISO New England,Coal,8
2024-01-04T18,ISNE,ISO New England,Natural Gas,5181
2024-01-04T18,ISNE,ISO New England,Nuclear,3353
2024-01-04T18,ISNE,ISO New England,Petroleum,0
2024-01-04T18,ISNE,ISO New England,Other,596
2024-01-04T18,ISNE,ISO New England,Solar,290
2024-01-04T18,ISNE,ISO New England,Hydro,906
2024-01-04T18,ISNE,ISO New England,Wind,213
2024-01-04T19,ISNE,ISO New England,Coal,8
2024-01-04T19,ISNE,ISO New England,Natural Gas,4830
2024-01-04T19,ISNE,ISO New England,Nuclear,3357
2024-01-04T19,ISNE,ISO New England,Petroleum,0
2024-01-04T19,ISNE,ISO New England,Other,590
2024-01-04T19,ISNE,ISO New England,Solar,246
2024-01-04T19,ISNE,ISO New England,Hydro,904
2024-01-04T19,ISNE,ISO New England,Wind,319
2024-01-04T20,ISNE,ISO New England,Coal,7
2024-01-04T20,ISNE,ISO New England,Natural Gas,5297
2024-01-04T20,ISNE,ISO New England,Nuclear,3368
2024-01-04T20,ISNE,ISO New England,Petroleum,0
2024-01-04T20,ISNE,ISO New England,Other,601
2024-01-04T20,ISNE,ISO New England,Solar,180
2024-01-04T20,ISNE,ISO New England,Hydro,919
2024-01-04T20,ISNE,ISO New England,Wind,393
2024-01-04T21,ISNE,ISO New England,Coal,8
2024-01-04T21,ISNE,ISO New England,Natural Gas,5693
2024-01-04T21,ISNE,ISO New England,Nuclear,3361
2024-01-04T21,ISNE,ISO New England,Petroleum,0
2024-01-04T21,ISNE,ISO New England,Other,592
2024-01-04T21,ISNE,ISO New England,Solar,76
2024-01-04T21,ISNE,ISO New England,Hydro,919
2024-01-04T21,ISNE,ISO New England,Wind,543
2024-01-04T22,ISNE,ISO New England,Coal,6
2024-01-04T22,ISNE,ISO New England,Natural Gas,6103
2024-01-04T22,ISNE,ISO New England,Nuclear,3386
2024-01-04T22,ISNE,ISO New England,Petroleum,0
2024-01-04T22,ISNE,ISO New England,Other,602
2024-01-04T22,ISNE,ISO New England,Solar,6
2024-01-04T22,ISNE,ISO New England,Hydro,1653
2024-01-04T22,ISNE,ISO New England,Wind,697
2024-01-04T23,ISNE,ISO New England,Coal,6
2024-01-04T23,ISNE,ISO New England,Natural Gas,6757
2024-01-04T23,ISNE,ISO New England,Nuclear,3368
2024-01-04T23,ISNE,ISO New England,Petroleum,0
2024-01-04T23,ISNE,ISO New England,Other,613
2024-01-04T23,ISNE,ISO New England,Solar,0
2024-01-04T23,ISNE,ISO New England,Hydro,1796
2024-01-04T23,ISNE,ISO New England,Wind,732
2024-01-05T00,ISNE,ISO New England,Coal,9
2024-01-05T00,ISNE,ISO New England,Natural Gas,6917
2024-01-05T00,ISNE,ISO New England,Nuclear,3359
2024-01-05T00,ISNE,ISO New England,Petroleum,0
2024-01-05T00,ISNE,ISO New England,Other,609
2024-01-05T00,ISNE,ISO New England,Solar,0
2024-01-05T00,ISNE,ISO New England,Hydro,1851
2024-01-05T00,ISNE,ISO New England,Wind,719
2024-01-05T01,ISNE,ISO New England,Coal,1
2024-01-05T01,ISNE,ISO New England,Natural Gas,6756
2024-01-05T01,ISNE,ISO New England,Nuclear,3354
2024-01-05T01,ISNE,ISO New England,Petroleum,0
2024-01-05T01,ISNE,ISO New England,Other,612
2024-01-05T01,ISNE,ISO New England,Solar,0
2024-01-05T01,ISNE,ISO New England,Hydro,1837
2024-01-05T01,ISNE,ISO New England,Wind,701
2024-01-05T02,ISNE,ISO New England,Coal,0
2024-01-05T02,ISNE,ISO New England,Natural Gas,6742
2024-01-05T02,ISNE,ISO New England,Nuclear,3354
2024-01-05T02,ISNE,ISO New England,Petroleum,0
2024-01-05T02,ISNE,ISO New England,Other,641
2024-01-05T02,ISNE,ISO New England,Solar,0
2024-01-05T02,ISNE,ISO New England,Hydro,1276
2024-01-05T02,ISNE,ISO New England,Wind,717
2024-01-05T03,ISNE,ISO New England,Coal,0
2024-01-05T03,ISNE,ISO New England,Natural Gas,6375
2024-01-05T03,ISNE,ISO New England,Nuclear,3351
2024-01-05T03,ISNE,ISO New England,Petroleum,0
2024-01-05T03,ISNE,ISO New England,Other,647
2024-01-05T03,ISNE,ISO New England,Solar,0
2024-01-05T03,ISNE,ISO New England,Hydro,972
2024-01-05T03,ISNE,ISO New England,Wind,737
2024-01-05T04,ISNE,ISO New England,Coal,0
2024-01-05T04,ISNE,ISO New England,Natural Gas,5753
2024-01-05T04,ISNE,ISO New England,Nuclear,3344
2024-01-05T04,ISNE,ISO New England,Petroleum,0
2024-01-05T04,ISNE,ISO New England,Other,643
2024-01-05T04,ISNE,ISO New England,Solar,0
2024-01-05T04,ISNE,ISO New England,Hydro,886
2024-01-05T04,ISNE,ISO New England,Wind,716
2024-01-05T05,ISNE,ISO New England,Coal,0
2024-01-05T05,ISNE,ISO New England,Natural Gas,4536
2024-01-05T05,ISNE,ISO New England,Nuclear,3354
2024-01-05T05,ISNE,ISO New England,Petroleum,0
2024-01-05T05,ISNE,ISO New England,Other,656
2024-01-05T05,ISNE,ISO New England,Solar,0
2024-01-05T05,ISNE,ISO New England,Hydro,895
2024-01-05T05,ISNE,ISO New England,Wind,689
2024-01-05T06,ISNE,ISO New England,Coal,0
2024-01-05T06,ISNE,ISO New England,Natural Gas,4671
2024-01-05T06,ISNE,ISO New England,Nuclear,3356
2024-01-05T06,ISNE,ISO New England,Petroleum,0
2024-01-05T06,ISNE,ISO New England,Other,636
2024-01-05T06,ISNE,ISO New England,Solar,0
2024-01-05T06,ISNE,ISO New England,Hydro,840
2024-01-05T06,ISNE,ISO New England,Wind,651
2024-01-05T07,ISNE,ISO New England,Coal,0
2024-01-05T07,ISNE,ISO New England,Natural Gas,4260
2024-01-05T07,ISNE,ISO New England,Nuclear,3358
2024-01-05T07,ISNE,ISO New England,Petroleum,0
2024-01-05T07,ISNE,ISO New England,Other,627
2024-01-05T07,ISNE,ISO New England,Solar,0
2024-01-05T07,ISNE,ISO New England,Hydro,819
2024-01-05T07,ISNE,ISO New England,Wind,584
2024-01-05T08,ISNE,ISO New England,Coal,0
2024-01-05T08,ISNE,ISO New England,Natural Gas,4445
2024-01-05T08,ISNE,ISO New England,Nuclear,3363
2024-01-05T08,ISNE,ISO New England,Petroleum,0
2024-01-05T08,ISNE,ISO New England,Other,635
2024-01-05T08,ISNE,ISO New England,Solar,0
2024-01-05T08,ISNE,ISO New England,Hydro,813
2024-01-05T08,ISNE,ISO New England,Wind,570
2024-01-05T09,ISNE,ISO New England,Coal,0
2024-01-05T09,ISNE,ISO New England,Natural Gas,4635
2024-01-05T09,ISNE,ISO New England,Nuclear,3358
2024-01-05T09,ISNE,ISO New England,Petroleum,0
2024-01-05T09,ISNE,ISO New England,Other,645
2024-01-05T09,ISNE,ISO New England,Solar,0
2024-01-05T09,ISNE,ISO New England,Hydro,776
2024-01-05T09,ISNE,ISO New England,Wind,569
2024-01-05T10,ISNE,ISO New England,Coal,0
2024-01-05T10,ISNE,ISO New England,Natural Gas,4822
2024-01-05T10,ISNE,ISO New England,Nuclear,3360
2024-01-05T10,ISNE,ISO New England,Petroleum,0
2024-01-05T10,ISNE,ISO New England,Other,647
2024-01-05T10,ISNE,ISO New England,Solar,0
2024-01-05T10,ISNE,ISO New England,Hydro,814
2024-01-05T10,ISNE,ISO New England,Wind,534
2024-01-05T11,ISNE,ISO New England,Coal,0
2024-01-05T11,ISNE,ISO New England,Natural Gas,4952
2024-01-05T11,ISNE,ISO New England,Nuclear,3359
2024-01-05T11,ISNE,ISO New England,Petroleum,0
2024-01-05T11,ISNE,ISO New England,Other,640
2024-01-05T11,ISNE,ISO New England,Solar,0
2024-01-05T11,ISNE,ISO New England,Hydro,929
2024-01-05T11,ISNE,ISO New England,Wind,532
2024-01-05T12,ISNE,ISO New England,Coal,0
2024-01-05T12,ISNE,ISO New England,Natural Gas,5711
2024-01-05T12,ISNE,ISO New England,Nuclear,3378
2024-01-05T12,ISNE,ISO New England,Petroleum,5
2024-01-05T12,ISNE,ISO New England,Other,642
2024-01-05T12,ISNE,ISO New England,Solar,0
2024-01-05T12,ISNE,ISO New England,Hydro,1363
2024-01-05T12,ISNE,ISO New England,Wind,510
2024-01-05T13,ISNE,ISO New England,Coal,0
2024-01-05T13,ISNE,ISO New England,Natural Gas,6641
2024-01-05T13,ISNE,ISO New England,Nuclear,3360
2024-01-05T13,ISNE,ISO New England,Petroleum,0
2024-01-05T13,ISNE,ISO New England,Other,645
2024-01-05T13,ISNE,ISO New England,Solar,10
2024-01-05T13,ISNE,ISO New England,Hydro,1301
2024-01-05T13,ISNE,ISO New England,Wind,508
2024-01-05T14,ISNE,ISO New England,Coal,0
2024-01-05T14,ISNE,ISO New England,Natural Gas,6371
2024-01-05T14,ISNE,ISO New England,Nuclear,3354
2024-01-05T14,ISNE,ISO New England,Petroleum,0
2024-01-05T14,ISNE,ISO New England,Other,652
2024-01-05T14,ISNE,ISO New England,Solar,121
2024-01-05T14,ISNE,ISO New England,Hydro,1141
2024-01-05T14,ISNE,ISO New England,Wind,487
2024-01-05T15,ISNE,ISO New England,Coal,0
2024-01-05T15,ISNE,ISO New England,Natural Gas,6501
2024-01-05T15,ISNE,ISO New England,Nuclear,3367
2024-01-05T15,ISNE,ISO New England,Petroleum,0
2024-01-05T15,ISNE,ISO New England,Other,659
2024-01-05T15,ISNE,ISO New England,Solar,300
2024-01-05T15,ISNE,ISO New England,Hydro,1150
2024-01-05T15,ISNE,ISO New England,Wind,480
2024-01-05T16,ISNE,ISO New England,Coal,0
2024-01-05T16,ISNE,ISO New England,Natural Gas,6451
2024-01-05T16,ISNE,ISO New England,Nuclear,3358
2024-01-05T16,ISNE,ISO New England,Petroleum,0
2024-01-05T16,ISNE,ISO New England,Other,670
2024-01-05T16,ISNE,ISO New England,Solar,416
2024-01-05T16,ISNE,ISO New England,Hydro,898
2024-01-05T16,ISNE,ISO New England,Wind,443
2024-01-05T17,ISNE,ISO New England,Coal,0
2024-01-05T17,ISNE,ISO New England,Natural Gas,6419
2024-01-05T17,ISNE,ISO New England,Nuclear,3364
2024-01-05T17,ISNE,ISO New England,Petroleum,0
2024-01-05T17,ISNE,ISO New England,Other,669
2024-01-05T17,ISNE,ISO New England,Solar,461
2024-01-05T17,ISNE,ISO New England,Hydro,936
2024-01-05T17,ISNE,ISO New England,Wind,497
2024-01-05T18,ISNE,ISO New England,Coal,0
2024-01-05T18,ISNE,ISO New England,Natural Gas,6425
2024-01-05T18,ISNE,ISO New England,Nuclear,3354
2024-01-05T18,ISNE,ISO New England,Petroleum,0
2024-01-05T18,ISNE,ISO New England,Other,667
2024-01-05T18,ISNE,ISO New England,Solar,447
2024-01-05T18,ISNE,ISO New England,Hydro,819
2024-01-05T18,ISNE,ISO New England,Wind,499
2024-01-05T19,ISNE,ISO New England,Coal,0
2024-01-05T19,ISNE,ISO New England,Natural Gas,6288
2024-01-05T19,ISNE,ISO New England,Nuclear,3369
2024-01-05T19,ISNE,ISO New England,Petroleum,3
2024-01-05T19,ISNE,ISO New England,Other,676
2024-01-05T19,ISNE,ISO New England,Solar,374
2024-01-05T19,ISNE,ISO New England,Hydro,836
2024-01-05T19,ISNE,ISO New England,Wind,514
2024-01-05T20,ISNE,ISO New England,Coal,0
2024-01-05T20,ISNE,ISO New England,Natural Gas,6809
2024-01-05T20,ISNE,ISO New England,Nuclear,3363
2024-01-05T20,ISNE,ISO New England,Petroleum,0
2024-01-05T20,ISNE,ISO New England,Other,669
2024-01-05T20,ISNE,ISO New England,Solar,250
2024-01-05T20,ISNE,ISO New England,Hydro,840
2024-01-05T20,ISNE,ISO New England,Wind,539
2024-01-05T21,ISNE,ISO New England,Coal,0
2024-01-05T21,ISNE,ISO New England,Natural Gas,6965
2024-01-05T21,ISNE,ISO New England,Nuclear,3364
2024-01-05T21,ISNE,ISO New England,Petroleum,0
2024-01-05T21,ISNE,ISO New England,Other,676
2024-01-05T21,ISNE,ISO New England,Solar,84
2024-01-05T21,ISNE,ISO New England,Hydro,950
2024-01-05T21,ISNE,ISO New England,Wind,549
2024-01-05T22,ISNE,ISO New England,Coal,3
2024-01-05T22,ISNE,ISO New England,Natural Gas,6515
2024-01-05T22,ISNE,ISO New England,Nuclear,3369
2024-01-05T22,ISNE,ISO New England,Petroleum,0
2024-01-05T22,ISNE,ISO New England,Other,674
2024-01-05T22,ISNE,ISO New England,Solar,6
2024-01-05T22,ISNE,ISO New England,Hydro,1842
2024-01-05T22,ISNE,ISO New England,Wind,526
2024-01-05T23,ISNE,ISO New England,Coal,7
2024-01-05T23,ISNE,ISO New England,Natural Gas,6912
2024-01-05T23,ISNE,ISO New England,Nuclear,3373
2024-01-05T23,ISNE,ISO New England,Petroleum,74
2024-01-05T23,ISNE,ISO New England,Other,691
2024-01-05T23,ISNE,ISO New England,Solar,0
2024-01-05T23,ISNE,ISO New England,Hydro,2085
2024-01-05T23,ISNE,ISO New England,Wind,549
2024-01-06T00,ISNE,ISO New England,Coal,6
2024-01-06T00,ISNE,ISO New England,Natural Gas,7131
2024-01-06T00,ISNE,ISO New England,Nuclear,3352
2024-01-06T00,ISNE,ISO New England,Petroleum,36
2024-01-06T00,ISNE,ISO New England,Other,672
2024-01-06T00,ISNE,ISO New England,Solar,0
2024-01-06T00,ISNE,ISO New England,Hydro,1972
2024-01-06T00,ISNE,ISO New England,Wind,585
2024-01-06T01,ISNE,ISO New England,Coal,2
2024-01-06T01,ISNE,ISO New England,Natural Gas,7007
2024-01-06T01,ISNE,ISO New England,Nuclear,3354
2024-01-06T01,ISNE,ISO New England,Petroleum,0
2024-01-06T01,ISNE,ISO New England,Other,659
2024-01-06T01,ISNE,ISO New England,Solar,0
2024-01-06T01,ISNE,ISO New England,Hydro,1780
2024-01-06T01,ISNE,ISO New England,Wind,620
2024-01-06T02,ISNE,ISO New England,Coal,0
2024-01-06T02,ISNE,ISO New England,Natural Gas,6714
2024-01-06T02,ISNE,ISO New England,Nuclear,3348
2024-01-06T02,ISNE,ISO New England,Petroleum,0
2024-01-06T02,ISNE,ISO New England,Other,639
2024-01-06T02,ISNE,ISO New England,Solar,0
2024-01-06T02,ISNE,ISO New England,Hydro,1359
2024-01-06T02,ISNE,ISO New England,Wind,625
2024-01-06T03,ISNE,ISO New England,Coal,0
2024-01-06T03,ISNE,ISO New England,Natural Gas,6666
2024-01-06T03,ISNE,ISO New England,Nuclear,3355
2024-01-06T03,ISNE,ISO New England,Petroleum,0
2024-01-06T03,ISNE,ISO New England,Other,622
2024-01-06T03,ISNE,ISO New England,Solar,0
2024-01-06T03,ISNE,ISO New England,Hydro,1079
2024-01-06T03,ISNE,ISO New England,Wind,583
2024-01-06T04,ISNE,ISO New England,Coal,0
2024-01-06T04,ISNE,ISO New England,Natural Gas,6110
2024-01-06T04,ISNE,ISO New England,Nuclear,3351
2024-01-06T04,ISNE,ISO New England,Petroleum,0
2024-01-06T04,ISNE,ISO New England,Other,648
2024-01-06T04,ISNE,ISO New England,Solar,0
2024-01-06T04,ISNE,ISO New England,Hydro,935
2024-01-06T04,ISNE,ISO New England,Wind,537
2024-01-06T05,ISNE,ISO New England,Coal,0
2024-01-06T05,ISNE,ISO New England,Natural Gas,5474
2024-01-06T05,ISNE,ISO New England,Nuclear,3354
2024-01-06T05,ISNE,ISO New England,Petroleum,0
2024-01-06T05,ISNE,ISO New England,Other,644
2024-01-06T05,ISNE,ISO New England,Solar,0
2024-01-06T05,ISNE,ISO New England,Hydro,916
2024-01-06T05,ISNE,ISO New England,Wind,468
2024-01-06T06,ISNE,ISO New England,Coal,0
2024-01-06T06,ISNE,ISO New England,Natural Gas,5375
2024-01-06T06,ISNE,ISO New England,Nuclear,3365
2024-01-06T06,ISNE,ISO New England,Petroleum,0
2024-01-06T06,ISNE,ISO New England,Other,648
2024-01-06T06,ISNE,ISO New England,Solar,0
2024-01-06T06,ISNE,ISO New England,Hydro,869
2024-01-06T06,ISNE,ISO New England,Wind,450
2024-01-06T07,ISNE,ISO New England,Coal,0
2024-01-06T07,ISNE,ISO New England,Natural Gas,5269
2024-01-06T07,ISNE,ISO New England,Nuclear,3355
2024-01-06T07,ISNE,ISO New England,Petroleum,0
2024-01-06T07,ISNE,ISO New England,Other,651
2024-01-06T07,ISNE,ISO New England,Solar,0
2024-01-06T07,ISNE,ISO New England,Hydro,867
2024-01-06T07,ISNE,ISO New England,Wind,433
2024-01-06T08,ISNE,ISO New England,Coal,0
2024-01-06T08,ISNE,ISO New England,Natural Gas,5552
2024-01-06T08,ISNE,ISO New England,Nuclear,3356
2024-01-06T08,ISNE,ISO New England,Petroleum,0
2024-01-06T08,ISNE,ISO New England,Other,648
2024-01-06T08,ISNE,ISO New England,Solar,0
2024-01-06T08,ISNE,ISO New England,Hydro,865
2024-01-06T08,ISNE,ISO New England,Wind,395
2024-01-06T09,ISNE,ISO New England,Coal,0
2024-01-06T09,ISNE,ISO New England,Natural Gas,5144
2024-01-06T09,ISNE,ISO New England,Nuclear,3358
2024-01-06T09,ISNE,ISO New England,Petroleum,0
2024-01-06T09,ISNE,ISO New England,Other,650
2024-01-06T09,ISNE,ISO New England,Solar,0
2024-01-06T09,ISNE,ISO New England,Hydro,868
2024-01-06T09,ISNE,ISO New England,Wind,370
2024-01-06T10,ISNE,ISO New England,Coal,0
2024-01-06T10,ISNE,ISO New England,Natural Gas,5137
2024-01-06T10,ISNE,ISO New England,Nuclear,3366
2024-01-06T10,ISNE,ISO New England,Petroleum,0
2024-01-06T10,ISNE,ISO New England,Other,652
2024-01-06T10,ISNE,ISO New England,Solar,0
2024-01-06T10,ISNE,ISO New England,Hydro,870
2024-01-06T10,ISNE,ISO New England,Wind,340
2024-01-06T11,ISNE,ISO New England,Coal,0
2024-01-06T11,ISNE,ISO New England,Natural Gas,5343
2024-01-06T11,ISNE,ISO New England,Nuclear,3365
2024-01-06T11,ISNE,ISO New England,Petroleum,8
2024-01-06T11,ISNE,ISO New England,Other,655
2024-01-06T11,ISNE,ISO New England,Solar,0
2024-01-06T11,ISNE,ISO New England,Hydro,921
2024-01-06T11,ISNE,ISO New England,Wind,241
2024-01-06T12,ISNE,ISO New England,Coal,0
2024-01-06T12,ISNE,ISO New England,Natural Gas,5565
2024-01-06T12,ISNE,ISO New England,Nuclear,3361
2024-01-06T12,ISNE,ISO New England,Petroleum,54
2024-01-06T12,ISNE,ISO New England,Other,663
2024-01-06T12,ISNE,ISO New England,Solar,0
2024-01-06T12,ISNE,ISO New England,Hydro,1020
2024-01-06T12,ISNE,ISO New England,Wind,170
2024-01-06T13,ISNE,ISO New England,Coal,0
2024-01-06T13,ISNE,ISO New England,Natural Gas,5989
2024-01-06T13,ISNE,ISO New England,Nuclear,3370
2024-01-06T13,ISNE,ISO New England,Petroleum,61
2024-01-06T13,ISNE,ISO New England,Other,659
2024-01-06T13,ISNE,ISO New England,Solar,5
2024-01-06T13,ISNE,ISO New England,Hydro,1010
2024-01-06T13,ISNE,ISO New England,Wind,150
2024-01-06T14,ISNE,ISO New England,Coal,0
2024-01-06T14,ISNE,ISO New England,Natural Gas,6124
2024-01-06T14,ISNE,ISO New England,Nuclear,3347
2024-01-06T14,ISNE,ISO New England,Petroleum,9
2024-01-06T14,ISNE,ISO New England,Other,648
2024-01-06T14,ISNE,ISO New England,Solar,78
2024-01-06T14,ISNE,ISO New England,Hydro,1016
2024-01-06T14,ISNE,ISO New England,Wind,131
2024-01-06T15,ISNE,ISO New England,Coal,0
2024-01-06T15,ISNE,ISO New England,Natural Gas,5854
2024-01-06T15,ISNE,ISO New England,Nuclear,3361
2024-01-06T15,ISNE,ISO New England,Petroleum,0
2024-01-06T15,ISNE,ISO New England,Other,661
2024-01-06T15,ISNE,ISO New England,Solar,165
2024-01-06T15,ISNE,ISO New England,Hydro,899
2024-01-06T15,ISNE,ISO New England,Wind,89
2024-01-06T16,ISNE,ISO New England,Coal,0
2024-01-06T16,ISNE,ISO New England,Natural Gas,6186
2024-01-06T16,ISNE,ISO New England,Nuclear,3366
2024-01-06T16,ISNE,ISO New England,Petroleum,0
2024-01-06T16,ISNE,ISO New England,Other,652
2024-01-06T16,ISNE,ISO New England,Solar,167
2024-01-06T16,ISNE,ISO New England,Hydro,897
2024-01-06T16,ISNE,ISO New England,Wind,61
2024-01-06T17,ISNE,ISO New England,Coal,0
2024-01-06T17,ISNE,ISO New England,Natural Gas,6550
2024-01-06T17,ISNE,ISO New England,Nuclear,3360
2024-01-06T17,ISNE,ISO New England,Petroleum,0
2024-01-06T17,ISNE,ISO New England,Other,651
2024-01-06T17,ISNE,ISO New England,Solar,137
2024-01-06T17,ISNE,ISO New England,Hydro,858
2024-01-06T17,ISNE,ISO New England,Wind,40
2024-01-06T18,ISNE,ISO New England,Coal,0
2024-01-06T18,ISNE,ISO New England,Natural Gas,6392
2024-01-06T18,ISNE,ISO New England,Nuclear,3351
2024-01-06T18,ISNE,ISO New England,Petroleum,0
2024-01-06T18,ISNE,ISO New England,Other,655
2024-01-06T18,ISNE,ISO New England,Solar,97
2024-01-06T18,ISNE,ISO New England,Hydro,882
2024-01-06T18,ISNE,ISO New England,Wind,41
2024-01-06T19,ISNE,ISO New England,Coal,0
2024-01-06T19,ISNE,ISO New England,Natural Gas,6184
2024-01-06T19,ISNE,ISO New England,Nuclear,3356
2024-01-06T19,ISNE,ISO New England,Petroleum,15
2024-01-06T19,ISNE,ISO New England,Other,651
2024-01-06T19,ISNE,ISO New England,Solar,102
2024-01-06T19,ISNE,ISO New England,Hydro,988
2024-01-06T19,ISNE,ISO New England,Wind,33
2024-01-06T20,ISNE,ISO New England,Coal,0
2024-01-06T20,ISNE,ISO New England,Natural Gas,6186
2024-01-06T20,ISNE,ISO New England,Nuclear,3361
2024-01-06T20,ISNE,ISO New England,Petroleum,37
2024-01-06T20,ISNE,ISO New England,Other,654
2024-01-06T20,ISNE,ISO New England,Solar,123
2024-01-06T20,ISNE,ISO New England,Hydro,867
2024-01-06T20,ISNE,ISO New England,Wind,50
2024-01-06T21,ISNE,ISO New England,Coal,0
2024-01-06T21,ISNE,ISO New England,Natural Gas,6697
2024-01-06T21,ISNE,ISO New England,Nuclear,3364
2024-01-06T21,ISNE,ISO New England,Petroleum,0
2024-01-06T21,ISNE,ISO New England,Other,649
2024-01-06T21,ISNE,ISO New England,Solar,31
2024-01-06T21,ISNE,ISO New England,Hydro,1023
2024-01-06T21,ISNE,ISO New England,Wind,96
2024-01-06T22,ISNE,ISO New England,Coal,0
2024-01-06T22,ISNE,ISO New England,Natural Gas,6918
2024-01-06T22,ISNE,ISO New England,Nuclear,3363
2024-01-06T22,ISNE,ISO New England,Petroleum,0
2024-01-06T22,ISNE,ISO New England,Other,658
2024-01-06T22,ISNE,ISO New England,Solar,3
2024-01-06T22,ISNE,ISO New England,Hydro,1422
2024-01-06T22,ISNE,ISO New England,Wind,142
2024-01-06T23,ISNE,ISO New England,Coal,0
2024-01-06T23,ISNE,ISO New England,Natural Gas,7069
2024-01-06T23,ISNE,ISO New England,Nuclear,3358
2024-01-06T23,ISNE,ISO New England,Petroleum,0
2024-01-06T23,ISNE,ISO New England,Other,658
2024-01-06T23,ISNE,ISO New England,Solar,0
2024-01-06T23,ISNE,ISO New England,Hydro,1703
2024-01-06T23,ISNE,ISO New England,Wind,154
2024-01-07T00,ISNE,ISO New England,Coal,0
2024-01-07T00,ISNE,ISO New England,Natural Gas,7078
2024-01-07T00,ISNE,ISO New England,Nuclear,3356
2024-01-07T00,ISNE,ISO New England,Petroleum,0
2024-01-07T00,ISNE,ISO New England,Other,666
2024-01-07T00,ISNE,ISO New England,Solar,0
2024-01-07T00,ISNE,ISO New England,Hydro,1486
2024-01-07T00,ISNE,ISO New England,Wind,162
2024-01-07T01,ISNE,ISO New England,Coal,0
2024-01-07T01,ISNE,ISO New England,Natural Gas,7013
2024-01-07T01,ISNE,ISO New England,Nuclear,3345
2024-01-07T01,ISNE,ISO New England,Petroleum,0
2024-01-07T01,ISNE,ISO New England,Other,665
2024-01-07T01,ISNE,ISO New England,Solar,0
2024-01-07T01,ISNE,ISO New England,Hydro,1304
2024-01-07T01,ISNE,ISO New England,Wind,155
2024-01-07T02,ISNE,ISO New England,Coal,0
2024-01-07T02,ISNE,ISO New England,Natural Gas,6946
2024-01-07T02,ISNE,ISO New England,Nuclear,3357
2024-01-07T02,ISNE,ISO New England,Petroleum,0
2024-01-07T02,ISNE,ISO New England,Other,663
2024-01-07T02,ISNE,ISO New England,Solar,0
2024-01-07T02,ISNE,ISO New England,Hydro,1247
2024-01-07T02,ISNE,ISO New England,Wind,163
2024-01-07T03,ISNE,ISO New England,Coal,0
2024-01-07T03,ISNE,ISO New England,Natural Gas,5960
2024-01-07T03,ISNE,ISO New England,Nuclear,3347
2024-01-07T03,ISNE,ISO New England,Petroleum,0
2024-01-07T03,ISNE,ISO New England,Other,657
2024-01-07T03,ISNE,ISO New England,Solar,0
2024-01-07T03,ISNE,ISO New England,Hydro,1281
2024-01-07T03,ISNE,ISO New England,Wind,188
2024-01-07T04,ISNE,ISO New England,Coal,0
2024-01-07T04,ISNE,ISO New England,Natural Gas,5860
2024-01-07T04,ISNE,ISO New England,Nuclear,3334
2024-01-07T04,ISNE,ISO New England,Petroleum,0
2024-01-07T04,ISNE,ISO New England,Other,651
2024-01-07T04,ISNE,ISO New England,Solar,0
2024-01-07T04,ISNE,ISO New England,Hydro,1129
2024-01-07T04,ISNE,ISO New England,Wind,220
2024-01-07T05,ISNE,ISO New England,Coal,0
2024-01-07T05,ISNE,ISO New England,Natural Gas,4421
2024-01-07T05,ISNE,ISO New England,Nuclear,3333
2024-01-07T05,ISNE,ISO New England,Petroleum,0
2024-01-07T05,ISNE,ISO New England,Other,652
2024-01-07T05,ISNE,ISO New England,Solar,0
2024-01-07T05,ISNE,ISO New England,Hydro,1066
2024-01-07T05,ISNE,ISO New England,Wind,243
2024-01-07T06,ISNE,ISO New England,Coal,0
2024-01-07T06,ISNE,ISO New England,Natural Gas,4190
2024-01-07T06,ISNE,ISO New England,Nuclear,3362
2024-01-07T06,ISNE,ISO New England,Petroleum,0
2024-01-07T06,ISNE,ISO New England,Other,657
2024-01-07T06,ISNE,ISO New England,Solar,0
2024-01-07T06,ISNE,ISO New England,Hydro,935
2024-01-07T06,ISNE,ISO New England,Wind,273
2024-01-07T07,ISNE,ISO New England,Coal,0
2024-01-07T07,ISNE,ISO New England,Natural Gas,4321
2024-01-07T07,ISNE,ISO New England,Nuclear,3358
2024-01-07T07,ISNE,ISO New England,Petroleum,0
2024-01-07T07,ISNE,ISO New England,Other,649
2024-01-07T07,ISNE,ISO New England,Solar,0
2024-01-07T07,ISNE,ISO New England,Hydro,931
2024-01-07T07,ISNE,ISO New England,Wind,293
2024-01-07T08,ISNE,ISO New England,Coal,0
2024-01-07T08,ISNE,ISO New England,Natural Gas,4186
2024-01-07T08,ISNE,ISO New England,Nuclear,3357
2024-01-07T08,ISNE,ISO New England,Petroleum,0
2024-01-07T08,ISNE,ISO New England,Other,648
2024-01-07T08,ISNE,ISO New England,Solar,0
2024-01-07T08,ISNE,ISO New England,Hydro,858
2024-01-07T08,ISNE,ISO New England,Wind,314
2024-01-07T09,ISNE,ISO New England,Coal,0
2024-01-07T09,ISNE,ISO New England,Natural Gas,4497
2024-01-07T09,ISNE,ISO New England,Nuclear,3363
2024-01-07T09,ISNE,ISO New England,Petroleum,0
2024-01-07T09,ISNE,ISO New England,Other,652
2024-01-07T09,ISNE,ISO New England,Solar,0
2024-01-07T09,ISNE,ISO New England,Hydro,877
2024-01-07T09,ISNE,ISO New England,Wind,304
2024-01-07T10,ISNE,ISO New England,Coal,0
2024-01-07T10,ISNE,ISO New England,Natural Gas,4339
2024-01-07T10,ISNE,ISO New England,Nuclear,3352
2024-01-07T10,ISNE,ISO New England,Petroleum,0
2024-01-07T10,ISNE,ISO New England,Other,658
2024-01-07T10,ISNE,ISO New England,Solar,0
2024-01-07T10,ISNE,ISO New England,Hydro,905
2024-01-07T10,ISNE,ISO New England,Wind,367
2024-01-07T11,ISNE,ISO New England,Coal,0
2024-01-07T11,ISNE,ISO New England,Natural Gas,4184
2024-01-07T11,ISNE,ISO New England,Nuclear,3367
2024-01-07T11,ISNE,ISO New England,Petroleum,0
2024-01-07T11,ISNE,ISO New England,Other,670
2024-01-07T11,ISNE,ISO New England,Solar,0
2024-01-07T11,ISNE,ISO New England,Hydro,954
2024-01-07T11,ISNE,ISO New England,Wind,398
2024-01-07T12,ISNE,ISO New England,Coal,0
2024-01-07T12,ISNE,ISO New England,Natural Gas,4305
2024-01-07T12,ISNE,ISO New England,Nuclear,3366
2024-01-07T12,ISNE,ISO New England,Petroleum,0
2024-01-07T12,ISNE,ISO New England,Other,666
2024-01-07T12,ISNE,ISO New England,Solar,0
2024-01-07T12,ISNE,ISO New England,Hydro,1068
2024-01-07T12,ISNE,ISO New England,Wind,433
2024-01-07T13,ISNE,ISO New England,Coal,0
2024-01-07T13,ISNE,ISO New England,Natural Gas,5060
2024-01-07T13,ISNE,ISO New England,Nuclear,3378
2024-01-07T13,ISNE,ISO New England,Petroleum,0
2024-01-07T13,ISNE,ISO New England,Other,669
2024-01-07T13,ISNE,ISO New England,Solar,0
2024-01-07T13,ISNE,ISO New England,Hydro,1067
2024-01-07T13,ISNE,ISO New England,Wind,481
2024-01-07T14,ISNE,ISO New England,Coal,2
2024-01-07T14,ISNE,ISO New England,Natural Gas,5825
2024-01-07T14,ISNE,ISO New England,Nuclear,3371
2024-01-07T14,ISNE,ISO New England,Petroleum,0
2024-01-07T14,ISNE,ISO New England,Other,658
2024-01-07T14,ISNE,ISO New England,Solar,2
2024-01-07T14,ISNE,ISO New England,Hydro,1044
2024-01-07T14,ISNE,ISO New England,Wind,523
2024-01-07T15,ISNE,ISO New England,Coal,5
2024-01-07T15,ISNE,ISO New England,Natural Gas,6467
2024-01-07T15,ISNE,ISO New England,Nuclear,3364
2024-01-07T15,ISNE,ISO New England,Petroleum,0
2024-01-07T15,ISNE,ISO New England,Other,654
2024-01-07T15,ISNE,ISO New England,Solar,6
2024-01-07T15,ISNE,ISO New England,Hydro,915
2024-01-07T15,ISNE,ISO New England,Wind,487
2024-01-07T16,ISNE,ISO New England,Coal,4
2024-01-07T16,ISNE,ISO New England,Natural Gas,6740
2024-01-07T16,ISNE,ISO New England,Nuclear,3353
2024-01-07T16,ISNE,ISO New England,Petroleum,0
2024-01-07T16,ISNE,ISO New England,Other,662
2024-01-07T16,ISNE,ISO New England,Solar,12
2024-01-07T16,ISNE,ISO New England,Hydro,942
2024-01-07T16,ISNE,ISO New England,Wind,417
2024-01-07T17,ISNE,ISO New England,Coal,5
2024-01-07T17,ISNE,ISO New England,Natural Gas,6887
2024-01-07T17,ISNE,ISO New England,Nuclear,3362
2024-01-07T17,ISNE,ISO New England,Petroleum,0
2024-01-07T17,ISNE,ISO New England,Other,658
2024-01-07T17,ISNE,ISO New England,Solar,11
2024-01-07T17,ISNE,ISO New England,Hydro,1045
2024-01-07T17,ISNE,ISO New England,Wind,370
2024-01-07T18,ISNE,ISO New England,Coal,6
2024-01-07T18,ISNE,ISO New England,Natural Gas,7055
2024-01-07T18,ISNE,ISO New England,Nuclear,3360
2024-01-07T18,ISNE,ISO New England,Petroleum,0
2024-01-07T18,ISNE,ISO New England,Other,658
2024-01-07T18,ISNE,ISO New England,Solar,7
2024-01-07T18,ISNE,ISO New England,Hydro,1353
2024-01-07T18,ISNE,ISO New England,Wind,366
2024-01-07T19,ISNE,ISO New England,Coal,5
2024-01-07T19,ISNE,ISO New England,Natural Gas,7247
2024-01-07T19,ISNE,ISO New England,Nuclear,3353
2024-01-07T19,ISNE,ISO New England,Petroleum,0
2024-01-07T19,ISNE,ISO New England,Other,665
2024-01-07T19,ISNE,ISO New England,Solar,8
2024-01-07T19,ISNE,ISO New England,Hydro,1145
2024-01-07T19,ISNE,ISO New England,Wind,371
2024-01-07T20,ISNE,ISO New England,Coal,7
2024-01-07T20,ISNE,ISO New England,Natural Gas,7302
2024-01-07T20,ISNE,ISO New England,Nuclear,3359
2024-01-07T20,ISNE,ISO New England,Petroleum,0
2024-01-07T20,ISNE,ISO New England,Other,661
2024-01-07T20,ISNE,ISO New England,Solar,5
2024-01-07T20,ISNE,ISO New England,Hydro,1025
2024-01-07T20,ISNE,ISO New England,Wind,378
2024-01-07T21,ISNE,ISO New England,Coal,5
2024-01-07T21,ISNE,ISO New England,Natural Gas,7371
2024-01-07T21,ISNE,ISO New England,Nuclear,3360
2024-01-07T21,ISNE,ISO New England,Petroleum,0
2024-01-07T21,ISNE,ISO New England,Other,658
2024-01-07T21,ISNE,ISO New England,Solar,2
2024-01-07T21,ISNE,ISO New England,Hydro,929
2024-01-07T21,ISNE,ISO New England,Wind,378
2024-01-07T22,ISNE,ISO New England,Coal,5
2024-01-07T22,ISNE,ISO New England,Natural Gas,7319
2024-01-07T22,ISNE,ISO New England,Nuclear,3372
2024-01-07T22,ISNE,ISO New England,Petroleum,0
2024-01-07T22,ISNE,ISO New England,Other,679
2024-01-07T22,ISNE,ISO New England,Solar,0
2024-01-07T22,ISNE,ISO New England,Hydro,1337
2024-01-07T22,ISNE,ISO New England,Wind,382
2024-01-07T23,ISNE,ISO New England,Coal,5
2024-01-07T23,ISNE,ISO New England,Natural Gas,7739
2024-01-07T23,ISNE,ISO New England,Nuclear,3366
2024-01-07T23,ISNE,ISO New England,Petroleum,0
2024-01-07T23,ISNE,ISO New England,Other,644
2024-01-07T23,ISNE,ISO New England,Solar,0
2024-01-07T23,ISNE,ISO New England,Hydro,2001
2024-01-07T23,ISNE,ISO New England,Wind,367
2024-01-01T00,MISO,"Midcontinent Independent System Operator, Inc.",Coal,24313
2024-01-01T00,MISO,"Midcontinent Independent System Operator, Inc.",Natural Gas,28760
2024-01-01T00,MISO,"Midcontinent Independent System Operator, Inc.",Nuclear,8205
2024-01-01T00,MISO,"Midcontinent Independent System Operator, Inc.",Other,367
2024-01-01T00,MISO,"Midcontinent Independent System Operator, Inc.",Solar,7
2024-01-01T00,MISO,"Midcontinent Independent System Operator, Inc.",Hydro,1751
2024-01-01T00,MISO,"Midcontinent Independent System Operator, Inc.",Wind,8111
2024-01-01T01,MISO,"Midcontinent Independent System Operator, Inc.",Coal,24248
2024-01-01T01,MISO,"Midcontinent Independent System Operator, Inc.",Natural Gas,28817
2024-01-01T01,MISO,"Midcontinent Independent System Operator, Inc.",Nuclear,8204
2024-01-01T01,MISO,"Midcontinent Independent System Operator, Inc.",Other,371
2024-01-01T01,MISO,"Midcontinent Independent System Operator, Inc.",Solar,2
2024-01-01T01,MISO,"Midcontinent Independent System Operator, Inc.",Hydro,1028
2024-01-01T01,MISO,"Midcontinent Independent System Operator, Inc.",Wind,8356
2024-01-01T02,MISO,"Midcontinent Independent System Operator, Inc.",Coal,22355
2024-01-01T02,MISO,"Midcontinent Independent System Operator, Inc.",Natural Gas,28400
2024-01-01T02,MISO,"Midcontinent Independent System Operator, Inc.",Nuclear,8204
2024-01-01T02,MISO,"Midcontinent Independent System Operator, Inc.",Other,368
2024-01-01T02,MISO,"Midcontinent Independent System Operator, Inc.",Solar,3
2024-01-01T02,MISO,"Midcontinent Independent System Operator, Inc.",Hydro,848
2024-01-01T02,MISO,"Midcontinent Independent System Operator, Inc.",Wind,8529
2024-01-01T03,MISO,"Midcontinent Independent System Operator, Inc.",Coal,21663
2024-01-01T03,MISO,"Midcontinent Independent System Operator, Inc.",Natural Gas,28484
2024-01-01T03,MISO,"Midcontinent Independent System Operator, Inc.",Nuclear,8206
2024-01-01T03,MISO,"Midcontinent Independent System Operator, Inc.",Other,363
2024-01-01T03,MISO,"Midcontinent Independent System Operator, Inc.",Solar,3
2024-01-01T03,MISO,"Midcontinent Independent System Operator, Inc.",Hydro,844
2024-01-01T03,MISO,"Midcontinent Independent System Operator, Inc.",Wind,8446
2024-01-01T04,MISO,"Midcontinent Independent System Operator, Inc.",Coal,21238
2024-01-01T04,MISO,"Midcontinent Independent System Operator, Inc.",Natural Gas,28455
2024-01-01T04,MISO,"Midcontinent Independent System Operator, Inc.",Nuclear,8203
2024-01-01T04,MISO,"Midcontinent Independent System Operator, Inc.",Other,365
2024-01-01T04,MISO,"Midcontinent Independent System Operator, Inc.",Solar,3
2024-01-01T04,MISO,"Midcontinent Independent System Operator, Inc.",Hydro,818
2024-01-01T04,MISO,"Midcontinent Independent System Operator, Inc.",Wind,7746
2024-01-01T05,MISO,"Midcontinent Independent System Operator, Inc.",Coal,20869
2024-01-01T05,MISO,"Midcontinent Independent System Operator, Inc.",Natural Gas,28303
2024-01-01T05,MISO,"Midcontinent Independent System Operator, Inc.",Nuclear,8203
2024-01-01T05,MISO,"Midcontinent Independent System Operator, Inc.",Other,368
2024-01-01T05,MISO,"Midcontinent Independent System Operator, Inc.",Solar,3
2024-01-01T05,MISO,"Midcontinent Independent System Operator, Inc.",Hydro,777
2024-01-01T05,MISO,"Midcontinent Independent System Operator, Inc.",Wind,6872
2024-01-01T06,MISO,"Midcontinent Independent System Operator, Inc.",Coal,20057
2024-01-01T06,MISO,"Midcontinent Independent System Operator, Inc.",Natural Gas,27596
2024-01-01T06,MISO,"Midcontinent Independent System Operator, Inc.",Nuclear,8209
2024-01-01T06,MISO,"Midcontinent Independent System Operator, Inc.",Other,360
2024-01-01T06,MISO,"Midcontinent Independent System Operator, Inc.",Solar,3
2024-01-01T06,MISO,"Midcontinent Independent System Operator, Inc.",Hydro,755
2024-01-01T06,MISO,"Midcontinent Independent System Operator, Inc.",Wind,6352
2024-01-01T07,MISO,"Midcontinent Independent System Operator, Inc.",Coal,19228
2024-01-01T07,MISO,"Midcontinent Independent System Operator, Inc.",Natural Gas,27188
2024-01-01T07,MISO,"Midcontinent Independent System Operator, Inc.",Nuclear,8217
2024-01-01T07,MISO,"Midcontinent Independent System Operator, Inc.",Other,341
2024-01-01T07,MISO,"Midcontinent Independent System Operator, Inc.",Solar,3
2024-01-01T07,MISO,"Midcontinent Independent System Operator, Inc.",Hydro,756
2024-01-01T07,MISO,"Midcontinent Independent System Operator, Inc.",Wind,6167
2024-01-01T08,MISO,"Midcontinent Independent System Operator, Inc.",Coal,18824
2024-01-01T08,MISO,"Midcontinent Independent System Operator, Inc.",Natural Gas,27234
2024-01-01T08,MISO,"Midcontinent Independent System Operator, Inc.",Nuclear,8221
2024-01-01T08,MISO,"Midcontinent Independent System Operator, Inc.",Other,340
2024-01-01T08,MISO,"Midcontinent Independent System Operator, Inc.",Solar,3
2024-01-01T08,MISO,"Midcontinent Independent System Operator, Inc.",Hydro,756
2024-01-01T08,MISO,"Midcontinent Independent System Operator, Inc.",Wind,6037
2024-01-01T09,MISO,"Midcontinent Independent System Operator, Inc.",Coal,17752
2024-01-01T09,MISO,"Midcontinent Independent System Operator, Inc.",Natural Gas,27169
2024-01-01T09,MISO,"Midcontinent Independent System Operator, Inc.",Nuclear,8221
2024-01-01T09,MISO,"Midcontinent Independent System Operator, Inc.",Other,340
2024-01-01T09,MISO,"Midcontinent Independent System Operator, Inc.",Solar,3
2024-01-01T09,MISO,"Midcontinent Independent System Operator, Inc.",Hydro,755
2024-01-01T09,MISO,"Midcontinent Independent System Operator, Inc.",Wind,5652
2024-01-01T10,MISO,"Midcontinent Independent System Operator, Inc.",Coal,18102
2024-01-01T10,MISO,"Midcontinent Independent System Operator, Inc.",Natural Gas,27394
2024-01-01T10,MISO,"Midcontinent Independent System Operator, Inc.",Nuclear,8220
2024-01-01T10,MISO,"Midcontinent Independent System Operator, Inc.",Other,343
2024-01-01T10,MISO,"Midcontinent Independent System Operator, Inc.",Solar,3
2024-01-01T10,MISO,"Midcontinent Independent System Operator, Inc.",Hydro,741
2024-01-01T10,MISO,"Midcontinent Independent System Operator, Inc.",Wind,5267
2024-01-01T11,MISO,"Midcontinent Independent System Operator, Inc.",Coal,18734
2024-01-01T11,MISO,"Midcontinent Independent System Operator, Inc.",Natural Gas,27470
2024-01-01T11,MISO,"Midcontinent Independent System Operator, Inc.",Nuclear,8218
2024-01-01T11,MISO,"Midcontinent Independent System Operator, Inc.",Other,342
2024-01-01T11,MISO,"Midcontinent Independent System Operator, Inc.",Solar,3
2024-01-01T11,MISO,"Midcontinent Independent System Operator, Inc.",Hydro,720
2024-01-01T11,MISO,"Midcontinent Independent System Operator, Inc.",Wind,5057
2024-01-01T12,MISO,"Midcontinent Independent System Operator, Inc.",Coal,20171
2024-01-01T12,MISO,"Midcontinent Independent System Operator, Inc.",Natural Gas,28182
2024-01-01T12,MISO,"Midcontinent Independent System Operator, Inc.",Nuclear,8222
2024-01-01T12,MISO,"Midcontinent Independent System Operator, Inc.",Other,344
2024-01-01T12,MISO,"Midcontinent Independent System Operator, Inc.",Solar,3
2024-01-01T12,MISO,"Midcontinent Independent System Operator, Inc.",Hydro,710
2024-01-01T12,MISO,"Midcontinent Independent System Operator, Inc.",Wind,4745
2024-01-01T13,MISO,"Midcontinent Independent System Operator, Inc.",Coal,20861
2024-01-01T13,MISO,"Midcontinent Independent System Operator, Inc.",Natural Gas,28551
2024-01-01T13,MISO,"Midcontinent Independent System Operator, Inc.",Nuclear,8222
2024-01-01T13,MISO,"Midcontinent Independent System Operator, Inc.",Other,344
2024-01-01T13,MISO,"Midcontinent Independent System Operator, Inc.",Solar,2
2024-01-01T13,MISO,"Midcontinent Independent System Operator, Inc.",Hydro,726
2024-01-01T13,MISO,"Midcontinent Independent System Operator, Inc.",Wind,4435
2024-01-01T14,MISO,"Midcontinent Independent System Operator, Inc.",Coal,21791
2024-01-01T14,MISO,"Midcontinent Independent System Operator, Inc.",Natural Gas,28760
2024-01-01T14,MISO,"Midcontinent Independent System Operator, Inc.",Nuclear,8219
2024-01-01T14,MISO,"Midcontinent Independent System Operator, Inc.",Other,342
2024-01-01T14,MISO,"Midcontinent Independent System Operator, Inc.",Solar,26
2024-01-01T14,MISO,"Midcontinent Independent System Operator, Inc.",Hydro,753
2024-01-01T14,MISO,"Midcontinent Independent System Operator, Inc.",Wind,4458
2024-01-01T15,MISO,"Midcontinent Independent System Operator, Inc.",Coal,22297
2024-01-01T15,MISO,"Midcontinent Independent System Operator, Inc.",Natural Gas,28899
2024-01-01T15,MISO,"Midcontinent Independent System Operator, Inc.",Nuclear,8222
2024-01-01T15,MISO,"Midcontinent Independent System Operator, Inc.",Other,339
2024-01-01T15,MISO,"Midcontinent Independent System Operator, Inc.",Solar,296
2024-01-01T15,MISO,"Midcontinent Independent System Operator, Inc.",Hydro,791
2024-01-01T15,MISO,"Midcontinent Independent System Operator, Inc.",Wind,4412
2024-01-01T16,MISO,"Midcontinent Independent System Operator, Inc.",Coal,23102
2024-01-01T16,MISO,"Midcontinent Independent System Operator, Inc.",Natural Gas,29059
2024-01-01T16,MISO,"Midcontinent Independent System Operator, Inc.",Nuclear,8222
2024-01-01T16,MISO,"Midcontinent Independent System Operator, Inc.",Other,337
2024-01-01T16,MISO,"Midcontinent Independent System Operator, Inc.",Solar,593
2024-01-01T16,MISO,"Midcontinent Independent System Operator, Inc.",Hydro,851
2024-01-01T16,MISO,"Midcontinent Independent System Operator, Inc.",Wind,4588
2024-01-01T17,MISO,"Midcontinent Independent System Operator, Inc.",Coal,24163
2024-01-01T17,MISO,"Midcontinent Independent System Operator, Inc.",Natural Gas,29131
2024-01-01T17,MISO,"Midcontinent Independent System Operator, Inc.",Nuclear,8222
2024-01-01T17,MISO,"Midcontinent Independent System Operator, Inc.",Other,338
2024-01-01T17,MISO,"Midcontinent Independent System Operator, Inc.",Solar,839
2024-01-01T17,MISO,"Midcontinent Independent System Operator, Inc.",Hydro,860
2024-01-01T17,MISO,"Midcontinent Independent System Operator, Inc.",Wind,4559
2024-01-01T18,MISO,"Midcontinent Independent System Operator, Inc.",Coal,24510
2024-01-01T18,MISO,"Midcontinent Independent System Operator, Inc.",Natural Gas,28954
2024-01-01T18,MISO,"Midcontinent Independent System Operator, Inc.",Nuclear,8223
2024-01-01T18,MISO,"Midcontinent Independent System Operator, Inc.",Other,336
2024-01-01T18,MISO,"Midcontinent Independent System Operator, Inc.",Solar,1084
2024-01-01T18,MISO,"Midcontinent Independent System Operator, Inc.",Hydro,817
2024-01-01T18,MISO,"Midcontinent Independent System Operator, Inc.",Wind,4755
2024-01-01T19,MISO,"Midcontinent Independent System Operator, Inc.",Coal,23244
2024-01-01T19,MISO,"Midcontinent Independent System Operator, Inc.",Natural Gas,28584
2024-01-01T19,MISO,"Midcontinent Independent System Operator, Inc.",Nuclear,8224
2024-01-01T19,MISO,"Midcontinent Independent System Operator, Inc.",Other,333
2024-01-01T19,MISO,"Midcontinent Independent System Operator, Inc.",Solar,1177
2024-01-01T19,MISO,"Midcontinent Independent System Operator, Inc.",Hydro,818
2024-01-01T19,MISO,"Midcontinent Independent System Operator, Inc.",Wind,5788
2024-01-01T20,MISO,"Midcontinent Independent System Operator, Inc.",Coal,21463
2024-01-01T20,MISO,"Midcontinent Independent System Operator, Inc.",Natural Gas,28403
2024-01-01T20,MISO,"Midcontinent Independent System Operator, Inc.",Nuclear,8222
2024-01-01T20,MISO,"Midcontinent Independent System Operator, Inc.",Other,321
2024-01-01T20,MISO,"Midcontinent Independent System Operator, Inc.",Solar,1108
2024-01-01T20,MISO,"Midcontinent Independent System Operator, Inc.",Hydro,819
2024-01-01T20,MISO,"Midcontinent Independent System Operator, Inc.",Wind,7317
2024-01-01T21,MISO,"Midcontinent Independent System Operator, Inc.",Coal,21179
2024-01-01T21,MISO,"Midcontinent Independent System Operator, Inc.",Natural Gas,27669
2024-01-01T21,MISO,"Midcontinent Independent System Operator, Inc.",Nuclear,8223
2024-01-01T21,MISO,"Midcontinent Independent System Operator, Inc.",Other,317
2024-01-01T21,MISO,"Midcontinent Independent System Operator, Inc.",Solar,976
2024-01-01T21,MISO,"Midcontinent Independent System Operator, Inc.",Hydro,819
2024-01-01T21,MISO,"Midcontinent Independent System Operator, Inc.",Wind,7986
2024-01-01T22,MISO,"Midcontinent Independent System Operator, Inc.",Coal,22184
2024-01-01T22,MISO,"Midcontinent Independent System Operator, Inc.",Natural Gas,27466
2024-01-01T22,MISO,"Midcontinent Independent System Operator, Inc.",Nuclear,8222
2024-01-01T22,MISO,"Midcontinent Independent System Operator, Inc.",Other,318
2024-01-01T22,MISO,"Midcontinent Independent System Operator, Inc.",Solar,629
2024-01-01T22,MISO,"Midcontinent Independent System Operator, Inc.",Hydro,821
2024-01-01T22,MISO,"Midcontinent Independent System Operator, Inc.",Wind,8624
2024-01-01T23,MISO,"Midcontinent Independent System Operator, Inc.",Coal,23317
2024-01-01T23,MISO,"Midcontinent Independent System Operator, Inc.",Natural Gas,27842
2024-01-01T23,MISO,"Midcontinent Independent System Operator, Inc.",Nuclear,8219
2024-01-01T23,MISO,"Midcontinent Independent System Operator, Inc.",Other,322
2024-01-01T23,MISO,"Midcontinent Independent System Operator, Inc.",Solar,196
2024-01-01T23,MISO,"Midcontinent Independent System Operator, Inc.",Hydro,877
2024-01-01T23,MISO,"Midcontinent Independent System Operator, Inc.",Wind,10263
2024-01-02T00,MISO,"Midcontinent Independent System Operator, Inc.",Coal,23818
2024-01-02T00,MISO,"Midcontinent Independent System Operator, Inc.",Natural Gas,28190
2024-01-02T00,MISO,"Midcontinent Independent System Operator, Inc.",Nuclear,8218
2024-01-02T00,MISO,"Midcontinent Independent System Operator, Inc.",Other,324
2024-01-02T00,MISO,"Midcontinent Independent System Operator, Inc.",Solar,8
2024-01-02T00,MISO,"Midcontinent Independent System Operator, Inc.",Hydro,981
2024-01-02T00,MISO,"Midcontinent Independent System Operator, Inc.",Wind,12644
2024-01-02T01,MISO,"Midcontinent Independent System Operator, Inc.",Coal,22844
2024-01-02T01,MISO,"Midcontinent Independent System Operator, Inc.",Natural Gas,27442
2024-01-02T01,MISO,"Midcontinent Independent System Operator, Inc.",Nuclear,8220
2024-01-02T01,MISO,"Midcontinent Independent System Operator, Inc.",Other,323
2024-01-02T01,MISO,"Midcontinent Independent System Operator, Inc.",Solar,2
2024-01-02T01,MISO,"Midcontinent Independent System Operator, Inc.",Hydro,985
2024-01-02T01,MISO,"Midcontinent Independent System Operator, Inc.",Wind,15304
2024-01-02T02,MISO,"Midcontinent Independent System Operator, Inc.",Coal,21857
2024-01-02T02,MISO,"Midcontinent Independent System Operator, Inc.",Natural Gas,26476
2024-01-02T02,MISO,"Midcontinent Independent System Operator, Inc.",Nuclear,8223
2024-01-02T02,MISO,"Midcontinent Independent System Operator, Inc.",Other,323
2024-01-02T02,MISO,"Midcontinent Independent System Operator, Inc.",Solar,2
2024-01-02T02,MISO,"Midcontinent Independent System Operator, Inc.",Hydro,932
2024-01-02T02,MISO,"Midcontinent Independent System Operator, Inc.",Wind,17172
2024-01-02T03,MISO,"Midcontinent Independent System Operator, Inc.",Coal,20404
2024-01-02T03,MISO,"Midcontinent Independent System Operator, Inc.",Natural Gas,26040
2024-01-02T03,MISO,"Midcontinent Independent System Operator, Inc.",Nuclear,8222
2024-01-02T03,MISO,"Midcontinent Independent System Operator, Inc.",Other,319
2024-01-02T03,MISO,"Midcontinent Independent System Operator, Inc.",Solar,2
2024-01-02T03,MISO,"Midcontinent Independent System Operator, Inc.",Hydro,838
2024-01-02T03,MISO,"Midcontinent Independent System Operator, Inc.",Wind,18270
2024-01-02T04,MISO,"Midcontinent Independent System Operator, Inc.",Coal,18858
2024-01-02T04,MISO,"Midcontinent Independent System Operator, Inc.",Natural Gas,25208
2024-01-02T04,MISO,"Midcontinent Independent System Operator, Inc.",Nuclear,8221
2024-01-02T04,MISO,"Midcontinent Independent System Operator, Inc.",Other,318
2024-01-02T04,MISO,"Midcontinent Independent System Operator, Inc.",Solar,2
2024-01-02T04,MISO,"Midcontinent Independent System Operator, Inc.",Hydro,817
2024-01-02T04,MISO,"Midcontinent Independent System Operator, Inc.",Wind,19402
2024-01-02T05,MISO,"Midcontinent Independent System Operator, Inc.",Coal,17250
2024-01-02T05,MISO,"Midcontinent Independent System Operator, Inc.",Natural Gas,24403
2024-01-02T05,MISO,"Midcontinent Independent System Operator, Inc.",Nuclear,8217
2024-01-02T05,MISO,"Midcontinent Independent System Operator, Inc.",Other,318
2024-01-02T05,MISO,"Midcontinent Independent System Operator, Inc.",Solar,2
2024-01-02T05,MISO,"Midcontinent Independent System Operator, Inc.",Hydro,796
2024-01-02T05,MISO,"Midcontinent Independent System Operator, Inc.",Wind,20297
2024-01-02T06,MISO,"Midcontinent Independent System Operator, Inc.",Coal,16142
2024-01-02T06,MISO,"Midcontinent Independent System Operator, Inc.",Natural Gas,23946
2024-01-02T06,MISO,"Midcontinent Independent System Operator, Inc.",Nuclear,8219
2024-01-02T06,MISO,"Midcontinent Independent System Operator, Inc.",Other,320
2024-01-02T06,MISO,"Midcontinent Independent System Operator, Inc.",Solar,2
2024-01-02T06,MISO,"Midcontinent Independent System Operator, Inc.",Hydro,790
2024-01-02T06,MISO,"Midcontinent Independent System Operator, Inc.",Wind,20570
2024-01-02T07,MISO,"Midcontinent Independent System Operator, Inc.",Coal,15494
2024-01-02T07,MISO,"Midcontinent Independent System Operator, Inc.",Natural Gas,24259
2024-01-02T07,MISO,"Midcontinent Independent System Operator, Inc.",Nuclear,8222
2024-01-02T07,MISO,"Midcontinent Independent System Operator, Inc.",Other,321
2024-01-02T07,MISO,"Midcontinent Independent System Operator, Inc.",Solar,2
2024-01-02T07,MISO,"Midcontinent Independent System Operator, Inc.",Hydro,781
2024-01-02T07,MISO,"Midcontinent Independent System Operator, Inc.",Wind,20662
2024-01-02T08,MISO,"Midcontinent Independent System Operator, Inc.",Coal,15571
2024-01-02T08,MISO,"Midcontinent Independent System Operator, Inc.",Natural Gas,24715
2024-01-02T08,MISO,"Midcontinent Independent System Operator, Inc.",Nuclear,8223
2024-01-02T08,MISO,"Midcontinent Independent System Operator, Inc.",Other,321
2024-01-02T08,MISO,"Midcontinent Independent System Operator, Inc.",Solar,2
2024-01-02T08,MISO,"Midcontinent Independent System Operator, Inc.",Hydro,757
2024-01-02T08,MISO,"Midcontinent Independent System Operator, Inc.",Wind,20069
2024-01-02T09,MISO,"Midcontinent Independent System Operator, Inc.",Coal,15363
2024-01-02T09,MISO,"Midcontinent Independent System Operator, Inc.",Natural Gas,25974
2024-01-02T09,MISO,"Midcontinent Independent System Operator, Inc.",Nuclear,8225
2024-01-02T09,MISO,"Midcontinent Independent System Operator, Inc.",Other,318
2024-01-02T09,MISO,"Midcontinent Independent System Operator, Inc.",Solar,2
2024-01-02T09,MISO,"Midcontinent Independent System Operator, Inc.",Hydro,750
2024-01-02T09,MISO,"Midcontinent Independent System Operator, Inc.",Wind,19118
2024-01-02T10,MISO,"Midcontinent Independent System Operator, Inc.",Coal,15768
2024-01-02T10,MISO,"Midcontinent Independent System Operator, Inc.",Natural Gas,26502
2024-01-02T10,MISO,"Midcontinent Independent System Operator, Inc.",Nuclear,8224
2024-01-02T10,MISO,"Midcontinent Independent System Operator, Inc.",Other,318
2024-01-02T10,MISO,"Midcontinent Independent System Operator, Inc.",Solar,2
2024-01-02T10,MISO,"Midcontinent Independent System Operator, Inc.",Hydro,752
2024-01-02T10,MISO,"Midcontinent Independent System Operator, Inc.",Wind,18553
2024-01-02T11,MISO,"Midcontinent Independent System Operator, Inc.",Coal,17170
2024-01-02T11,MISO,"Midcontinent Independent System Operator, Inc.",Natural Gas,27636
2024-01-02T11,MISO,"Midcontinent Independent System Operator, Inc.",Nuclear,8221
2024-01-02T11,MISO,"Midcontinent Independent System Operator, Inc.",Other,318
2024-01-02T11,MISO,"Midcontinent Independent System Operator, Inc.",Solar,2
2024-01-02T11,MISO,"Midcontinent Independent System Operator, Inc.",Hydro,753
2024-01-02T11,MISO,"Midcontinent Independent System Operator, Inc.",Wind,17568
2024-01-02T12,MISO,"Midcontinent Independent System Operator, Inc.",Coal,20305
2024-01-02T12,MISO,"Midcontinent Independent System Operator, Inc.",Natural Gas,30280
2024-01-02T12,MISO,"Midcontinent Independent System Operator, Inc.",Nuclear,8219
2024-01-02T12,MISO,"Midcontinent Independent System Operator, Inc.",Other,319
2024-01-02T12,MISO,"Midcontinent Independent System Operator, Inc.",Solar,2
2024-01-02T12,MISO,"Midcontinent Independent System Operator, Inc.",Hydro,785
2024-01-02T12,MISO,"Midcontinent Independent System Operator, Inc.",Wind,15665
2024-01-02T13,MISO,"Midcontinent Independent System Operator, Inc.",Coal,23598
2024-01-02T13,MISO,"Midcontinent Independent System Operator, Inc.",Natural Gas,32120
2024-01-02T13,MISO,"Midcontinent Independent System Operator, Inc.",Nuclear,8221
2024-01-02T13,MISO,"Midcontinent Independent System Operator, Inc.",Other,333
2024-01-02T13,MISO,"Midcontinent Independent System Operator, Inc.",Solar,2
2024-01-02T13,MISO,"Midcontinent Independent System Operator, Inc.",Hydro,1415
2024-01-02T13,MISO,"Midcontinent Independent System Operator, Inc.",Wind,14133
2024-01-02T14,MISO,"Midcontinent Independent System Operator, Inc.",Coal,26356
2024-01-02T14,MISO,"Midcontinent Independent System Operator, Inc.",Natural Gas,32757
2024-01-02T14,MISO,"Midcontinent Independent System Operator, Inc.",Nuclear,8221
2024-01-02T14,MISO,"Midcontinent Independent System Operator, Inc.",Other,349
2024-01-02T14,MISO,"Midcontinent Independent System Operator, Inc.",Solar,53
2024-01-02T14,MISO,"Midcontinent Independent System Operator, Inc.",Hydro,1227
2024-01-02T14,MISO,"Midcontinent Independent System Operator, Inc.",Wind,13637
2024-01-02T15,MISO,"Midcontinent Independent System Operator, Inc.",Coal,26486
2024-01-02T15,MISO,"Midcontinent Independent System Operator, Inc.",Natural Gas,32189
2024-01-02T15,MISO,"Midcontinent Independent System Operator, Inc.",Nuclear,8221
2024-01-02T15,MISO,"Midcontinent Independent System Operator, Inc.",Other,348
2024-01-02T15,MISO,"Midcontinent Independent System Operator, Inc.",Solar,697
2024-01-02T15,MISO,"Midcontinent Independent System Operator, Inc.",Hydro,948
2024-01-02T15,MISO,"Midcontinent Independent System Operator, Inc.",Wind,12693
2024-01-02T16,MISO,"Midcontinent Independent System Operator, Inc.",Coal,26257
2024-01-02T16,MISO,"Midcontinent Independent System Operator, Inc.",Natural Gas,31863
2024-01-02T16,MISO,"Midcontinent Independent System Operator, Inc.",Nuclear,8221
2024-01-02T16,MISO,"Midcontinent Independent System Operator, Inc.",Other,326
2024-01-02T16,MISO,"Midcontinent Independent System Operator, Inc.",Solar,1364
2024-01-02T16,MISO,"Midcontinent Independent System Operator, Inc.",Hydro,838
2024-01-02T16,MISO,"Midcontinent Independent System Operator, Inc.",Wind,11992
2024-01-02T17,MISO,"Midcontinent Independent System Operator, Inc.",Coal,26561
2024-01-02T17,MISO,"Midcontinent Independent System Operator, Inc.",Natural Gas,31384
2024-01-02T17,MISO,"Midcontinent Independent System Operator, Inc.",Nuclear,8222
2024-01-02T17,MISO,"Midcontinent Independent System Operator, Inc.",Other,317
2024-01-02T17,MISO,"Midcontinent Independent System Operator, Inc.",Solar,1475
2024-01-02T17,MISO,"Midcontinent Independent System Operator, Inc.",Hydro,819
2024-01-02T17,MISO,"Midcontinent Independent System Operator, Inc.",Wind,11107
2024-01-02T18,MISO,"Midcontinent Independent System Operator, Inc.",Coal,25822
2024-01-02T18,MISO,"Midcontinent Independent System Operator, Inc.",Natural Gas,30672
2024-01-02T18,MISO,"Midcontinent Independent System Operator, Inc.",Nuclear,8220
2024-01-02T18,MISO,"Midcontinent Independent System Operator, Inc.",Other,324
2024-01-02T18,MISO,"Midcontinent Independent System Operator, Inc.",Solar,1532
2024-01-02T18,MISO,"Midcontinent Independent System Operator, Inc.",Hydro,810
2024-01-02T18,MISO,"Midcontinent Independent System Operator, Inc.",Wind,10887
2024-01-02T19,MISO,"Midcontinent Independent System Operator, Inc.",Coal,25021
2024-01-02T19,MISO,"Midcontinent Independent System Operator, Inc.",Natural Gas,30372
2024-01-02T19,MISO,"Midcontinent Independent System Operator, Inc.",Nuclear,8219
2024-01-02T19,MISO,"Midcontinent Independent System Operator, Inc.",Other,333
2024-01-02T19,MISO,"Midcontinent Independent System Operator, Inc.",Solar,1664
2024-01-02T19,MISO,"Midcontinent Independent System Operator, Inc.",Hydro,816
2024-01-02T19,MISO,"Midcontinent Independent System Operator, Inc.",Wind,10978
2024-01-02T20,MISO,"Midcontinent Independent System Operator, Inc.",Coal,24770
2024-01-02T20,MISO,"Midcontinent Independent System Operator, Inc.",Natural Gas,30154
2024-01-02T20,MISO,"Midcontinent Independent System Operator, Inc.",Nuclear,8215
2024-01-02T20,MISO,"Midcontinent Independent System Operator, Inc.",Other,332
2024-01-02T20,MISO,"Midcontinent Independent System Operator, Inc.",Solar,1731
2024-01-02T20,MISO,"Midcontinent Independent System Operator, Inc.",Hydro,817
2024-01-02T20,MISO,"Midcontinent Independent System Operator, Inc.",Wind,10432
2024-01-02T21,MISO,"Midcontinent Independent System Operator, Inc.",Coal,24614
2024-01-02T21,MISO,"Midcontinent Independent System Operator, Inc.",Natural Gas,30103
2024-01-02T21,MISO,"Midcontinent Independent System Operator, Inc.",Nuclear,8214
2024-01-02T21,MISO,"Midcontinent Independent System Operator, Inc.",Other,328
2024-01-02T21,MISO,"Midcontinent Independent System Operator, Inc.",Solar,1583
2024-01-02T21,MISO,"Midcontinent Independent System Operator, Inc.",Hydro,846
2024-01-02T21,MISO,"Midcontinent Independent System Operator, Inc.",Wind,9929
2024-01-02T22,MISO,"Midcontinent Independent System Operator, Inc.",Coal,25629
2024-01-02T22,MISO,"Midcontinent Independent System Operator, Inc.",Natural Gas,30791
2024-01-02T22,MISO,"Midcontinent Independent System Operator, Inc.",Nuclear,8214
2024-01-02T22,MISO,"Midcontinent Independent System Operator, Inc.",Other,324
2024-01-02T22,MISO,"Midcontinent Independent System Operator, Inc.",Solar,1093
2024-01-02T22,MISO,"Midcontinent Independent System Operator, Inc.",Hydro,917
2024-01-02T22,MISO,"Midcontinent Independent System Operator, Inc.",Wind,9537
2024-01-02T23,MISO,"Midcontinent Independent System Operator, Inc.",Coal,26797
2024-01-02T23,MISO,"Midcontinent Independent System Operator, Inc.",Natural Gas,31580
2024-01-02T23,MISO,"Midcontinent Independent System Operator, Inc.",Nuclear,8211
2024-01-02T23,MISO,"Midcontinent Independent System Operator, Inc.",Other,355
2024-01-02T23,MISO,"Midcontinent Independent System Operator, Inc.",Solar,207
2024-01-02T23,MISO,"Midcontinent Independent System Operator, Inc.",Hydro,2089
2024-01-02T23,MISO,"Midcontinent Independent System Operator, Inc.",Wind,8940
2024-01-03T00,MISO,"Midcontinent Independent System Operator, Inc.",Coal,27595
2024-01-03T00,MISO,"Midcontinent Independent System Operator, Inc.",Natural Gas,32416
2024-01-03T00,MISO,"Midcontinent Independent System Operator, Inc.",Nuclear,8211
2024-01-03T00,MISO,"Midcontinent Independent System Operator, Inc.",Other,357
2024-01-03T00,MISO,"Midcontinent Independent System Operator, Inc.",Solar,1
2024-01-03T00,MISO,"Midcontinent Independent System Operator, Inc.",Hydro,2350
2024-01-03T00,MISO,"Midcontinent Independent System Operator, Inc.",Wind,8849
2024-01-03T01,MISO,"Midcontinent Independent System Operator, Inc.",Coal,28413
2024-01-03T01,MISO,"Midcontinent Independent System Operator, Inc.",Natural Gas,33053
2024-01-03T01,MISO,"Midcontinent Independent System Operator, Inc.",Nuclear,8211
2024-01-03T01,MISO,"Midcontinent Independent System Operator, Inc.",Other,357
2024-01-03T01,MISO,"Midcontinent Independent System Operator, Inc.",Solar,1
2024-01-03T01,MISO,"Midcontinent Independent System Operator, Inc.",Hydro,1415
2024-01-03T01,MISO,"Midcontinent Independent System Operator, Inc.",Wind,9001
2024-01-03T02,MISO,"Midcontinent Independent System Operator, Inc.",Coal,28183
2024-01-03T02,MISO,"Midcontinent Independent System Operator, Inc.",Natural Gas,32706
2024-01-03T02,MISO,"Midcontinent Independent System Operator, Inc.",Nuclear,8210
2024-01-03T02,MISO,"Midcontinent Independent System Operator, Inc.",Other,356
2024-01-03T02,MISO,"Midcontinent Independent System Operator, Inc.",Solar,1
2024-01-03T02,MISO,"Midcontinent Independent System Operator, Inc.",Hydro,1134
2024-01-03T02,MISO,"Midcontinent Independent System Operator, Inc.",Wind,9404
2024-01-03T03,MISO,"Midcontinent Independent System Operator, Inc.",Coal,27784
2024-01-03T03,MISO,"Midcontinent Independent System Operator, Inc.",Natural Gas,32672
2024-01-03T03,MISO,"Midcontinent Independent System Operator, Inc.",Nuclear,8213
2024-01-03T03,MISO,"Midcontinent Independent System Operator, Inc.",Other,357
2024-01-03T03,MISO,"Midcontinent Independent System Operator, Inc.",Solar,1
2024-01-03T03,MISO,"Midcontinent Independent System Operator, Inc.",Hydro,902
2024-01-03T03,MISO,"Midcontinent Independent System Operator, Inc.",Wind,9558
2024-01-03T04,MISO,"Midcontinent Independent System Operator, Inc.",Coal,27037
2024-01-03T04,MISO,"Midcontinent Independent System Operator, Inc.",Natural Gas,32217
2024-01-03T04,MISO,"Midcontinent Independent System Operator, Inc.",Nuclear,8217
2024-01-03T04,MISO,"Midcontinent Independent System Operator, Inc.",Other,356
2024-01-03T04,MISO,"Midcontinent Independent System Operator, Inc.",Solar,1
2024-01-03T04,MISO,"Midcontinent Independent System Operator, Inc.",Hydro,832
2024-01-03T04,MISO,"Midcontinent Independent System Operator, Inc.",Wind,9130
2024-01-03T05,MISO,"Midcontinent Independent System Operator, Inc.",Coal,25779
2024-01-03T05,MISO,"Midcontinent Independent System Operator, Inc.",Natural Gas,31314
2024-01-03T05,MISO,"Midcontinent Independent System Operator, Inc.",Nuclear,8218
2024-01-03T05,MISO,"Midcontinent Independent System Operator, Inc.",Other,354
2024-01-03T05,MISO,"Midcontinent Independent System Operator, Inc.",Solar,1
2024-01-03T05,MISO,"Midcontinent Independent System Operator, Inc.",Hydro,795
2024-01-03T05,MISO,"Midcontinent Independent System Operator, Inc.",Wind,8881
2024-01-03T06,MISO,"Midcontinent Independent System Operator, Inc.",Coal,24347
2024-01-03T06,MISO,"Midcontinent Independent System Operator, Inc.",Natural Gas,31480
2024-01-03T06,MISO,"Midcontinent Independent System Operator, Inc.",Nuclear,8220
2024-01-03T06,MISO,"Midcontinent Independent System Operator, Inc.",Other,357
2024-01-03T06,MISO,"Midcontinent Independent System Operator, Inc.",Solar,1
2024-01-03T06,MISO,"Midcontinent Independent System Operator, Inc.",Hydro,779
2024-01-03T06,MISO,"Midcontinent Independent System Operator, Inc.",Wind,8427
2024-01-03T07,MISO,"Midcontinent Independent System Operator, Inc.",Coal,23793
2024-01-03T07,MISO,"Midcontinent Independent System Operator, Inc.",Natural Gas,31854
2024-01-03T07,MISO,"Midcontinent Independent System Operator, Inc.",Nuclear,8218
2024-01-03T07,MISO,"Midcontinent Independent System Operator, Inc.",Other,347
2024-01-03T07,MISO,"Midcontinent Independent System Operator, Inc.",Solar,1
2024-01-03T07,MISO,"Midcontinent Independent System Operator, Inc.",Hydro,754
2024-01-03T07,MISO,"Midcontinent Independent System Operator, Inc.",Wind,7947
2024-01-03T08,MISO,"Midcontinent Independent System Operator, Inc.",Coal,24007
2024-01-03T08,MISO,"Midcontinent Independent System Operator, Inc.",Natural Gas,32334
2024-01-03T08,MISO,"Midcontinent Independent System Operator, Inc.",Nuclear,8215
2024-01-03T08,MISO,"Midcontinent Independent System Operator, Inc.",Other,339
2024-01-03T08,MISO,"Midcontinent Independent System Operator, Inc.",Solar,1
2024-01-03T08,MISO,"Midcontinent Independent System Operator, Inc.",Hydro,754
2024-01-03T08,MISO,"Midcontinent Independent System Operator, Inc.",Wind,6570
2024-01-03T09,MISO,"Midcontinent Independent System Operator, Inc.",Coal,24468
2024-01-03T09,MISO,"Midcontinent Independent System Operator, Inc.",Natural Gas,32558
2024-01-03T09,MISO,"Midcontinent Independent System Operator, Inc.",Nuclear,8213
2024-01-03T09,MISO,"Midcontinent Independent System Operator, Inc.",Other,358
2024-01-03T09,MISO,"Midcontinent Independent System Operator, Inc.",Solar,1
2024-01-03T09,MISO,"Midcontinent Independent System Operator, Inc.",Hydro,764
2024-01-03T09,MISO,"Midcontinent Independent System Operator, Inc.",Wind,5515
2024-01-03T10,MISO,"Midcontinent Independent System Operator, Inc.",Coal,24539
2024-01-03T10,MISO,"Midcontinent Independent System Operator, Inc.",Natural Gas,32957
2024-01-03T10,MISO,"Midcontinent Independent System Operator, Inc.",Nuclear,8215
2024-01-03T10,MISO,"Midcontinent Independent System Operator, Inc.",Other,379
2024-01-03T10,MISO,"Midcontinent Independent System Operator, Inc.",Solar,2
2024-01-03T10,MISO,"Midcontinent Independent System Operator, Inc.",Hydro,769
2024-01-03T10,MISO,"Midcontinent Independent System Operator, Inc.",Wind,5033
2024-01-03T11,MISO,"Midcontinent Independent System Operator, Inc.",Coal,25286
2024-01-03T11,MISO,"Midcontinent Independent System Operator, Inc.",Natural Gas,33721
2024-01-03T11,MISO,"Midcontinent Independent System Operator, Inc.",Nuclear,8214
2024-01-03T11,MISO,"Midcontinent Independent System Operator, Inc.",Other,374
2024-01-03T11,MISO,"Midcontinent Independent System Operator, Inc.",Solar,2
2024-01-03T11,MISO,"Midcontinent Independent System Operator, Inc.",Hydro,783
2024-01-03T11,MISO,"Midcontinent Independent System Operator, Inc.",Wind,5173
2024-01-03T12,MISO,"Midcontinent Independent System Operator, Inc.",Coal,26018
2024-01-03T12,MISO,"Midcontinent Independent System Operator, Inc.",Natural Gas,35488
2024-01-03T12,MISO,"Midcontinent Independent System Operator, Inc.",Nuclear,8214
2024-01-03T12,MISO,"Midcontinent Independent System Operator, Inc.",Other,385
2024-01-03T12,MISO,"Midcontinent Independent System Operator, Inc.",Solar,1
2024-01-03T12,MISO,"Midcontinent Independent System Operator, Inc.",Hydro,963
2024-01-03T12,MISO,"Midcontinent Independent System Operator, Inc.",Wind,5433
2024-01-03T13,MISO,"Midcontinent Independent System Operator, Inc.",Coal,27071
2024-01-03T13,MISO,"Midcontinent Independent System Operator, Inc.",Natural Gas,37652
2024-01-03T13,MISO,"Midcontinent Independent System Operator, Inc.",Nuclear,8214
2024-01-03T13,MISO,"Midcontinent Independent System Operator, Inc.",Other,398
2024-01-03T13,MISO,"Midcontinent Independent System Operator, Inc.",Solar,3
2024-01-03T13,MISO,"Midcontinent Independent System Operator, Inc.",Hydro,2421
2024-01-03T13,MISO,"Midcontinent Independent System Operator, Inc.",Wind,5445
2024-01-03T14,MISO,"Midcontinent Independent System Operator, Inc.",Coal,27579
2024-01-03T14,MISO,"Midcontinent Independent System Operator, Inc.",Natural Gas,38791
2024-01-03T14,MISO,"Midcontinent Independent System Operator, Inc.",Nuclear,8215
2024-01-03T14,MISO,"Midcontinent Independent System Operator, Inc.",Other,374
2024-01-03T14,MISO,"Midcontinent Independent System Operator, Inc.",Solar,21
2024-01-03T14,MISO,"Midcontinent Independent System Operator, Inc.",Hydro,2756
2024-01-03T14,MISO,"Midcontinent Independent System Operator, Inc.",Wind,5463
2024-01-03T15,MISO,"Midcontinent Independent System Operator, Inc.",Coal,27529
2024-01-03T15,MISO,"Midcontinent Independent System Operator, Inc.",Natural Gas,38095
2024-01-03T15,MISO,"Midcontinent Independent System Operator, Inc.",Nuclear,8212
2024-01-03T15,MISO,"Midcontinent Independent System Operator, Inc.",Other,371
2024-01-03T15,MISO,"Midcontinent Independent System Operator, Inc.",Solar,346
2024-01-03T15,MISO,"Midcontinent Independent System Operator, Inc.",Hydro,1823
2024-01-03T15,MISO,"Midcontinent Independent System Operator, Inc.",Wind,5857
2024-01-03T16,MISO,"Midcontinent Independent System Operator, Inc.",Coal,27166
2024-01-03T16,MISO,"Midcontinent Independent System Operator, Inc.",Natural Gas,37875
2024-01-03T16,MISO,"Midcontinent Independent System Operator, Inc.",Nuclear,8212
2024-01-03T16,MISO,"Midcontinent Independent System Operator, Inc.",Other,375
2024-01-03T16,MISO,"Midcontinent Independent System Operator, Inc.",Solar,751
2024-01-03T16,MISO,"Midcontinent Independent System Operator, Inc.",Hydro,1098
2024-01-03T16,MISO,"Midcontinent Independent System Operator, Inc.",Wind,5899
2024-01-03T17,MISO,"Midcontinent Independent System Operator, Inc.",Coal,26702
2024-01-03T17,MISO,"Midcontinent Independent System Operator, Inc.",Natural Gas,36442
2024-01-03T17,MISO,"Midcontinent Independent System Operator, Inc.",Nuclear,8214
2024-01-03T17,MISO,"Midcontinent Independent System Operator, Inc.",Other,361
2024-01-03T17,MISO,"Midcontinent Independent System Operator, Inc.",Solar,1006
2024-01-03T17,MISO,"Midcontinent Independent System Operator, Inc.",Hydro,893
2024-01-03T17,MISO,"Midcontinent Independent System Operator, Inc.",Wind,6641
2024-01-03T18,MISO,"Midcontinent Independent System Operator, Inc.",Coal,26214
2024-01-03T18,MISO,"Midcontinent Independent System Operator, Inc.",Natural Gas,35487
2024-01-03T18,MISO,"Midcontinent Independent System Operator, Inc.",Nuclear,8210
2024-01-03T18,MISO,"Midcontinent Independent System Operator, Inc.",Other,364
2024-01-03T18,MISO,"Midcontinent Independent System Operator, Inc.",Solar,1114
2024-01-03T18,MISO,"Midcontinent Independent System Operator, Inc.",Hydro,893
2024-01-03T18,MISO,"Midcontinent Independent System Operator, Inc.",Wind,7394
2024-01-03T19,MISO,"Midcontinent Independent System Operator, Inc.",Coal,26137
2024-01-03T19,MISO,"Midcontinent Independent System Operator, Inc.",Natural Gas,35309
2024-01-03T19,MISO,"Midcontinent Independent System Operator, Inc.",Nuclear,8205
2024-01-03T19,MISO,"Midcontinent Independent System Operator, Inc.",Other,373
2024-01-03T19,MISO,"Midcontinent Independent System Operator, Inc.",Solar,1152
2024-01-03T19,MISO,"Midcontinent Independent System Operator, Inc.",Hydro,865
2024-01-03T19,MISO,"Midcontinent Independent System Operator, Inc.",Wind,7208
2024-01-03T20,MISO,"Midcontinent Independent System Operator, Inc.",Coal,25969
2024-01-03T20,MISO,"Midcontinent Independent System Operator, Inc.",Natural Gas,34843
2024-01-03T20,MISO,"Midcontinent Independent System Operator, Inc.",Nuclear,8270
2024-01-03T20,MISO,"Midcontinent Independent System Operator, Inc.",Other,373
2024-01-03T20,MISO,"Midcontinent Independent System Operator, Inc.",Solar,1070
2024-01-03T20,MISO,"Midcontinent Independent System Operator, Inc.",Hydro,856
2024-01-03T20,MISO,"Midcontinent Independent System Operator, Inc.",Wind,7419
2024-01-03T21,MISO,"Midcontinent Independent System Operator, Inc.",Coal,25909
2024-01-03T21,MISO,"Midcontinent Independent System Operator, Inc.",Natural Gas,34716
2024-01-03T21,MISO,"Midcontinent Independent System Operator, Inc.",Nuclear,8327
2024-01-03T21,MISO,"Midcontinent Independent System Operator, Inc.",Other,370
2024-01-03T21,MISO,"Midcontinent Independent System Operator, Inc.",Solar,852
2024-01-03T21,MISO,"Midcontinent Independent System Operator, Inc.",Hydro,863
2024-01-03T21,MISO,"Midcontinent Independent System Operator, Inc.",Wind,7351
2024-01-03T22,MISO,"Midcontinent Independent System Operator, Inc.",Coal,25898
2024-01-03T22,MISO,"Midcontinent Independent System Operator, Inc.",Natural Gas,34570
2024-01-03T22,MISO,"Midcontinent Independent System Operator, Inc.",Nuclear,8351
2024-01-03T22,MISO,"Midcontinent Independent System Operator, Inc.",Other,383
2024-01-03T22,MISO,"Midcontinent Independent System Operator, Inc.",Solar,545
2024-01-03T22,MISO,"Midcontinent Independent System Operator, Inc.",Hydro,899
2024-01-03T22,MISO,"Midcontinent Independent System Operator, Inc.",Wind,7019
2024-01-03T23,MISO,"Midcontinent Independent System Operator, Inc.",Coal,26232
2024-01-03T23,MISO,"Midcontinent Independent System Operator, Inc.",Natural Gas,35504
2024-01-03T23,MISO,"Midcontinent Independent System Operator, Inc.",Nuclear,8379
2024-01-03T23,MISO,"Midcontinent Independent System Operator, Inc.",Other,391
2024-01-03T23,MISO,"Midcontinent Independent System Operator, Inc.",Solar,247
2024-01-03T23,MISO,"Midcontinent Independent System Operator, Inc.",Hydro,1752
2024-01-03T23,MISO,"Midcontinent Independent System Operator, Inc.",Wind,6799
2024-01-04T00,MISO,"Midcontinent Independent System Operator, Inc.",Coal,26921
2024-01-04T00,MISO,"Midcontinent Independent System Operator, Inc.",Natural Gas,36902
2024-01-04T00,MISO,"Midcontinent Independent System Operator, Inc.",Nuclear,8384
2024-01-04T00,MISO,"Midcontinent Independent System Operator, Inc.",Other,405
2024-01-04T00,MISO,"Midcontinent Independent System Operator, Inc.",Solar,10
2024-01-04T00,MISO,"Midcontinent Independent System Operator, Inc.",Hydro,2202
2024-01-04T00,MISO,"Midcontinent Independent System Operator, Inc.",Wind,6658
2024-01-04T01,MISO,"Midcontinent Independent System Operator, Inc.",Coal,26804
2024-01-04T01,MISO,"Midcontinent Independent System Operator, Inc.",Natural Gas,37162
2024-01-04T01,MISO,"Midcontinent Independent System Operator, Inc.",Nuclear,8413
2024-01-04T01,MISO,"Midcontinent Independent System Operator, Inc.",Other,399
2024-01-04T01,MISO,"Midcontinent Independent System Operator, Inc.",Solar,3
2024-01-04T01,MISO,"Midcontinent Independent System Operator, Inc.",Hydro,1767
2024-01-04T01,MISO,"Midcontinent Independent System Operator, Inc.",Wind,7251
2024-01-04T02,MISO,"Midcontinent Independent System Operator, Inc.",Coal,27057
2024-01-04T02,MISO,"Midcontinent Independent System Operator, Inc.",Natural Gas,37686
2024-01-04T02,MISO,"Midcontinent Independent System Operator, Inc.",Nuclear,8444
2024-01-04T02,MISO,"Midcontinent Independent System Operator, Inc.",Other,392
2024-01-04T02,MISO,"Midcontinent Independent System Operator, Inc.",Solar,3
2024-01-04T02,MISO,"Midcontinent Independent System Operator, Inc.",Hydro,900
2024-01-04T02,MISO,"Midcontinent Independent System Operator, Inc.",Wind,6626
2024-01-04T03,MISO,"Midcontinent Independent System Operator, Inc.",Coal,26307
2024-01-04T03,MISO,"Midcontinent Independent System Operator, Inc.",Natural Gas,36275
2024-01-04T03,MISO,"Midcontinent Independent System Operator, Inc.",Nuclear,8503
2024-01-04T03,MISO,"Midcontinent Independent System Operator, Inc.",Other,382
2024-01-04T03,MISO,"Midcontinent Independent System Operator, Inc.",Solar,3
2024-01-04T03,MISO,"Midcontinent Independent System Operator, Inc.",Hydro,870
2024-01-04T03,MISO,"Midcontinent Independent System Operator, Inc.",Wind,6467
2024-01-04T04,MISO,"Midcontinent Independent System Operator, Inc.",Coal,25684
2024-01-04T04,MISO,"Midcontinent Independent System Operator, Inc.",Natural Gas,36060
2024-01-04T04,MISO,"Midcontinent Independent System Operator, Inc.",Nuclear,8591
2024-01-04T04,MISO,"Midcontinent Independent System Operator, Inc.",Other,374
2024-01-04T04,MISO,"Midcontinent Independent System Operator, Inc.",Solar,3
2024-01-04T04,MISO,"Midcontinent Independent System Operator, Inc.",Hydro,869
2024-01-04T04,MISO,"Midcontinent Independent System Operator, Inc.",Wind,5593
2024-01-04T05,MISO,"Midcontinent Independent System Operator, Inc.",Coal,24805
2024-01-04T05,MISO,"Midcontinent Independent System Operator, Inc.",Natural Gas,35326
2024-01-04T05,MISO,"Midcontinent Independent System Operator, Inc.",Nuclear,8616
2024-01-04T05,MISO,"Midcontinent Independent System Operator, Inc.",Other,370
2024-01-04T05,MISO,"Midcontinent Independent System Operator, Inc.",Solar,3
2024-01-04T05,MISO,"Midcontinent Independent System Operator, Inc.",Hydro,860
2024-01-04T05,MISO,"Midcontinent Independent System Operator, Inc.",Wind,4730
2024-01-04T06,MISO,"Midcontinent Independent System Operator, Inc.",Coal,24110
2024-01-04T06,MISO,"Midcontinent Independent System Operator, Inc.",Natural Gas,35175
2024-01-04T06,MISO,"Midcontinent Independent System Operator, Inc.",Nuclear,8650
2024-01-04T06,MISO,"Midcontinent Independent System Operator, Inc.",Other,368
2024-01-04T06,MISO,"Midcontinent Independent System Operator, Inc.",Solar,2
2024-01-04T06,MISO,"Midcontinent Independent System Operator, Inc.",Hydro,847
2024-01-04T06,MISO,"Midcontinent Independent System Operator, Inc.",Wind,3939
2024-01-04T07,MISO,"Midcontinent Independent System Operator, Inc.",Coal,23204
2024-01-04T07,MISO,"Midcontinent Independent System Operator, Inc.",Natural Gas,34280
2024-01-04T07,MISO,"Midcontinent Independent System Operator, Inc.",Nuclear,8733
2024-01-04T07,MISO,"Midcontinent Independent System Operator, Inc.",Other,368
2024-01-04T07,MISO,"Midcontinent Independent System Operator, Inc.",Solar,1
2024-01-04T07,MISO,"Midcontinent Independent System Operator, Inc.",Hydro,803
2024-01-04T07,MISO,"Midcontinent Independent System Operator, Inc.",Wind,3722
2024-01-04T08,MISO,"Midcontinent Independent System Operator, Inc.",Coal,22833
2024-01-04T08,MISO,"Midcontinent Independent System Operator, Inc.",Natural Gas,33971
2024-01-04T08,MISO,"Midcontinent Independent System Operator, Inc.",Nuclear,8816
2024-01-04T08,MISO,"Midcontinent Independent System Operator, Inc.",Other,367
2024-01-04T08,MISO,"Midcontinent Independent System Operator, Inc.",Solar,2
2024-01-04T08,MISO,"Midcontinent Independent System Operator, Inc.",Hydro,790
2024-01-04T08,MISO,"Midcontinent Independent System Operator, Inc.",Wind,3452
2024-01-04T09,MISO,"Midcontinent Independent System Operator, Inc.",Coal,23108
2024-01-04T09,MISO,"Midcontinent Independent System Operator, Inc.",Natural Gas,33982
2024-01-04T09,MISO,"Midcontinent Independent System Operator, Inc.",Nuclear,8961
2024-01-04T09,MISO,"Midcontinent Independent System Operator, Inc.",Other,373
2024-01-04T09,MISO,"Midcontinent Independent System Operator, Inc.",Solar,3
2024-01-04T09,MISO,"Midcontinent Independent System Operator, Inc.",Hydro,783
2024-01-04T09,MISO,"Midcontinent Independent System Operator, Inc.",Wind,3343
2024-01-04T10,MISO,"Midcontinent Independent System Operator, Inc.",Coal,23137
2024-01-04T10,MISO,"Midcontinent Independent System Operator, Inc.",Natural Gas,33862
2024-01-04T10,MISO,"Midcontinent Independent System Operator, Inc.",Nuclear,9053
2024-01-04T10,MISO,"Midcontinent Independent System Operator, Inc.",Other,373
2024-01-04T10,MISO,"Midcontinent Independent System Operator, Inc.",Solar,3
2024-01-04T10,MISO,"Midcontinent Independent System Operator, Inc.",Hydro,783
2024-01-04T10,MISO,"Midcontinent Independent System Operator, Inc.",Wind,3307
2024-01-04T11,MISO,"Midcontinent Independent System Operator, Inc.",Coal,23590
2024-01-04T11,MISO,"Midcontinent Independent System Operator, Inc.",Natural Gas,35164
2024-01-04T11,MISO,"Midcontinent Independent System Operator, Inc.",Nuclear,9083
2024-01-04T11,MISO,"Midcontinent Independent System Operator, Inc.",Other,368
2024-01-04T11,MISO,"Midcontinent Independent System Operator, Inc.",Solar,3
2024-01-04T11,MISO,"Midcontinent Independent System Operator, Inc.",Hydro,923
2024-01-04T11,MISO,"Midcontinent Independent System Operator, Inc.",Wind,3064
2024-01-04T12,MISO,"Midcontinent Independent System Operator, Inc.",Coal,23694
2024-01-04T12,MISO,"Midcontinent Independent System Operator, Inc.",Natural Gas,37792
2024-01-04T12,MISO,"Midcontinent Independent System Operator, Inc.",Nuclear,9078
2024-01-04T12,MISO,"Midcontinent Independent System Operator, Inc.",Other,376
2024-01-04T12,MISO,"Midcontinent Independent System Operator, Inc.",Solar,3
2024-01-04T12,MISO,"Midcontinent Independent System Operator, Inc.",Hydro,2195
2024-01-04T12,MISO,"Midcontinent Independent System Operator, Inc.",Wind,2473
2024-01-04T13,MISO,"Midcontinent Independent System Operator, Inc.",Coal,24976
2024-01-04T13,MISO,"Midcontinent Independent System Operator, Inc.",Natural Gas,40915
2024-01-04T13,MISO,"Midcontinent Independent System Operator, Inc.",Nuclear,9114
2024-01-04T13,MISO,"Midcontinent Independent System Operator, Inc.",Other,412
2024-01-04T13,MISO,"Midcontinent Independent System Operator, Inc.",Solar,3
2024-01-04T13,MISO,"Midcontinent Independent System Operator, Inc.",Hydro,2518
2024-01-04T13,MISO,"Midcontinent Independent System Operator, Inc.",Wind,2131
2024-01-04T14,MISO,"Midcontinent Independent System Operator, Inc.",Coal,26054
2024-01-04T14,MISO,"Midcontinent Independent System Operator, Inc.",Natural Gas,41930
2024-01-04T14,MISO,"Midcontinent Independent System Operator, Inc.",Nuclear,9135
2024-01-04T14,MISO,"Midcontinent Independent System Operator, Inc.",Other,416
2024-01-04T14,MISO,"Midcontinent Independent System Operator, Inc.",Solar,54
2024-01-04T14,MISO,"Midcontinent Independent System Operator, Inc.",Hydro,2613
2024-01-04T14,MISO,"Midcontinent Independent System Operator, Inc.",Wind,1939
2024-01-04T15,MISO,"Midcontinent Independent System Operator, Inc.",Coal,26487
2024-01-04T15,MISO,"Midcontinent Independent System Operator, Inc.",Natural Gas,41183
2024-01-04T15,MISO,"Midcontinent Independent System Operator, Inc.",Nuclear,9228
2024-01-04T15,MISO,"Midcontinent Independent System Operator, Inc.",Other,403
2024-01-04T15,MISO,"Midcontinent Independent System Operator, Inc.",Solar,712
2024-01-04T15,MISO,"Midcontinent Independent System Operator, Inc.",Hydro,1891
2024-01-04T15,MISO,"Midcontinent Independent System Operator, Inc.",Wind,1906
2024-01-04T16,MISO,"Midcontinent Independent System Operator, Inc.",Coal,26440
2024-01-04T16,MISO,"Midcontinent Independent System Operator, Inc.",Natural Gas,40314
2024-01-04T16,MISO,"Midcontinent Independent System Operator, Inc.",Nuclear,9239
2024-01-04T16,MISO,"Midcontinent Independent System Operator, Inc.",Other,386
2024-01-04T16,MISO,"Midcontinent Independent System Operator, Inc.",Solar,1231
2024-01-04T16,MISO,"Midcontinent Independent System Operator, Inc.",Hydro,1083
2024-01-04T16,MISO,"Midcontinent Independent System Operator, Inc.",Wind,2243
2024-01-04T17,MISO,"Midcontinent Independent System Operator, Inc.",Coal,26449
2024-01-04T17,MISO,"Midcontinent Independent System Operator, Inc.",Natural Gas,38797
2024-01-04T17,MISO,"Midcontinent Independent System Operator, Inc.",Nuclear,9262
2024-01-04T17,MISO,"Midcontinent Independent System Operator, Inc.",Other,378
2024-01-04T17,MISO,"Midcontinent Independent System Operator, Inc.",Solar,1482
2024-01-04T17,MISO,"Midcontinent Independent System Operator, Inc.",Hydro,845
2024-01-04T17,MISO,"Midcontinent Independent System Operator, Inc.",Wind,2933
2024-01-04T18,MISO,"Midcontinent Independent System Operator, Inc.",Coal,26307
2024-01-04T18,MISO,"Midcontinent Independent System Operator, Inc.",Natural Gas,37455
2024-01-04T18,MISO,"Midcontinent Independent System Operator, Inc.",Nuclear,9286
2024-01-04T18,MISO,"Midcontinent Independent System Operator, Inc.",Other,371
2024-01-04T18,MISO,"Midcontinent Independent System Operator, Inc.",Solar,1702
2024-01-04T18,MISO,"Midcontinent Independent System Operator, Inc.",Hydro,803
2024-01-04T18,MISO,"Midcontinent Independent System Operator, Inc.",Wind,3265
2024-01-04T19,MISO,"Midcontinent Independent System Operator, Inc.",Coal,26279
2024-01-04T19,MISO,"Midcontinent Independent System Operator, Inc.",Natural Gas,36574
2024-01-04T19,MISO,"Midcontinent Independent System Operator, Inc.",Nuclear,9309
2024-01-04T19,MISO,"Midcontinent Independent System Operator, Inc.",Other,376
2024-01-04T19,MISO,"Midcontinent Independent System Operator, Inc.",Solar,1726
2024-01-04T19,MISO,"Midcontinent Independent System Operator, Inc.",Hydro,819
2024-01-04T19,MISO,"Midcontinent Independent System Operator, Inc.",Wind,3416
2024-01-04T20,MISO,"Midcontinent Independent System Operator, Inc.",Coal,25789
2024-01-04T20,MISO,"Midcontinent Independent System Operator, Inc.",Natural Gas,36080
2024-01-04T20,MISO,"Midcontinent Independent System Operator, Inc.",Nuclear,9322
2024-01-04T20,MISO,"Midcontinent Independent System Operator, Inc.",Other,365
2024-01-04T20,MISO,"Midcontinent Independent System Operator, Inc.",Solar,1698
2024-01-04T20,MISO,"Midcontinent Independent System Operator, Inc.",Hydro,817
2024-01-04T20,MISO,"Midcontinent Independent System Operator, Inc.",Wind,3053
2024-01-04T21,MISO,"Midcontinent Independent System Operator, Inc.",Coal,25967
2024-01-04T21,MISO,"Midcontinent Independent System Operator, Inc.",Natural Gas,35836
2024-01-04T21,MISO,"Midcontinent Independent System Operator, Inc.",Nuclear,9342
2024-01-04T21,MISO,"Midcontinent Independent System Operator, Inc.",Other,367
2024-01-04T21,MISO,"Midcontinent Independent System Operator, Inc.",Solar,1565
2024-01-04T21,MISO,"Midcontinent Independent System Operator, Inc.",Hydro,819
2024-01-04T21,MISO,"Midcontinent Independent System Operator, Inc.",Wind,2769
2024-01-04T22,MISO,"Midcontinent Independent System Operator, Inc.",Coal,26564
2024-01-04T22,MISO,"Midcontinent Independent System Operator, Inc.",Natural Gas,35514
2024-01-04T22,MISO,"Midcontinent Independent System Operator, Inc.",Nuclear,9343
2024-01-04T22,MISO,"Midcontinent Independent System Operator, Inc.",Other,389
2024-01-04T22,MISO,"Midcontinent Independent System Operator, Inc.",Solar,1087
2024-01-04T22,MISO,"Midcontinent Independent System Operator, Inc.",Hydro,916
2024-01-04T22,MISO,"Midcontinent Independent System Operator, Inc.",Wind,2624
2024-01-04T23,MISO,"Midcontinent Independent System Operator, Inc.",Coal,26793
2024-01-04T23,MISO,"Midcontinent Independent System Operator, Inc.",Natural Gas,36239
2024-01-04T23,MISO,"Midcontinent Independent System Operator, Inc.",Nuclear,9328
2024-01-04T23,MISO,"Midcontinent Independent System Operator, Inc.",Other,425
2024-01-04T23,MISO,"Midcontinent Independent System Operator, Inc.",Solar,322
2024-01-04T23,MISO,"Midcontinent Independent System Operator, Inc.",Hydro,2225
2024-01-04T23,MISO,"Midcontinent Independent System Operator, Inc.",Wind,2499
2024-01-05T00,MISO,"Midcontinent Independent System Operator, Inc.",Coal,27796
2024-01-05T00,MISO,"Midcontinent Independent System Operator, Inc.",Natural Gas,37597
2024-01-05T00,MISO,"Midcontinent Independent System Operator, Inc.",Nuclear,9316
2024-01-05T00,MISO,"Midcontinent Independent System Operator, Inc.",Other,422
2024-01-05T00,MISO,"Midcontinent Independent System Operator, Inc.",Solar,8
2024-01-05T00,MISO,"Midcontinent Independent System Operator, Inc.",Hydro,2944
2024-01-05T00,MISO,"Midcontinent Independent System Operator, Inc.",Wind,2610
2024-01-05T01,MISO,"Midcontinent Independent System Operator, Inc.",Coal,28494
2024-01-05T01,MISO,"Midcontinent Independent System Operator, Inc.",Natural Gas,38729
2024-01-05T01,MISO,"Midcontinent Independent System Operator, Inc.",Nuclear,9303
2024-01-05T01,MISO,"Midcontinent Independent System Operator, Inc.",Other,393
2024-01-05T01,MISO,"Midcontinent Independent System Operator, Inc.",Solar,1
2024-01-05T01,MISO,"Midcontinent Independent System Operator, Inc.",Hydro,2109
2024-01-05T01,MISO,"Midcontinent Independent System Operator, Inc.",Wind,3035
2024-01-05T02,MISO,"Midcontinent Independent System Operator, Inc.",Coal,28671
2024-01-05T02,MISO,"Midcontinent Independent System Operator, Inc.",Natural Gas,38686
2024-01-05T02,MISO,"Midcontinent Independent System Operator, Inc.",Nuclear,9289
2024-01-05T02,MISO,"Midcontinent Independent System Operator, Inc.",Other,373
2024-01-05T02,MISO,"Midcontinent Independent System Operator, Inc.",Solar,1
2024-01-05T02,MISO,"Midcontinent Independent System Operator, Inc.",Hydro,1201
2024-01-05T02,MISO,"Midcontinent Independent System Operator, Inc.",Wind,3827
2024-01-05T03,MISO,"Midcontinent Independent System Operator, Inc.",Coal,28367
2024-01-05T03,MISO,"Midcontinent Independent System Operator, Inc.",Natural Gas,37177
2024-01-05T03,MISO,"Midcontinent Independent System Operator, Inc.",Nuclear,9275
2024-01-05T03,MISO,"Midcontinent Independent System Operator, Inc.",Other,366
2024-01-05T03,MISO,"Midcontinent Independent System Operator, Inc.",Solar,1
2024-01-05T03,MISO,"Midcontinent Independent System Operator, Inc.",Hydro,847
2024-01-05T03,MISO,"Midcontinent Independent System Operator, Inc.",Wind,4486
2024-01-05T04,MISO,"Midcontinent Independent System Operator, Inc.",Coal,28114
2024-01-05T04,MISO,"Midcontinent Independent System Operator, Inc.",Natural Gas,35435
2024-01-05T04,MISO,"Midcontinent Independent System Operator, Inc.",Nuclear,9266
2024-01-05T04,MISO,"Midcontinent Independent System Operator, Inc.",Other,362
2024-01-05T04,MISO,"Midcontinent Independent System Operator, Inc.",Solar,1
2024-01-05T04,MISO,"Midcontinent Independent System Operator, Inc.",Hydro,825
2024-01-05T04,MISO,"Midcontinent Independent System Operator, Inc.",Wind,5066
2024-01-05T05,MISO,"Midcontinent Independent System Operator, Inc.",Coal,27524
2024-01-05T05,MISO,"Midcontinent Independent System Operator, Inc.",Natural Gas,34136
2024-01-05T05,MISO,"Midcontinent Independent System Operator, Inc.",Nuclear,9261
2024-01-05T05,MISO,"Midcontinent Independent System Operator, Inc.",Other,365
2024-01-05T05,MISO,"Midcontinent Independent System Operator, Inc.",Solar,1
2024-01-05T05,MISO,"Midcontinent Independent System Operator, Inc.",Hydro,789
2024-01-05T05,MISO,"Midcontinent Independent System Operator, Inc.",Wind,5462
2024-01-05T06,MISO,"Midcontinent Independent System Operator, Inc.",Coal,26335
2024-01-05T06,MISO,"Midcontinent Independent System Operator, Inc.",Natural Gas,33060
2024-01-05T06,MISO,"Midcontinent Independent System Operator, Inc.",Nuclear,9259
2024-01-05T06,MISO,"Midcontinent Independent System Operator, Inc.",Other,348
2024-01-05T06,MISO,"Midcontinent Independent System Operator, Inc.",Solar,1
2024-01-05T06,MISO,"Midcontinent Independent System Operator, Inc.",Hydro,776
2024-01-05T06,MISO,"Midcontinent Independent System Operator, Inc.",Wind,6147
2024-01-05T07,MISO,"Midcontinent Independent System Operator, Inc.",Coal,25701
2024-01-05T07,MISO,"Midcontinent Independent System Operator, Inc.",Natural Gas,32902
2024-01-05T07,MISO,"Midcontinent Independent System Operator, Inc.",Nuclear,9260
2024-01-05T07,MISO,"Midcontinent Independent System Operator, Inc.",Other,349
2024-01-05T07,MISO,"Midcontinent Independent System Operator, Inc.",Solar,1
2024-01-05T07,MISO,"Midcontinent Independent System Operator, Inc.",Hydro,748
2024-01-05T07,MISO,"Midcontinent Independent System Operator, Inc.",Wind,6762
2024-01-05T08,MISO,"Midcontinent Independent System Operator, Inc.",Coal,25144
2024-01-05T08,MISO,"Midcontinent Independent System Operator, Inc.",Natural Gas,33125
2024-01-05T08,MISO,"Midcontinent Independent System Operator, Inc.",Nuclear,9248
2024-01-05T08,MISO,"Midcontinent Independent System Operator, Inc.",Other,351
2024-01-05T08,MISO,"Midcontinent Independent System Operator, Inc.",Solar,1
2024-01-05T08,MISO,"Midcontinent Independent System Operator, Inc.",Hydro,743
2024-01-05T08,MISO,"Midcontinent Independent System Operator, Inc.",Wind,6858
2024-01-05T09,MISO,"Midcontinent Independent System Operator, Inc.",Coal,25381
2024-01-05T09,MISO,"Midcontinent Independent System Operator, Inc.",Natural Gas,33123
2024-01-05T09,MISO,"Midcontinent Independent System Operator, Inc.",Nuclear,9224
2024-01-05T09,MISO,"Midcontinent Independent System Operator, Inc.",Other,352
2024-01-05T09,MISO,"Midcontinent Independent System Operator, Inc.",Solar,1
2024-01-05T09,MISO,"Midcontinent Independent System Operator, Inc.",Hydro,743
2024-01-05T09,MISO,"Midcontinent Independent System Operator, Inc.",Wind,6483
2024-01-05T10,MISO,"Midcontinent Independent System Operator, Inc.",Coal,25485
2024-01-05T10,MISO,"Midcontinent Independent System Operator, Inc.",Natural Gas,33177
2024-01-05T10,MISO,"Midcontinent Independent System Operator, Inc.",Nuclear,9217
2024-01-05T10,MISO,"Midcontinent Independent System Operator, Inc.",Other,356
2024-01-05T10,MISO,"Midcontinent Independent System Operator, Inc.",Solar,1
2024-01-05T10,MISO,"Midcontinent Independent System Operator, Inc.",Hydro,740
2024-01-05T10,MISO,"Midcontinent Independent System Operator, Inc.",Wind,6504
2024-01-05T11,MISO,"Midcontinent Independent System Operator, Inc.",Coal,25748
2024-01-05T11,MISO,"Midcontinent Independent System Operator, Inc.",Natural Gas,33652
2024-01-05T11,MISO,"Midcontinent Independent System Operator, Inc.",Nuclear,9210
2024-01-05T11,MISO,"Midcontinent Independent System Operator, Inc.",Other,354
2024-01-05T11,MISO,"Midcontinent Independent System Operator, Inc.",Solar,2
2024-01-05T11,MISO,"Midcontinent Independent System Operator, Inc.",Hydro,839
2024-01-05T11,MISO,"Midcontinent Independent System Operator, Inc.",Wind,6214
2024-01-05T12,MISO,"Midcontinent Independent System Operator, Inc.",Coal,26053
2024-01-05T12,MISO,"Midcontinent Independent System Operator, Inc.",Natural Gas,35884
2024-01-05T12,MISO,"Midcontinent Independent System Operator, Inc.",Nuclear,9205
2024-01-05T12,MISO,"Midcontinent Independent System Operator, Inc.",Other,360
2024-01-05T12,MISO,"Midcontinent Independent System Operator, Inc.",Solar,3
2024-01-05T12,MISO,"Midcontinent Independent System Operator, Inc.",Hydro,1431
2024-01-05T12,MISO,"Midcontinent Independent System Operator, Inc.",Wind,5746
2024-01-05T13,MISO,"Midcontinent Independent System Operator, Inc.",Coal,27318
2024-01-05T13,MISO,"Midcontinent Independent System Operator, Inc.",Natural Gas,38703
2024-01-05T13,MISO,"Midcontinent Independent System Operator, Inc.",Nuclear,9195
2024-01-05T13,MISO,"Midcontinent Independent System Operator, Inc.",Other,388
2024-01-05T13,MISO,"Midcontinent Independent System Operator, Inc.",Solar,2
2024-01-05T13,MISO,"Midcontinent Independent System Operator, Inc.",Hydro,2892
2024-01-05T13,MISO,"Midcontinent Independent System Operator, Inc.",Wind,5237
2024-01-05T14,MISO,"Midcontinent Independent System Operator, Inc.",Coal,28119
2024-01-05T14,MISO,"Midcontinent Independent System Operator, Inc.",Natural Gas,39934
2024-01-05T14,MISO,"Midcontinent Independent System Operator, Inc.",Nuclear,9187
2024-01-05T14,MISO,"Midcontinent Independent System Operator, Inc.",Other,393
2024-01-05T14,MISO,"Midcontinent Independent System Operator, Inc.",Solar,30
2024-01-05T14,MISO,"Midcontinent Independent System Operator, Inc.",Hydro,3023
2024-01-05T14,MISO,"Midcontinent Independent System Operator, Inc.",Wind,5404
2024-01-05T15,MISO,"Midcontinent Independent System Operator, Inc.",Coal,28141
2024-01-05T15,MISO,"Midcontinent Independent System Operator, Inc.",Natural Gas,39455
2024-01-05T15,MISO,"Midcontinent Independent System Operator, Inc.",Nuclear,9185
2024-01-05T15,MISO,"Midcontinent Independent System Operator, Inc.",Other,393
2024-01-05T15,MISO,"Midcontinent Independent System Operator, Inc.",Solar,342
2024-01-05T15,MISO,"Midcontinent Independent System Operator, Inc.",Hydro,2148
2024-01-05T15,MISO,"Midcontinent Independent System Operator, Inc.",Wind,5796
2024-01-05T16,MISO,"Midcontinent Independent System Operator, Inc.",Coal,28208
2024-01-05T16,MISO,"Midcontinent Independent System Operator, Inc.",Natural Gas,38599
2024-01-05T16,MISO,"Midcontinent Independent System Operator, Inc.",Nuclear,9178
2024-01-05T16,MISO,"Midcontinent Independent System Operator, Inc.",Other,382
2024-01-05T16,MISO,"Midcontinent Independent System Operator, Inc.",Solar,803
2024-01-05T16,MISO,"Midcontinent Independent System Operator, Inc.",Hydro,1153
2024-01-05T16,MISO,"Midcontinent Independent System Operator, Inc.",Wind,5975
2024-01-05T17,MISO,"Midcontinent Independent System Operator, Inc.",Coal,27887
2024-01-05T17,MISO,"Midcontinent Independent System Operator, Inc.",Natural Gas,37197
2024-01-05T17,MISO,"Midcontinent Independent System Operator, Inc.",Nuclear,9173
2024-01-05T17,MISO,"Midcontinent Independent System Operator, Inc.",Other,378
2024-01-05T17,MISO,"Midcontinent Independent System Operator, Inc.",Solar,1125
2024-01-05T17,MISO,"Midcontinent Independent System Operator, Inc.",Hydro,848
2024-01-05T17,MISO,"Midcontinent Independent System Operator, Inc.",Wind,6158
2024-01-05T18,MISO,"Midcontinent Independent System Operator, Inc.",Coal,27876
2024-01-05T18,MISO,"Midcontinent Independent System Operator, Inc.",Natural Gas,36449
2024-01-05T18,MISO,"Midcontinent Independent System Operator, Inc.",Nuclear,9205
2024-01-05T18,MISO,"Midcontinent Independent System Operator, Inc.",Other,387
2024-01-05T18,MISO,"Midcontinent Independent System Operator, Inc.",Solar,1332
2024-01-05T18,MISO,"Midcontinent Independent System Operator, Inc.",Hydro,827
2024-01-05T18,MISO,"Midcontinent Independent System Operator, Inc.",Wind,6144
2024-01-05T19,MISO,"Midcontinent Independent System Operator, Inc.",Coal,27633
2024-01-05T19,MISO,"Midcontinent Independent System Operator, Inc.",Natural Gas,35792
2024-01-05T19,MISO,"Midcontinent Independent System Operator, Inc.",Nuclear,9226
2024-01-05T19,MISO,"Midcontinent Independent System Operator, Inc.",Other,381
2024-01-05T19,MISO,"Midcontinent Independent System Operator, Inc.",Solar,1296
2024-01-05T19,MISO,"Midcontinent Independent System Operator, Inc.",Hydro,830
2024-01-05T19,MISO,"Midcontinent Independent System Operator, Inc.",Wind,6039
2024-01-05T20,MISO,"Midcontinent Independent System Operator, Inc.",Coal,27883
2024-01-05T20,MISO,"Midcontinent Independent System Operator, Inc.",Natural Gas,36273
2024-01-05T20,MISO,"Midcontinent Independent System Operator, Inc.",Nuclear,9227
2024-01-05T20,MISO,"Midcontinent Independent System Operator, Inc.",Other,375
2024-01-05T20,MISO,"Midcontinent Independent System Operator, Inc.",Solar,998
2024-01-05T20,MISO,"Midcontinent Independent System Operator, Inc.",Hydro,846
2024-01-05T20,MISO,"Midcontinent Independent System Operator, Inc.",Wind,5296
2024-01-05T21,MISO,"Midcontinent Independent System Operator, Inc.",Coal,27690
2024-01-05T21,MISO,"Midcontinent Independent System Operator, Inc.",Natural Gas,35836
2024-01-05T21,MISO,"Midcontinent Independent System Operator, Inc.",Nuclear,9226
2024-01-05T21,MISO,"Midcontinent Independent System Operator, Inc.",Other,366
2024-01-05T21,MISO,"Midcontinent Independent System Operator, Inc.",Solar,628
2024-01-05T21,MISO,"Midcontinent Independent System Operator, Inc.",Hydro,847
2024-01-05T21,MISO,"Midcontinent Independent System Operator, Inc.",Wind,5474
2024-01-05T22,MISO,"Midcontinent Independent System Operator, Inc.",Coal,27860
2024-01-05T22,MISO,"Midcontinent Independent System Operator, Inc.",Natural Gas,36197
2024-01-05T22,MISO,"Midcontinent Independent System Operator, Inc.",Nuclear,9222
2024-01-05T22,MISO,"Midcontinent Independent System Operator, Inc.",Other,377
2024-01-05T22,MISO,"Midcontinent Independent System Operator, Inc.",Solar,221
2024-01-05T22,MISO,"Midcontinent Independent System Operator, Inc.",Hydro,1202
2024-01-05T22,MISO,"Midcontinent Independent System Operator, Inc.",Wind,4903
2024-01-05T23,MISO,"Midcontinent Independent System Operator, Inc.",Coal,28024
2024-01-05T23,MISO,"Midcontinent Independent System Operator, Inc.",Natural Gas,36026
2024-01-05T23,MISO,"Midcontinent Independent System Operator, Inc.",Nuclear,9223
2024-01-05T23,MISO,"Midcontinent Independent System Operator, Inc.",Other,387
2024-01-05T23,MISO,"Midcontinent Independent System Operator, Inc.",Solar,30
2024-01-05T23,MISO,"Midcontinent Independent System Operator, Inc.",Hydro,2274
2024-01-05T23,MISO,"Midcontinent Independent System Operator, Inc.",Wind,4693
2024-01-06T00,MISO,"Midcontinent Independent System Operator, Inc.",Coal,28521
2024-01-06T00,MISO,"Midcontinent Independent System Operator, Inc.",Natural Gas,37051
2024-01-06T00,MISO,"Midcontinent Independent System Operator, Inc.",Nuclear,9228
2024-01-06T00,MISO,"Midcontinent Independent System Operator, Inc.",Other,377
2024-01-06T00,MISO,"Midcontinent Independent System Operator, Inc.",Solar,0
2024-01-06T00,MISO,"Midcontinent Independent System Operator, Inc.",Hydro,2462
2024-01-06T00,MISO,"Midcontinent Independent System Operator, Inc.",Wind,4995
2024-01-06T01,MISO,"Midcontinent Independent System Operator, Inc.",Coal,28420
2024-01-06T01,MISO,"Midcontinent Independent System Operator, Inc.",Natural Gas,36633
2024-01-06T01,MISO,"Midcontinent Independent System Operator, Inc.",Nuclear,9233
2024-01-06T01,MISO,"Midcontinent Independent System Operator, Inc.",Other,368
2024-01-06T01,MISO,"Midcontinent Independent System Operator, Inc.",Solar,0
2024-01-06T01,MISO,"Midcontinent Independent System Operator, Inc.",Hydro,1522
2024-01-06T01,MISO,"Midcontinent Independent System Operator, Inc.",Wind,6204
2024-01-06T02,MISO,"Midcontinent Independent System Operator, Inc.",Coal,28103
2024-01-06T02,MISO,"Midcontinent Independent System Operator, Inc.",Natural Gas,35978
2024-01-06T02,MISO,"Midcontinent Independent System Operator, Inc.",Nuclear,9233
2024-01-06T02,MISO,"Midcontinent Independent System Operator, Inc.",Other,349
2024-01-06T02,MISO,"Midcontinent Independent System Operator, Inc.",Solar,0
2024-01-06T02,MISO,"Midcontinent Independent System Operator, Inc.",Hydro,860
2024-01-06T02,MISO,"Midcontinent Independent System Operator, Inc.",Wind,6666
2024-01-06T03,MISO,"Midcontinent Independent System Operator, Inc.",Coal,27737
2024-01-06T03,MISO,"Midcontinent Independent System Operator, Inc.",Natural Gas,34753
2024-01-06T03,MISO,"Midcontinent Independent System Operator, Inc.",Nuclear,9234
2024-01-06T03,MISO,"Midcontinent Independent System Operator, Inc.",Other,343
2024-01-06T03,MISO,"Midcontinent Independent System Operator, Inc.",Solar,0
2024-01-06T03,MISO,"Midcontinent Independent System Operator, Inc.",Hydro,824
2024-01-06T03,MISO,"Midcontinent Independent System Operator, Inc.",Wind,6880
2024-01-06T04,MISO,"Midcontinent Independent System Operator, Inc.",Coal,27180
2024-01-06T04,MISO,"Midcontinent Independent System Operator, Inc.",Natural Gas,33599
2024-01-06T04,MISO,"Midcontinent Independent System Operator, Inc.",Nuclear,9236
2024-01-06T04,MISO,"Midcontinent Independent System Operator, Inc.",Other,344
2024-01-06T04,MISO,"Midcontinent Independent System Operator, Inc.",Solar,0
2024-01-06T04,MISO,"Midcontinent Independent System Operator, Inc.",Hydro,778
2024-01-06T04,MISO,"Midcontinent Independent System Operator, Inc.",Wind,6340
2024-01-06T05,MISO,"Midcontinent Independent System Operator, Inc.",Coal,26640
2024-01-06T05,MISO,"Midcontinent Independent System Operator, Inc.",Natural Gas,32986
2024-01-06T05,MISO,"Midcontinent Independent System Operator, Inc.",Nuclear,9237
2024-01-06T05,MISO,"Midcontinent Independent System Operator, Inc.",Other,343
2024-01-06T05,MISO,"Midcontinent Independent System Operator, Inc.",Solar,0
2024-01-06T05,MISO,"Midcontinent Independent System Operator, Inc.",Hydro,749
2024-01-06T05,MISO,"Midcontinent Independent System Operator, Inc.",Wind,5542
2024-01-06T06,MISO,"Midcontinent Independent System Operator, Inc.",Coal,26019
2024-01-06T06,MISO,"Midcontinent Independent System Operator, Inc.",Natural Gas,32298
2024-01-06T06,MISO,"Midcontinent Independent System Operator, Inc.",Nuclear,9005
2024-01-06T06,MISO,"Midcontinent Independent System Operator, Inc.",Other,342
2024-01-06T06,MISO,"Midcontinent Independent System Operator, Inc.",Solar,0
2024-01-06T06,MISO,"Midcontinent Independent System Operator, Inc.",Hydro,726
2024-01-06T06,MISO,"Midcontinent Independent System Operator, Inc.",Wind,5135
2024-01-06T07,MISO,"Midcontinent Independent System Operator, Inc.",Coal,25184
2024-01-06T07,MISO,"Midcontinent Independent System Operator, Inc.",Natural Gas,32035
2024-01-06T07,MISO,"Midcontinent Independent System Operator, Inc.",Nuclear,8992
2024-01-06T07,MISO,"Midcontinent Independent System Operator, Inc.",Other,340
2024-01-06T07,MISO,"Midcontinent Independent System Operator, Inc.",Solar,0
2024-01-06T07,MISO,"Midcontinent Independent System Operator, Inc.",Hydro,725
2024-01-06T07,MISO,"Midcontinent Independent System Operator, Inc.",Wind,4727
2024-01-06T08,MISO,"Midcontinent Independent System Operator, Inc.",Coal,24325
2024-01-06T08,MISO,"Midcontinent Independent System Operator, Inc.",Natural Gas,31860
2024-01-06T08,MISO,"Midcontinent Independent System Operator, Inc.",Nuclear,9230
2024-01-06T08,MISO,"Midcontinent Independent System Operator, Inc.",Other,337
2024-01-06T08,MISO,"Midcontinent Independent System Operator, Inc.",Solar,0
2024-01-06T08,MISO,"Midcontinent Independent System Operator, Inc.",Hydro,725
2024-01-06T08,MISO,"Midcontinent Independent System Operator, Inc.",Wind,4216
2024-01-06T09,MISO,"Midcontinent Independent System Operator, Inc.",Coal,24034
2024-01-06T09,MISO,"Midcontinent Independent System Operator, Inc.",Natural Gas,31817
2024-01-06T09,MISO,"Midcontinent Independent System Operator, Inc.",Nuclear,9427
2024-01-06T09,MISO,"Midcontinent Independent System Operator, Inc.",Other,342
2024-01-06T09,MISO,"Midcontinent Independent System Operator, Inc.",Solar,0
2024-01-06T09,MISO,"Midcontinent Independent System Operator, Inc.",Hydro,739
2024-01-06T09,MISO,"Midcontinent Independent System Operator, Inc.",Wind,3616
2024-01-06T10,MISO,"Midcontinent Independent System Operator, Inc.",Coal,24241
2024-01-06T10,MISO,"Midcontinent Independent System Operator, Inc.",Natural Gas,31351
2024-01-06T10,MISO,"Midcontinent Independent System Operator, Inc.",Nuclear,9481
2024-01-06T10,MISO,"Midcontinent Independent System Operator, Inc.",Other,353
2024-01-06T10,MISO,"Midcontinent Independent System Operator, Inc.",Solar,0
2024-01-06T10,MISO,"Midcontinent Independent System Operator, Inc.",Hydro,751
2024-01-06T10,MISO,"Midcontinent Independent System Operator, Inc.",Wind,2699
2024-01-06T11,MISO,"Midcontinent Independent System Operator, Inc.",Coal,24975
2024-01-06T11,MISO,"Midcontinent Independent System Operator, Inc.",Natural Gas,31971
2024-01-06T11,MISO,"Midcontinent Independent System Operator, Inc.",Nuclear,9512
2024-01-06T11,MISO,"Midcontinent Independent System Operator, Inc.",Other,351
2024-01-06T11,MISO,"Midcontinent Independent System Operator, Inc.",Solar,0
2024-01-06T11,MISO,"Midcontinent Independent System Operator, Inc.",Hydro,756
2024-01-06T11,MISO,"Midcontinent Independent System Operator, Inc.",Wind,2110
2024-01-06T12,MISO,"Midcontinent Independent System Operator, Inc.",Coal,25604
2024-01-06T12,MISO,"Midcontinent Independent System Operator, Inc.",Natural Gas,31693
2024-01-06T12,MISO,"Midcontinent Independent System Operator, Inc.",Nuclear,9535
2024-01-06T12,MISO,"Midcontinent Independent System Operator, Inc.",Other,350
2024-01-06T12,MISO,"Midcontinent Independent System Operator, Inc.",Solar,0
2024-01-06T12,MISO,"Midcontinent Independent System Operator, Inc.",Hydro,761
2024-01-06T12,MISO,"Midcontinent Independent System Operator, Inc.",Wind,1666
2024-01-06T13,MISO,"Midcontinent Independent System Operator, Inc.",Coal,26235
2024-01-06T13,MISO,"Midcontinent Independent System Operator, Inc.",Natural Gas,32077
2024-01-06T13,MISO,"Midcontinent Independent System Operator, Inc.",Nuclear,9547
2024-01-06T13,MISO,"Midcontinent Independent System Operator, Inc.",Other,350
2024-01-06T13,MISO,"Midcontinent Independent System Operator, Inc.",Solar,0
2024-01-06T13,MISO,"Midcontinent Independent System Operator, Inc.",Hydro,795
2024-01-06T13,MISO,"Midcontinent Independent System Operator, Inc.",Wind,1335
2024-01-06T14,MISO,"Midcontinent Independent System Operator, Inc.",Coal,27303
2024-01-06T14,MISO,"Midcontinent Independent System Operator, Inc.",Natural Gas,32238
2024-01-06T14,MISO,"Midcontinent Independent System Operator, Inc.",Nuclear,9536
2024-01-06T14,MISO,"Midcontinent Independent System Operator, Inc.",Other,356
2024-01-06T14,MISO,"Midcontinent Independent System Operator, Inc.",Solar,7
2024-01-06T14,MISO,"Midcontinent Independent System Operator, Inc.",Hydro,1485
2024-01-06T14,MISO,"Midcontinent Independent System Operator, Inc.",Wind,1227
2024-01-06T15,MISO,"Midcontinent Independent System Operator, Inc.",Coal,28036
2024-01-06T15,MISO,"Midcontinent Independent System Operator, Inc.",Natural Gas,33041
2024-01-06T15,MISO,"Midcontinent Independent System Operator, Inc.",Nuclear,9555
2024-01-06T15,MISO,"Midcontinent Independent System Operator, Inc.",Other,365
2024-01-06T15,MISO,"Midcontinent Independent System Operator, Inc.",Solar,120
2024-01-06T15,MISO,"Midcontinent Independent System Operator, Inc.",Hydro,1541
2024-01-06T15,MISO,"Midcontinent Independent System Operator, Inc.",Wind,1563
2024-01-06T16,MISO,"Midcontinent Independent System Operator, Inc.",Coal,27978
2024-01-06T16,MISO,"Midcontinent Independent System Operator, Inc.",Natural Gas,33152
2024-01-06T16,MISO,"Midcontinent Independent System Operator, Inc.",Nuclear,9576
2024-01-06T16,MISO,"Midcontinent Independent System Operator, Inc.",Other,365
2024-01-06T16,MISO,"Midcontinent Independent System Operator, Inc.",Solar,319
2024-01-06T16,MISO,"Midcontinent Independent System Operator, Inc.",Hydro,1777
2024-01-06T16,MISO,"Midcontinent Independent System Operator, Inc.",Wind,1815
2024-01-06T17,MISO,"Midcontinent Independent System Operator, Inc.",Coal,28204
2024-01-06T17,MISO,"Midcontinent Independent System Operator, Inc.",Natural Gas,33450
2024-01-06T17,MISO,"Midcontinent Independent System Operator, Inc.",Nuclear,9601
2024-01-06T17,MISO,"Midcontinent Independent System Operator, Inc.",Other,371
2024-01-06T17,MISO,"Midcontinent Independent System Operator, Inc.",Solar,559
2024-01-06T17,MISO,"Midcontinent Independent System Operator, Inc.",Hydro,1459
2024-01-06T17,MISO,"Midcontinent Independent System Operator, Inc.",Wind,1850
2024-01-06T18,MISO,"Midcontinent Independent System Operator, Inc.",Coal,27842
2024-01-06T18,MISO,"Midcontinent Independent System Operator, Inc.",Natural Gas,33291
2024-01-06T18,MISO,"Midcontinent Independent System Operator, Inc.",Nuclear,9627
2024-01-06T18,MISO,"Midcontinent Independent System Operator, Inc.",Other,357
2024-01-06T18,MISO,"Midcontinent Independent System Operator, Inc.",Solar,810
2024-01-06T18,MISO,"Midcontinent Independent System Operator, Inc.",Hydro,942
2024-01-06T18,MISO,"Midcontinent Independent System Operator, Inc.",Wind,2068
2024-01-06T19,MISO,"Midcontinent Independent System Operator, Inc.",Coal,27484
2024-01-06T19,MISO,"Midcontinent Independent System Operator, Inc.",Natural Gas,32916
2024-01-06T19,MISO,"Midcontinent Independent System Operator, Inc.",Nuclear,9631
2024-01-06T19,MISO,"Midcontinent Independent System Operator, Inc.",Other,366
2024-01-06T19,MISO,"Midcontinent Independent System Operator, Inc.",Solar,915
2024-01-06T19,MISO,"Midcontinent Independent System Operator, Inc.",Hydro,826
2024-01-06T19,MISO,"Midcontinent Independent System Operator, Inc.",Wind,2470
2024-01-06T20,MISO,"Midcontinent Independent System Operator, Inc.",Coal,27524
2024-01-06T20,MISO,"Midcontinent Independent System Operator, Inc.",Natural Gas,32346
2024-01-06T20,MISO,"Midcontinent Independent System Operator, Inc.",Nuclear,9635
2024-01-06T20,MISO,"Midcontinent Independent System Operator, Inc.",Other,370
2024-01-06T20,MISO,"Midcontinent Independent System Operator, Inc.",Solar,782
2024-01-06T20,MISO,"Midcontinent Independent System Operator, Inc.",Hydro,823
2024-01-06T20,MISO,"Midcontinent Independent System Operator, Inc.",Wind,2928
2024-01-06T21,MISO,"Midcontinent Independent System Operator, Inc.",Coal,27019
2024-01-06T21,MISO,"Midcontinent Independent System Operator, Inc.",Natural Gas,31969
2024-01-06T21,MISO,"Midcontinent Independent System Operator, Inc.",Nuclear,9631
2024-01-06T21,MISO,"Midcontinent Independent System Operator, Inc.",Other,367
2024-01-06T21,MISO,"Midcontinent Independent System Operator, Inc.",Solar,561
2024-01-06T21,MISO,"Midcontinent Independent System Operator, Inc.",Hydro,834
2024-01-06T21,MISO,"Midcontinent Independent System Operator, Inc.",Wind,3548
2024-01-06T22,MISO,"Midcontinent Independent System Operator, Inc.",Coal,26821
2024-01-06T22,MISO,"Midcontinent Independent System Operator, Inc.",Natural Gas,32004
2024-01-06T22,MISO,"Midcontinent Independent System Operator, Inc.",Nuclear,9633
2024-01-06T22,MISO,"Midcontinent Independent System Operator, Inc.",Other,378
2024-01-06T22,MISO,"Midcontinent Independent System Operator, Inc.",Solar,351
2024-01-06T22,MISO,"Midcontinent Independent System Operator, Inc.",Hydro,984
2024-01-06T22,MISO,"Midcontinent Independent System Operator, Inc.",Wind,3988
2024-01-06T23,MISO,"Midcontinent Independent System Operator, Inc.",Coal,26940
2024-01-06T23,MISO,"Midcontinent Independent System Operator, Inc.",Natural Gas,31948
2024-01-06T23,MISO,"Midcontinent Independent System Operator, Inc.",Nuclear,9633
2024-01-06T23,MISO,"Midcontinent Independent System Operator, Inc.",Other,388
2024-01-06T23,MISO,"Midcontinent Independent System Operator, Inc.",Solar,136
2024-01-06T23,MISO,"Midcontinent Independent System Operator, Inc.",Hydro,2109
2024-01-06T23,MISO,"Midcontinent Independent System Operator, Inc.",Wind,4089
2024-01-07T00,MISO,"Midcontinent Independent System Operator, Inc.",Coal,28354
2024-01-07T00,MISO,"Midcontinent Independent System Operator, Inc.",Natural Gas,33153
2024-01-07T00,MISO,"Midcontinent Independent System Operator, Inc.",Nuclear,9631
2024-01-07T00,MISO,"Midcontinent Independent System Operator, Inc.",Other,379
2024-01-07T00,MISO,"Midcontinent Independent System Operator, Inc.",Solar,8
2024-01-07T00,MISO,"Midcontinent Independent System Operator, Inc.",Hydro,1779
2024-01-07T00,MISO,"Midcontinent Independent System Operator, Inc.",Wind,4528
2024-01-07T01,MISO,"Midcontinent Independent System Operator, Inc.",Coal,28753
2024-01-07T01,MISO,"Midcontinent Independent System Operator, Inc.",Natural Gas,33219
2024-01-07T01,MISO,"Midcontinent Independent System Operator, Inc.",Nuclear,9631
2024-01-07T01,MISO,"Midcontinent Independent System Operator, Inc.",Other,366
2024-01-07T01,MISO,"Midcontinent Independent System Operator, Inc.",Solar,1
2024-01-07T01,MISO,"Midcontinent Independent System Operator, Inc.",Hydro,1042
2024-01-07T01,MISO,"Midcontinent Independent System Operator, Inc.",Wind,5086
2024-01-07T02,MISO,"Midcontinent Independent System Operator, Inc.",Coal,27971
2024-01-07T02,MISO,"Midcontinent Independent System Operator, Inc.",Natural Gas,32490
2024-01-07T02,MISO,"Midcontinent Independent System Operator, Inc.",Nuclear,9628
2024-01-07T02,MISO,"Midcontinent Independent System Operator, Inc.",Other,364
2024-01-07T02,MISO,"Midcontinent Independent System Operator, Inc.",Solar,1
2024-01-07T02,MISO,"Midcontinent Independent System Operator, Inc.",Hydro,876
2024-01-07T02,MISO,"Midcontinent Independent System Operator, Inc.",Wind,5879
2024-01-07T03,MISO,"Midcontinent Independent System Operator, Inc.",Coal,26630
2024-01-07T03,MISO,"Midcontinent Independent System Operator, Inc.",Natural Gas,32030
2024-01-07T03,MISO,"Midcontinent Independent System Operator, Inc.",Nuclear,9629
2024-01-07T03,MISO,"Midcontinent Independent System Operator, Inc.",Other,365
2024-01-07T03,MISO,"Midcontinent Independent System Operator, Inc.",Solar,1
2024-01-07T03,MISO,"Midcontinent Independent System Operator, Inc.",Hydro,838
2024-01-07T03,MISO,"Midcontinent Independent System Operator, Inc.",Wind,6732
2024-01-07T04,MISO,"Midcontinent Independent System Operator, Inc.",Coal,25104
2024-01-07T04,MISO,"Midcontinent Independent System Operator, Inc.",Natural Gas,31340
2024-01-07T04,MISO,"Midcontinent Independent System Operator, Inc.",Nuclear,9629
2024-01-07T04,MISO,"Midcontinent Independent System Operator, Inc.",Other,366
2024-01-07T04,MISO,"Midcontinent Independent System Operator, Inc.",Solar,1
2024-01-07T04,MISO,"Midcontinent Independent System Operator, Inc.",Hydro,814
2024-01-07T04,MISO,"Midcontinent Independent System Operator, Inc.",Wind,7047
2024-01-07T05,MISO,"Midcontinent Independent System Operator, Inc.",Coal,24316
2024-01-07T05,MISO,"Midcontinent Independent System Operator, Inc.",Natural Gas,30839
2024-01-07T05,MISO,"Midcontinent Independent System Operator, Inc.",Nuclear,9627
2024-01-07T05,MISO,"Midcontinent Independent System Operator, Inc.",Other,365
2024-01-07T05,MISO,"Midcontinent Independent System Operator, Inc.",Solar,1
2024-01-07T05,MISO,"Midcontinent Independent System Operator, Inc.",Hydro,775
2024-01-07T05,MISO,"Midcontinent Independent System Operator, Inc.",Wind,6685
2024-01-07T06,MISO,"Midcontinent Independent System Operator, Inc.",Coal,23333
2024-01-07T06,MISO,"Midcontinent Independent System Operator, Inc.",Natural Gas,30176
2024-01-07T06,MISO,"Midcontinent Independent System Operator, Inc.",Nuclear,9628
2024-01-07T06,MISO,"Midcontinent Independent System Operator, Inc.",Other,365
2024-01-07T06,MISO,"Midcontinent Independent System Operator, Inc.",Solar,1
2024-01-07T06,MISO,"Midcontinent Independent System Operator, Inc.",Hydro,752
2024-01-07T06,MISO,"Midcontinent Independent System Operator, Inc.",Wind,6735
2024-01-07T07,MISO,"Midcontinent Independent System Operator, Inc.",Coal,22351
2024-01-07T07,MISO,"Midcontinent Independent System Operator, Inc.",Natural Gas,30116
2024-01-07T07,MISO,"Midcontinent Independent System Operator, Inc.",Nuclear,9629
2024-01-07T07,MISO,"Midcontinent Independent System Operator, Inc.",Other,364
2024-01-07T07,MISO,"Midcontinent Independent System Operator, Inc.",Solar,2
2024-01-07T07,MISO,"Midcontinent Independent System Operator, Inc.",Hydro,750
2024-01-07T07,MISO,"Midcontinent Independent System Operator, Inc.",Wind,7041
2024-01-07T08,MISO,"Midcontinent Independent System Operator, Inc.",Coal,21495
2024-01-07T08,MISO,"Midcontinent Independent System Operator, Inc.",Natural Gas,29880
2024-01-07T08,MISO,"Midcontinent Independent System Operator, Inc.",Nuclear,9633
2024-01-07T08,MISO,"Midcontinent Independent System Operator, Inc.",Other,358
2024-01-07T08,MISO,"Midcontinent Independent System Operator, Inc.",Solar,2
2024-01-07T08,MISO,"Midcontinent Independent System Operator, Inc.",Hydro,751
2024-01-07T08,MISO,"Midcontinent Independent System Operator, Inc.",Wind,7222
2024-01-07T09,MISO,"Midcontinent Independent System Operator, Inc.",Coal,20854
2024-01-07T09,MISO,"Midcontinent Independent System Operator, Inc.",Natural Gas,29260
2024-01-07T09,MISO,"Midcontinent Independent System Operator, Inc.",Nuclear,9628
2024-01-07T09,MISO,"Midcontinent Independent System Operator, Inc.",Other,361
2024-01-07T09,MISO,"Midcontinent Independent System Operator, Inc.",Solar,2
2024-01-07T09,MISO,"Midcontinent Independent System Operator, Inc.",Hydro,753
2024-01-07T09,MISO,"Midcontinent Independent System Operator, Inc.",Wind,7638
2024-01-07T10,MISO,"Midcontinent Independent System Operator, Inc.",Coal,20800
2024-01-07T10,MISO,"Midcontinent Independent System Operator, Inc.",Natural Gas,29236
2024-01-07T10,MISO,"Midcontinent Independent System Operator, Inc.",Nuclear,9632
2024-01-07T10,MISO,"Midcontinent Independent System Operator, Inc.",Other,361
2024-01-07T10,MISO,"Midcontinent Independent System Operator, Inc.",Solar,2
2024-01-07T10,MISO,"Midcontinent Independent System Operator, Inc.",Hydro,753
2024-01-07T10,MISO,"Midcontinent Independent System Operator, Inc.",Wind,7990
2024-01-07T11,MISO,"Midcontinent Independent System Operator, Inc.",Coal,21036
2024-01-07T11,MISO,"Midcontinent Independent System Operator, Inc.",Natural Gas,29226
2024-01-07T11,MISO,"Midcontinent Independent System Operator, Inc.",Nuclear,9632
2024-01-07T11,MISO,"Midcontinent Independent System Operator, Inc.",Other,361
2024-01-07T11,MISO,"Midcontinent Independent System Operator, Inc.",Solar,1
2024-01-07T11,MISO,"Midcontinent Independent System Operator, Inc.",Hydro,764
2024-01-07T11,MISO,"Midcontinent Independent System Operator, Inc.",Wind,8151
2024-01-07T12,MISO,"Midcontinent Independent System Operator, Inc.",Coal,22323
2024-01-07T12,MISO,"Midcontinent Independent System Operator, Inc.",Natural Gas,29329
2024-01-07T12,MISO,"Midcontinent Independent System Operator, Inc.",Nuclear,9634
2024-01-07T12,MISO,"Midcontinent Independent System Operator, Inc.",Other,357
2024-01-07T12,MISO,"Midcontinent Independent System Operator, Inc.",Solar,2
2024-01-07T12,MISO,"Midcontinent Independent System Operator, Inc.",Hydro,769
2024-01-07T12,MISO,"Midcontinent Independent System Operator, Inc.",Wind,7645
2024-01-07T13,MISO,"Midcontinent Independent System Operator, Inc.",Coal,22285
2024-01-07T13,MISO,"Midcontinent Independent System Operator, Inc.",Natural Gas,29923
2024-01-07T13,MISO,"Midcontinent Independent System Operator, Inc.",Nuclear,9633
2024-01-07T13,MISO,"Midcontinent Independent System Operator, Inc.",Other,341
2024-01-07T13,MISO,"Midcontinent Independent System Operator, Inc.",Solar,2
2024-01-07T13,MISO,"Midcontinent Independent System Operator, Inc.",Hydro,778
2024-01-07T13,MISO,"Midcontinent Independent System Operator, Inc.",Wind,6949
2024-01-07T14,MISO,"Midcontinent Independent System Operator, Inc.",Coal,24376
2024-01-07T14,MISO,"Midcontinent Independent System Operator, Inc.",Natural Gas,30889
2024-01-07T14,MISO,"Midcontinent Independent System Operator, Inc.",Nuclear,9636
2024-01-07T14,MISO,"Midcontinent Independent System Operator, Inc.",Other,338
2024-01-07T14,MISO,"Midcontinent Independent System Operator, Inc.",Solar,48
2024-01-07T14,MISO,"Midcontinent Independent System Operator, Inc.",Hydro,808
2024-01-07T14,MISO,"Midcontinent Independent System Operator, Inc.",Wind,5493
2024-01-07T15,MISO,"Midcontinent Independent System Operator, Inc.",Coal,25679
2024-01-07T15,MISO,"Midcontinent Independent System Operator, Inc.",Natural Gas,31601
2024-01-07T15,MISO,"Midcontinent Independent System Operator, Inc.",Nuclear,9639
2024-01-07T15,MISO,"Midcontinent Independent System Operator, Inc.",Other,337
2024-01-07T15,MISO,"Midcontinent Independent System Operator, Inc.",Solar,623
2024-01-07T15,MISO,"Midcontinent Independent System Operator, Inc.",Hydro,829
2024-01-07T15,MISO,"Midcontinent Independent System Operator, Inc.",Wind,4115
2024-01-07T16,MISO,"Midcontinent Independent System Operator, Inc.",Coal,26006
2024-01-07T16,MISO,"Midcontinent Independent System Operator, Inc.",Natural Gas,31251
2024-01-07T16,MISO,"Midcontinent Independent System Operator, Inc.",Nuclear,9635
2024-01-07T16,MISO,"Midcontinent Independent System Operator, Inc.",Other,347
2024-01-07T16,MISO,"Midcontinent Independent System Operator, Inc.",Solar,1236
2024-01-07T16,MISO,"Midcontinent Independent System Operator, Inc.",Hydro,832
2024-01-07T16,MISO,"Midcontinent Independent System Operator, Inc.",Wind,3182
2024-01-07T17,MISO,"Midcontinent Independent System Operator, Inc.",Coal,25589
2024-01-07T17,MISO,"Midcontinent Independent System Operator, Inc.",Natural Gas,30790
2024-01-07T17,MISO,"Midcontinent Independent System Operator, Inc.",Nuclear,9632
2024-01-07T17,MISO,"Midcontinent Independent System Operator, Inc.",Other,354
2024-01-07T17,MISO,"Midcontinent Independent System Operator, Inc.",Solar,1529
2024-01-07T17,MISO,"Midcontinent Independent System Operator, Inc.",Hydro,831
2024-01-07T17,MISO,"Midcontinent Independent System Operator, Inc.",Wind,2923
2024-01-07T18,MISO,"Midcontinent Independent System Operator, Inc.",Coal,25392
2024-01-07T18,MISO,"Midcontinent Independent System Operator, Inc.",Natural Gas,30374
2024-01-07T18,MISO,"Midcontinent Independent System Operator, Inc.",Nuclear,9633
2024-01-07T18,MISO,"Midcontinent Independent System Operator, Inc.",Other,358
2024-01-07T18,MISO,"Midcontinent Independent System Operator, Inc.",Solar,1659
2024-01-07T18,MISO,"Midcontinent Independent System Operator, Inc.",Hydro,831
2024-01-07T18,MISO,"Midcontinent Independent System Operator, Inc.",Wind,3082
2024-01-07T19,MISO,"Midcontinent Independent System Operator, Inc.",Coal,25553
2024-01-07T19,MISO,"Midcontinent Independent System Operator, Inc.",Natural Gas,29954
2024-01-07T19,MISO,"Midcontinent Independent System Operator, Inc.",Nuclear,9631
2024-01-07T19,MISO,"Midcontinent Independent System Operator, Inc.",Other,339
2024-01-07T19,MISO,"Midcontinent Independent System Operator, Inc.",Solar,1606
2024-01-07T19,MISO,"Midcontinent Independent System Operator, Inc.",Hydro,840
2024-01-07T19,MISO,"Midcontinent Independent System Operator, Inc.",Wind,3114
2024-01-07T20,MISO,"Midcontinent Independent System Operator, Inc.",Coal,25237
2024-01-07T20,MISO,"Midcontinent Independent System Operator, Inc.",Natural Gas,29403
2024-01-07T20,MISO,"Midcontinent Independent System Operator, Inc.",Nuclear,9628
2024-01-07T20,MISO,"Midcontinent Independent System Operator, Inc.",Other,337
2024-01-07T20,MISO,"Midcontinent Independent System Operator, Inc.",Solar,1460
2024-01-07T20,MISO,"Midcontinent Independent System Operator, Inc.",Hydro,841
2024-01-07T20,MISO,"Midcontinent Independent System Operator, Inc.",Wind,2806
2024-01-07T21,MISO,"Midcontinent Independent System Operator, Inc.",Coal,25584
2024-01-07T21,MISO,"Midcontinent Independent System Operator, Inc.",Natural Gas,29720
2024-01-07T21,MISO,"Midcontinent Independent System Operator, Inc.",Nuclear,9624
2024-01-07T21,MISO,"Midcontinent Independent System Operator, Inc.",Other,342
2024-01-07T21,MISO,"Midcontinent Independent System Operator, Inc.",Solar,1253
2024-01-07T21,MISO,"Midcontinent Independent System Operator, Inc.",Hydro,846
2024-01-07T21,MISO,"Midcontinent Independent System Operator, Inc.",Wind,2288
2024-01-07T22,MISO,"Midcontinent Independent System Operator, Inc.",Coal,25823
2024-01-07T22,MISO,"Midcontinent Independent System Operator, Inc.",Natural Gas,30496
2024-01-07T22,MISO,"Midcontinent Independent System Operator, Inc.",Nuclear,9624
2024-01-07T22,MISO,"Midcontinent Independent System Operator, Inc.",Other,370
2024-01-07T22,MISO,"Midcontinent Independent System Operator, Inc.",Solar,922
2024-01-07T22,MISO,"Midcontinent Independent System Operator, Inc.",Hydro,994
2024-01-07T22,MISO,"Midcontinent Independent System Operator, Inc.",Wind,2197
2024-01-07T23,MISO,"Midcontinent Independent System Operator, Inc.",Coal,26002
2024-01-07T23,MISO,"Midcontinent Independent System Operator, Inc.",Natural Gas,30987
2024-01-07T23,MISO,"Midcontinent Independent System Operator, Inc.",Nuclear,9630
2024-01-07T23,MISO,"Midcontinent Independent System Operator, Inc.",Other,378
2024-01-07T23,MISO,"Midcontinent Independent System Operator, Inc.",Solar,316
2024-01-07T23,MISO,"Midcontinent Independent System Operator, Inc.",Hydro,2160
2024-01-07T23,MISO,"Midcontinent Independent System Operator, Inc.",Wind,2360
2024-01-01T00,NYIS,New York Independent System Operator,Coal,0
2024-01-01T00,NYIS,New York Independent System Operator,Natural Gas,8371
2024-01-01T00,NYIS,New York Independent System Operator,Nuclear,3348
2024-01-01T00,NYIS,New York Independent System Operator,Petroleum,20
2024-01-01T00,NYIS,New York Independent System Operator,Other,182
2024-01-01T00,NYIS,New York Independent System Operator,Solar,0
2024-01-01T00,NYIS,New York Independent System Operator,Hydro,3667
2024-01-01T00,NYIS,New York Independent System Operator,Wind,38
2024-01-01T01,NYIS,New York Independent System Operator,Coal,0
2024-01-01T01,NYIS,New York Independent System Operator,Natural Gas,8040
2024-01-01T01,NYIS,New York Independent System Operator,Nuclear,3343
2024-01-01T01,NYIS,New York Independent System Operator,Petroleum,21
2024-01-01T01,NYIS,New York Independent System Operator,Other,182
2024-01-01T01,NYIS,New York Independent System Operator,Solar,0
2024-01-01T01,NYIS,New York Independent System Operator,Hydro,3486
2024-01-01T01,NYIS,New York Independent System Operator,Wind,28
2024-01-01T02,NYIS,New York Independent System Operator,Coal,0
2024-01-01T02,NYIS,New York Independent System Operator,Natural Gas,7962
2024-01-01T02,NYIS,New York Independent System Operator,Nuclear,3334
2024-01-01T02,NYIS,New York Independent System Operator,Petroleum,21
2024-01-01T02,NYIS,New York Independent System Operator,Other,182
2024-01-01T02,NYIS,New York Independent System Operator,Solar,0
2024-01-01T02,NYIS,New York Independent System Operator,Hydro,3560
2024-01-01T02,NYIS,New York Independent System Operator,Wind,28
2024-01-01T03,NYIS,New York Independent System Operator,Coal,0
2024-01-01T03,NYIS,New York Independent System Operator,Natural Gas,7782
2024-01-01T03,NYIS,New York Independent System Operator,Nuclear,3324
2024-01-01T03,NYIS,New York Independent System Operator,Petroleum,20
2024-01-01T03,NYIS,New York Independent System Operator,Other,181
2024-01-01T03,NYIS,New York Independent System Operator,Solar,0
2024-01-01T03,NYIS,New York Independent System Operator,Hydro,3456
2024-01-01T03,NYIS,New York Independent System Operator,Wind,24
2024-01-01T04,NYIS,New York Independent System Operator,Coal,0
2024-01-01T04,NYIS,New York Independent System Operator,Natural Gas,7401
2024-01-01T04,NYIS,New York Independent System Operator,Nuclear,3306
2024-01-01T04,NYIS,New York Independent System Operator,Petroleum,19
2024-01-01T04,NYIS,New York Independent System Operator,Other,178
2024-01-01T04,NYIS,New York Independent System Operator,Solar,0
2024-01-01T04,NYIS,New York Independent System Operator,Hydro,3361
2024-01-01T04,NYIS,New York Independent System Operator,Wind,20
2024-01-01T05,NYIS,New York Independent System Operator,Coal,0
2024-01-01T05,NYIS,New York Independent System Operator,Natural Gas,7063
2024-01-01T05,NYIS,New York Independent System Operator,Nuclear,3337
2024-01-01T05,NYIS,New York Independent System Operator,Petroleum,20
2024-01-01T05,NYIS,New York Independent System Operator,Other,189
2024-01-01T05,NYIS,New York Independent System Operator,Solar,0
2024-01-01T05,NYIS,New York Independent System Operator,Hydro,2975
2024-01-01T05,NYIS,New York Independent System Operator,Wind,26
2024-01-01T06,NYIS,New York Independent System Operator,Coal,0
2024-01-01T06,NYIS,New York Independent System Operator,Natural Gas,6969
2024-01-01T06,NYIS,New York Independent System Operator,Nuclear,3350
2024-01-01T06,NYIS,New York Independent System Operator,Petroleum,20
2024-01-01T06,NYIS,New York Independent System Operator,Other,201
2024-01-01T06,NYIS,New York Independent System Operator,Solar,0
2024-01-01T06,NYIS,New York Independent System Operator,Hydro,2765
2024-01-01T06,NYIS,New York Independent System Operator,Wind,27
2024-01-01T07,NYIS,New York Independent System Operator,Coal,0
2024-01-01T07,NYIS,New York Independent System Operator,Natural Gas,6984
2024-01-01T07,NYIS,New York Independent System Operator,Nuclear,3345
2024-01-01T07,NYIS,New York Independent System Operator,Petroleum,20
2024-01-01T07,NYIS,New York Independent System Operator,Other,186
2024-01-01T07,NYIS,New York Independent System Operator,Solar,0
2024-01-01T07,NYIS,New York Independent System Operator,Hydro,2719
2024-01-01T07,NYIS,New York Independent System Operator,Wind,32
2024-01-01T08,NYIS,New York Independent System Operator,Coal,0
2024-01-01T08,NYIS,New York Independent System Operator,Natural Gas,6731
2024-01-01T08,NYIS,New York Independent System Operator,Nuclear,3346
2024-01-01T08,NYIS,New York Independent System Operator,Petroleum,20
2024-01-01T08,NYIS,New York Independent System Operator,Other,179
2024-01-01T08,NYIS,New York Independent System Operator,Solar,0
2024-01-01T08,NYIS,New York Independent System Operator,Hydro,2709
2024-01-01T08,NYIS,New York Independent System Operator,Wind,50
2024-01-01T09,NYIS,New York Independent System Operator,Coal,0
2024-01-01T09,NYIS,New York Independent System Operator,Natural Gas,6544
2024-01-01T09,NYIS,New York Independent System Operator,Nuclear,3352
2024-01-01T09,NYIS,New York Independent System Operator,Petroleum,21
2024-01-01T09,NYIS,New York Independent System Operator,Other,185
2024-01-01T09,NYIS,New York Independent System Operator,Solar,0
2024-01-01T09,NYIS,New York Independent System Operator,Hydro,2752
2024-01-01T09,NYIS,New York Independent System Operator,Wind,58
2024-01-01T10,NYIS,New York Independent System Operator,Coal,0
2024-01-01T10,NYIS,New York Independent System Operator,Natural Gas,6379
2024-01-01T10,NYIS,New York Independent System Operator,Nuclear,3356
2024-01-01T10,NYIS,New York Independent System Operator,Petroleum,21
2024-01-01T10,NYIS,New York Independent System Operator,Other,184
2024-01-01T10,NYIS,New York Independent System Operator,Solar,0
2024-01-01T10,NYIS,New York Independent System Operator,Hydro,2737
2024-01-01T10,NYIS,New York Independent System Operator,Wind,36
2024-01-01T11,NYIS,New York Independent System Operator,Coal,0
2024-01-01T11,NYIS,New York Independent System Operator,Natural Gas,6523
2024-01-01T11,NYIS,New York Independent System Operator,Nuclear,3360
2024-01-01T11,NYIS,New York Independent System Operator,Petroleum,21
2024-01-01T11,NYIS,New York Independent System Operator,Other,185
2024-01-01T11,NYIS,New York Independent System Operator,Solar,0
2024-01-01T11,NYIS,New York Independent System Operator,Hydro,2757
2024-01-01T11,NYIS,New York Independent System Operator,Wind,26
2024-01-01T12,NYIS,New York Independent System Operator,Coal,0
2024-01-01T12,NYIS,New York Independent System Operator,Natural Gas,6925
2024-01-01T12,NYIS,New York Independent System Operator,Nuclear,3347
2024-01-01T12,NYIS,New York Independent System Operator,Petroleum,21
2024-01-01T12,NYIS,New York Independent System Operator,Other,187
2024-01-01T12,NYIS,New York Independent System Operator,Solar,0
2024-01-01T12,NYIS,New York Independent System Operator,Hydro,2929
2024-01-01T12,NYIS,New York Independent System Operator,Wind,19
2024-01-01T13,NYIS,New York Independent System Operator,Coal,0
2024-01-01T13,NYIS,New York Independent System Operator,Natural Gas,6790
2024-01-01T13,NYIS,New York Independent System Operator,Nuclear,3315
2024-01-01T13,NYIS,New York Independent System Operator,Petroleum,21
2024-01-01T13,NYIS,New York Independent System Operator,Other,191
2024-01-01T13,NYIS,New York Independent System Operator,Solar,0
2024-01-01T13,NYIS,New York Independent System Operator,Hydro,3461
2024-01-01T13,NYIS,New York Independent System Operator,Wind,17
2024-01-01T14,NYIS,New York Independent System Operator,Coal,0
2024-01-01T14,NYIS,New York Independent System Operator,Natural Gas,6824
2024-01-01T14,NYIS,New York Independent System Operator,Nuclear,3317
2024-01-01T14,NYIS,New York Independent System Operator,Petroleum,21
2024-01-01T14,NYIS,New York Independent System Operator,Other,194
2024-01-01T14,NYIS,New York Independent System Operator,Solar,0
2024-01-01T14,NYIS,New York Independent System Operator,Hydro,3565
2024-01-01T14,NYIS,New York Independent System Operator,Wind,24
2024-01-01T15,NYIS,New York Independent System Operator,Coal,0
2024-01-01T15,NYIS,New York Independent System Operator,Natural Gas,7113
2024-01-01T15,NYIS,New York Independent System Operator,Nuclear,3334
2024-01-01T15,NYIS,New York Independent System Operator,Petroleum,21
2024-01-01T15,NYIS,New York Independent System Operator,Other,208
2024-01-01T15,NYIS,New York Independent System Operator,Solar,0
2024-01-01T15,NYIS,New York Independent System Operator,Hydro,3550
2024-01-01T15,NYIS,New York Independent System Operator,Wind,24
2024-01-01T16,NYIS,New York Independent System Operator,Coal,0
2024-01-01T16,NYIS,New York Independent System Operator,Natural Gas,7022
2024-01-01T16,NYIS,New York Independent System Operator,Nuclear,3346
2024-01-01T16,NYIS,New York Independent System Operator,Petroleum,21
2024-01-01T16,NYIS,New York Independent System Operator,Other,233
2024-01-01T16,NYIS,New York Independent System Operator,Solar,0
2024-01-01T16,NYIS,New York Independent System Operator,Hydro,3577
2024-01-01T16,NYIS,New York Independent System Operator,Wind,24
2024-01-01T17,NYIS,New York Independent System Operator,Coal,0
2024-01-01T17,NYIS,New York Independent System Operator,Natural Gas,6929
2024-01-01T17,NYIS,New York Independent System Operator,Nuclear,3344
2024-01-01T17,NYIS,New York Independent System Operator,Petroleum,21
2024-01-01T17,NYIS,New York Independent System Operator,Other,248
2024-01-01T17,NYIS,New York Independent System Operator,Solar,0
2024-01-01T17,NYIS,New York Independent System Operator,Hydro,3578
2024-01-01T17,NYIS,New York Independent System Operator,Wind,12
2024-01-01T18,NYIS,New York Independent System Operator,Coal,0
2024-01-01T18,NYIS,New York Independent System Operator,Natural Gas,6990
2024-01-01T18,NYIS,New York Independent System Operator,Nuclear,3343
2024-01-01T18,NYIS,New York Independent System Operator,Petroleum,21
2024-01-01T18,NYIS,New York Independent System Operator,Other,257
2024-01-01T18,NYIS,New York Independent System Operator,Solar,0
2024-01-01T18,NYIS,New York Independent System Operator,Hydro,3569
2024-01-01T18,NYIS,New York Independent System Operator,Wind,23
2024-01-01T19,NYIS,New York Independent System Operator,Coal,0
2024-01-01T19,NYIS,New York Independent System Operator,Natural Gas,7175
2024-01-01T19,NYIS,New York Independent System Operator,Nuclear,3345
2024-01-01T19,NYIS,New York Independent System Operator,Petroleum,21
2024-01-01T19,NYIS,New York Independent System Operator,Other,254
2024-01-01T19,NYIS,New York Independent System Operator,Solar,0
2024-01-01T19,NYIS,New York Independent System Operator,Hydro,3576
2024-01-01T19,NYIS,New York Independent System Operator,Wind,40
2024-01-01T20,NYIS,New York Independent System Operator,Coal,0
2024-01-01T20,NYIS,New York Independent System Operator,Natural Gas,7436
2024-01-01T20,NYIS,New York Independent System Operator,Nuclear,3340
2024-01-01T20,NYIS,New York Independent System Operator,Petroleum,21
2024-01-01T20,NYIS,New York Independent System Operator,Other,243
2024-01-01T20,NYIS,New York Independent System Operator,Solar,0
2024-01-01T20,NYIS,New York Independent System Operator,Hydro,3567
2024-01-01T20,NYIS,New York Independent System Operator,Wind,39
2024-01-01T21,NYIS,New York Independent System Operator,Coal,0
2024-01-01T21,NYIS,New York Independent System Operator,Natural Gas,7608
2024-01-01T21,NYIS,New York Independent System Operator,Nuclear,3343
2024-01-01T21,NYIS,New York Independent System Operator,Petroleum,21
2024-01-01T21,NYIS,New York Independent System Operator,Other,215
2024-01-01T21,NYIS,New York Independent System Operator,Solar,0
2024-01-01T21,NYIS,New York Independent System Operator,Hydro,3747
2024-01-01T21,NYIS,New York Independent System Operator,Wind,41
2024-01-01T22,NYIS,New York Independent System Operator,Coal,0
2024-01-01T22,NYIS,New York Independent System Operator,Natural Gas,8313
2024-01-01T22,NYIS,New York Independent System Operator,Nuclear,3342
2024-01-01T22,NYIS,New York Independent System Operator,Petroleum,21
2024-01-01T22,NYIS,New York Independent System Operator,Other,199
2024-01-01T22,NYIS,New York Independent System Operator,Solar,0
2024-01-01T22,NYIS,New York Independent System Operator,Hydro,3853
2024-01-01T22,NYIS,New York Independent System Operator,Wind,46
2024-01-01T23,NYIS,New York Independent System Operator,Coal,0
2024-01-01T23,NYIS,New York Independent System Operator,Natural Gas,8862
2024-01-01T23,NYIS,New York Independent System Operator,Nuclear,3337
2024-01-01T23,NYIS,New York Independent System Operator,Petroleum,21
2024-01-01T23,NYIS,New York Independent System Operator,Other,208
2024-01-01T23,NYIS,New York Independent System Operator,Solar,0
2024-01-01T23,NYIS,New York Independent System Operator,Hydro,4084
2024-01-01T23,NYIS,New York Independent System Operator,Wind,53
2024-01-02T00,NYIS,New York Independent System Operator,Coal,0
2024-01-02T00,NYIS,New York Independent System Operator,Natural Gas,8640
2024-01-02T00,NYIS,New York Independent System Operator,Nuclear,3332
2024-01-02T00,NYIS,New York Independent System Operator,Petroleum,21
2024-01-02T00,NYIS,New York Independent System Operator,Other,205
2024-01-02T00,NYIS,New York Independent System Operator,Solar,0
2024-01-02T00,NYIS,New York Independent System Operator,Hydro,4118
2024-01-02T00,NYIS,New York Independent System Operator,Wind,58
2024-01-02T01,NYIS,New York Independent System Operator,Coal,0
2024-01-02T01,NYIS,New York Independent System Operator,Natural Gas,8655
2024-01-02T01,NYIS,New York Independent System Operator,Nuclear,3330
2024-01-02T01,NYIS,New York Independent System Operator,Petroleum,21
2024-01-02T01,NYIS,New York Independent System Operator,Other,200
2024-01-02T01,NYIS,New York Independent System Operator,Solar,0
2024-01-02T01,NYIS,New York Independent System Operator,Hydro,4040
2024-01-02T01,NYIS,New York Independent System Operator,Wind,68
2024-01-02T02,NYIS,New York Independent System Operator,Coal,0
2024-01-02T02,NYIS,New York Independent System Operator,Natural Gas,8488
2024-01-02T02,NYIS,New York Independent System Operator,Nuclear,3334
2024-01-02T02,NYIS,New York Independent System Operator,Petroleum,21
2024-01-02T02,NYIS,New York Independent System Operator,Other,204
2024-01-02T02,NYIS,New York Independent System Operator,Solar,0
2024-01-02T02,NYIS,New York Independent System Operator,Hydro,3842
2024-01-02T02,NYIS,New York Independent System Operator,Wind,81
2024-01-02T03,NYIS,New York Independent System Operator,Coal,0
2024-01-02T03,NYIS,New York Independent System Operator,Natural Gas,7979
2024-01-02T03,NYIS,New York Independent System Operator,Nuclear,3321
2024-01-02T03,NYIS,New York Independent System Operator,Petroleum,21
2024-01-02T03,NYIS,New York Independent System Operator,Other,204
2024-01-02T03,NYIS,New York Independent System Operator,Solar,0
2024-01-02T03,NYIS,New York Independent System Operator,Hydro,3663
2024-01-02T03,NYIS,New York Independent System Operator,Wind,89
2024-01-02T04,NYIS,New York Independent System Operator,Coal,0
2024-01-02T04,NYIS,New York Independent System Operator,Natural Gas,7449
2024-01-02T04,NYIS,New York Independent System Operator,Nuclear,3305
2024-01-02T04,NYIS,New York Independent System Operator,Petroleum,21
2024-01-02T04,NYIS,New York Independent System Operator,Other,206
2024-01-02T04,NYIS,New York Independent System Operator,Solar,0
2024-01-02T04,NYIS,New York Independent System Operator,Hydro,3586
2024-01-02T04,NYIS,New York Independent System Operator,Wind,84
2024-01-02T05,NYIS,New York Independent System Operator,Coal,0
2024-01-02T05,NYIS,New York Independent System Operator,Natural Gas,7032
2024-01-02T05,NYIS,New York Independent System Operator,Nuclear,3302
2024-01-02T05,NYIS,New York Independent System Operator,Petroleum,21
2024-01-02T05,NYIS,New York Independent System Operator,Other,193
2024-01-02T05,NYIS,New York Independent System Operator,Solar,0
2024-01-02T05,NYIS,New York Independent System Operator,Hydro,3507
2024-01-02T05,NYIS,New York Independent System Operator,Wind,115
2024-01-02T06,NYIS,New York Independent System Operator,Coal,0
2024-01-02T06,NYIS,New York Independent System Operator,Natural Gas,7182
2024-01-02T06,NYIS,New York Independent System Operator,Nuclear,3309
2024-01-02T06,NYIS,New York Independent System Operator,Petroleum,22
2024-01-02T06,NYIS,New York Independent System Operator,Other,201
2024-01-02T06,NYIS,New York Independent System Operator,Solar,0
2024-01-02T06,NYIS,New York Independent System Operator,Hydro,2849
2024-01-02T06,NYIS,New York Independent System Operator,Wind,145
2024-01-02T07,NYIS,New York Independent System Operator,Coal,0
2024-01-02T07,NYIS,New York Independent System Operator,Natural Gas,7052
2024-01-02T07,NYIS,New York Independent System Operator,Nuclear,3305
2024-01-02T07,NYIS,New York Independent System Operator,Petroleum,21
2024-01-02T07,NYIS,New York Independent System Operator,Other,190
2024-01-02T07,NYIS,New York Independent System Operator,Solar,0
2024-01-02T07,NYIS,New York Independent System Operator,Hydro,2746
2024-01-02T07,NYIS,New York Independent System Operator,Wind,160
2024-01-02T08,NYIS,New York Independent System Operator,Coal,0
2024-01-02T08,NYIS,New York Independent System Operator,Natural Gas,6864
2024-01-02T08,NYIS,New York Independent System Operator,Nuclear,3304
2024-01-02T08,NYIS,New York Independent System Operator,Petroleum,21
2024-01-02T08,NYIS,New York Independent System Operator,Other,184
2024-01-02T08,NYIS,New York Independent System Operator,Solar,0
2024-01-02T08,NYIS,New York Independent System Operator,Hydro,2732
2024-01-02T08,NYIS,New York Independent System Operator,Wind,144
2024-01-02T09,NYIS,New York Independent System Operator,Coal,0
2024-01-02T09,NYIS,New York Independent System Operator,Natural Gas,6871
2024-01-02T09,NYIS,New York Independent System Operator,Nuclear,3311
2024-01-02T09,NYIS,New York Independent System Operator,Petroleum,21
2024-01-02T09,NYIS,New York Independent System Operator,Other,190
2024-01-02T09,NYIS,New York Independent System Operator,Solar,0
2024-01-02T09,NYIS,New York Independent System Operator,Hydro,2750
2024-01-02T09,NYIS,New York Independent System Operator,Wind,174
2024-01-02T10,NYIS,New York Independent System Operator,Coal,0
2024-01-02T10,NYIS,New York Independent System Operator,Natural Gas,7020
2024-01-02T10,NYIS,New York Independent System Operator,Nuclear,3313
2024-01-02T10,NYIS,New York Independent System Operator,Petroleum,21
2024-01-02T10,NYIS,New York Independent System Operator,Other,192
2024-01-02T10,NYIS,New York Independent System Operator,Solar,0
2024-01-02T10,NYIS,New York Independent System Operator,Hydro,2787
2024-01-02T10,NYIS,New York Independent System Operator,Wind,218
2024-01-02T11,NYIS,New York Independent System Operator,Coal,0
2024-01-02T11,NYIS,New York Independent System Operator,Natural Gas,7639
2024-01-02T11,NYIS,New York Independent System Operator,Nuclear,3339
2024-01-02T11,NYIS,New York Independent System Operator,Petroleum,21
2024-01-02T11,NYIS,New York Independent System Operator,Other,191
2024-01-02T11,NYIS,New York Independent System Operator,Solar,0
2024-01-02T11,NYIS,New York Independent System Operator,Hydro,2908
2024-01-02T11,NYIS,New York Independent System Operator,Wind,270
2024-01-02T12,NYIS,New York Independent System Operator,Coal,0
2024-01-02T12,NYIS,New York Independent System Operator,Natural Gas,7964
2024-01-02T12,NYIS,New York Independent System Operator,Nuclear,3324
2024-01-02T12,NYIS,New York Independent System Operator,Petroleum,21
2024-01-02T12,NYIS,New York Independent System Operator,Other,204
2024-01-02T12,NYIS,New York Independent System Operator,Solar,0
2024-01-02T12,NYIS,New York Independent System Operator,Hydro,3459
2024-01-02T12,NYIS,New York Independent System Operator,Wind,398
2024-01-02T13,NYIS,New York Independent System Operator,Coal,0
2024-01-02T13,NYIS,New York Independent System Operator,Natural Gas,8201
2024-01-02T13,NYIS,New York Independent System Operator,Nuclear,3313
2024-01-02T13,NYIS,New York Independent System Operator,Petroleum,21
2024-01-02T13,NYIS,New York Independent System Operator,Other,188
2024-01-02T13,NYIS,New York Independent System Operator,Solar,0
2024-01-02T13,NYIS,New York Independent System Operator,Hydro,3843
2024-01-02T13,NYIS,New York Independent System Operator,Wind,560
2024-01-02T14,NYIS,New York Independent System Operator,Coal,0
2024-01-02T14,NYIS,New York Independent System Operator,Natural Gas,8377
2024-01-02T14,NYIS,New York Independent System Operator,Nuclear,3313
2024-01-02T14,NYIS,New York Independent System Operator,Petroleum,21
2024-01-02T14,NYIS,New York Independent System Operator,Other,215
2024-01-02T14,NYIS,New York Independent System Operator,Solar,0
2024-01-02T14,NYIS,New York Independent System Operator,Hydro,4016
2024-01-02T14,NYIS,New York Independent System Operator,Wind,648
2024-01-02T15,NYIS,New York Independent System Operator,Coal,0
2024-01-02T15,NYIS,New York Independent System Operator,Natural Gas,7954
2024-01-02T15,NYIS,New York Independent System Operator,Nuclear,3326
2024-01-02T15,NYIS,New York Independent System Operator,Petroleum,21
2024-01-02T15,NYIS,New York Independent System Operator,Other,249
2024-01-02T15,NYIS,New York Independent System Operator,Solar,0
2024-01-02T15,NYIS,New York Independent System Operator,Hydro,3898
2024-01-02T15,NYIS,New York Independent System Operator,Wind,634
2024-01-02T16,NYIS,New York Independent System Operator,Coal,0
2024-01-02T16,NYIS,New York Independent System Operator,Natural Gas,7667
2024-01-02T16,NYIS,New York Independent System Operator,Nuclear,3310
2024-01-02T16,NYIS,New York Independent System Operator,Petroleum,21
2024-01-02T16,NYIS,New York Independent System Operator,Other,266
2024-01-02T16,NYIS,New York Independent System Operator,Solar,0
2024-01-02T16,NYIS,New York Independent System Operator,Hydro,3816
2024-01-02T16,NYIS,New York Independent System Operator,Wind,644
2024-01-02T17,NYIS,New York Independent System Operator,Coal,0
2024-01-02T17,NYIS,New York Independent System Operator,Natural Gas,7568
2024-01-02T17,NYIS,New York Independent System Operator,Nuclear,3288
2024-01-02T17,NYIS,New York Independent System Operator,Petroleum,19
2024-01-02T17,NYIS,New York Independent System Operator,Other,278
2024-01-02T17,NYIS,New York Independent System Operator,Solar,0
2024-01-02T17,NYIS,New York Independent System Operator,Hydro,3773
2024-01-02T17,NYIS,New York Independent System Operator,Wind,662
2024-01-02T18,NYIS,New York Independent System Operator,Coal,0
2024-01-02T18,NYIS,New York Independent System Operator,Natural Gas,7568
2024-01-02T18,NYIS,New York Independent System Operator,Nuclear,3261
2024-01-02T18,NYIS,New York Independent System Operator,Petroleum,19
2024-01-02T18,NYIS,New York Independent System Operator,Other,292
2024-01-02T18,NYIS,New York Independent System Operator,Solar,0
2024-01-02T18,NYIS,New York Independent System Operator,Hydro,3743
2024-01-02T18,NYIS,New York Independent System Operator,Wind,699
2024-01-02T19,NYIS,New York Independent System Operator,Coal,0
2024-01-02T19,NYIS,New York Independent System Operator,Natural Gas,7737
2024-01-02T19,NYIS,New York Independent System Operator,Nuclear,3260
2024-01-02T19,NYIS,New York Independent System Operator,Petroleum,19
2024-01-02T19,NYIS,New York Independent System Operator,Other,314
2024-01-02T19,NYIS,New York Independent System Operator,Solar,0
2024-01-02T19,NYIS,New York Independent System Operator,Hydro,3832
2024-01-02T19,NYIS,New York Independent System Operator,Wind,663
2024-01-02T20,NYIS,New York Independent System Operator,Coal,0
2024-01-02T20,NYIS,New York Independent System Operator,Natural Gas,7861
2024-01-02T20,NYIS,New York Independent System Operator,Nuclear,3261
2024-01-02T20,NYIS,New York Independent System Operator,Petroleum,19
2024-01-02T20,NYIS,New York Independent System Operator,Other,268
2024-01-02T20,NYIS,New York Independent System Operator,Solar,0
2024-01-02T20,NYIS,New York Independent System Operator,Hydro,3795
2024-01-02T20,NYIS,New York Independent System Operator,Wind,652
2024-01-02T21,NYIS,New York Independent System Operator,Coal,0
2024-01-02T21,NYIS,New York Independent System Operator,Natural Gas,8007
2024-01-02T21,NYIS,New York Independent System Operator,Nuclear,3270
2024-01-02T21,NYIS,New York Independent System Operator,Petroleum,19
2024-01-02T21,NYIS,New York Independent System Operator,Other,226
2024-01-02T21,NYIS,New York Independent System Operator,Solar,0
2024-01-02T21,NYIS,New York Independent System Operator,Hydro,3956
2024-01-02T21,NYIS,New York Independent System Operator,Wind,590
2024-01-02T22,NYIS,New York Independent System Operator,Coal,0
2024-01-02T22,NYIS,New York Independent System Operator,Natural Gas,8777
2024-01-02T22,NYIS,New York Independent System Operator,Nuclear,3280
2024-01-02T22,NYIS,New York Independent System Operator,Petroleum,19
2024-01-02T22,NYIS,New York Independent System Operator,Other,196
2024-01-02T22,NYIS,New York Independent System Operator,Solar,0
2024-01-02T22,NYIS,New York Independent System Operator,Hydro,4103
2024-01-02T22,NYIS,New York Independent System Operator,Wind,593
2024-01-02T23,NYIS,New York Independent System Operator,Coal,0
2024-01-02T23,NYIS,New York Independent System Operator,Natural Gas,9359
2024-01-02T23,NYIS,New York Independent System Operator,Nuclear,3290
2024-01-02T23,NYIS,New York Independent System Operator,Petroleum,19
2024-01-02T23,NYIS,New York Independent System Operator,Other,199
2024-01-02T23,NYIS,New York Independent System Operator,Solar,0
2024-01-02T23,NYIS,New York Independent System Operator,Hydro,4321
2024-01-02T23,NYIS,New York Independent System Operator,Wind,669
2024-01-03T00,NYIS,New York Independent System Operator,Coal,0
2024-01-03T00,NYIS,New York Independent System Operator,Natural Gas,9323
2024-01-03T00,NYIS,New York Independent System Operator,Nuclear,3279
2024-01-03T00,NYIS,New York Independent System Operator,Petroleum,19
2024-01-03T00,NYIS,New York Independent System Operator,Other,189
2024-01-03T00,NYIS,New York Independent System Operator,Solar,0
2024-01-03T00,NYIS,New York Independent System Operator,Hydro,4276
2024-01-03T00,NYIS,New York Independent System Operator,Wind,884
2024-01-03T01,NYIS,New York Independent System Operator,Coal,0
2024-01-03T01,NYIS,New York Independent System Operator,Natural Gas,9205
2024-01-03T01,NYIS,New York Independent System Operator,Nuclear,3283
2024-01-03T01,NYIS,New York Independent System Operator,Petroleum,19
2024-01-03T01,NYIS,New York Independent System Operator,Other,189
2024-01-03T01,NYIS,New York Independent System Operator,Solar,0
2024-01-03T01,NYIS,New York Independent System Operator,Hydro,4059
2024-01-03T01,NYIS,New York Independent System Operator,Wind,1001
2024-01-03T02,NYIS,New York Independent System Operator,Coal,0
2024-01-03T02,NYIS,New York Independent System Operator,Natural Gas,8926
2024-01-03T02,NYIS,New York Independent System Operator,Nuclear,3277
2024-01-03T02,NYIS,New York Independent System Operator,Petroleum,19
2024-01-03T02,NYIS,New York Independent System Operator,Other,195
2024-01-03T02,NYIS,New York Independent System Operator,Solar,0
2024-01-03T02,NYIS,New York Independent System Operator,Hydro,3936
2024-01-03T02,NYIS,New York Independent System Operator,Wind,998
2024-01-03T03,NYIS,New York Independent System Operator,Coal,0
2024-01-03T03,NYIS,New York Independent System Operator,Natural Gas,8129
2024-01-03T03,NYIS,New York Independent System Operator,Nuclear,3268
2024-01-03T03,NYIS,New York Independent System Operator,Petroleum,19
2024-01-03T03,NYIS,New York Independent System Operator,Other,188
2024-01-03T03,NYIS,New York Independent System Operator,Solar,0
2024-01-03T03,NYIS,New York Independent System Operator,Hydro,3814
2024-01-03T03,NYIS,New York Independent System Operator,Wind,1015
2024-01-03T04,NYIS,New York Independent System Operator,Coal,0
2024-01-03T04,NYIS,New York Independent System Operator,Natural Gas,7494
2024-01-03T04,NYIS,New York Independent System Operator,Nuclear,3253
2024-01-03T04,NYIS,New York Independent System Operator,Petroleum,19
2024-01-03T04,NYIS,New York Independent System Operator,Other,186
2024-01-03T04,NYIS,New York Independent System Operator,Solar,0
2024-01-03T04,NYIS,New York Independent System Operator,Hydro,3579
2024-01-03T04,NYIS,New York Independent System Operator,Wind,974
2024-01-03T05,NYIS,New York Independent System Operator,Coal,0
2024-01-03T05,NYIS,New York Independent System Operator,Natural Gas,7045
2024-01-03T05,NYIS,New York Independent System Operator,Nuclear,3244
2024-01-03T05,NYIS,New York Independent System Operator,Petroleum,19
2024-01-03T05,NYIS,New York Independent System Operator,Other,196
2024-01-03T05,NYIS,New York Independent System Operator,Solar,0
2024-01-03T05,NYIS,New York Independent System Operator,Hydro,3344
2024-01-03T05,NYIS,New York Independent System Operator,Wind,913
2024-01-03T06,NYIS,New York Independent System Operator,Coal,0
2024-01-03T06,NYIS,New York Independent System Operator,Natural Gas,6905
2024-01-03T06,NYIS,New York Independent System Operator,Nuclear,3256
2024-01-03T06,NYIS,New York Independent System Operator,Petroleum,19
2024-01-03T06,NYIS,New York Independent System Operator,Other,190
2024-01-03T06,NYIS,New York Independent System Operator,Solar,0
2024-01-03T06,NYIS,New York Independent System Operator,Hydro,2888
2024-01-03T06,NYIS,New York Independent System Operator,Wind,914
2024-01-03T07,NYIS,New York Independent System Operator,Coal,0
2024-01-03T07,NYIS,New York Independent System Operator,Natural Gas,6640
2024-01-03T07,NYIS,New York Independent System Operator,Nuclear,3249
2024-01-03T07,NYIS,New York Independent System Operator,Petroleum,19
2024-01-03T07,NYIS,New York Independent System Operator,Other,187
2024-01-03T07,NYIS,New York Independent System Operator,Solar,0
2024-01-03T07,NYIS,New York Independent System Operator,Hydro,2879
2024-01-03T07,NYIS,New York Independent System Operator,Wind,794
2024-01-03T08,NYIS,New York Independent System Operator,Coal,0
2024-01-03T08,NYIS,New York Independent System Operator,Natural Gas,6633
2024-01-03T08,NYIS,New York Independent System Operator,Nuclear,3266
2024-01-03T08,NYIS,New York Independent System Operator,Petroleum,19
2024-01-03T08,NYIS,New York Independent System Operator,Other,184
2024-01-03T08,NYIS,New York Independent System Operator,Solar,0
2024-01-03T08,NYIS,New York Independent System Operator,Hydro,2746
2024-01-03T08,NYIS,New York Independent System Operator,Wind,661
2024-01-03T09,NYIS,New York Independent System Operator,Coal,0
2024-01-03T09,NYIS,New York Independent System Operator,Natural Gas,6882
2024-01-03T09,NYIS,New York Independent System Operator,Nuclear,3288
2024-01-03T09,NYIS,New York Independent System Operator,Petroleum,19
2024-01-03T09,NYIS,New York Independent System Operator,Other,197
2024-01-03T09,NYIS,New York Independent System Operator,Solar,0
2024-01-03T09,NYIS,New York Independent System Operator,Hydro,2762
2024-01-03T09,NYIS,New York Independent System Operator,Wind,537
2024-01-03T10,NYIS,New York Independent System Operator,Coal,0
2024-01-03T10,NYIS,New York Independent System Operator,Natural Gas,7282
2024-01-03T10,NYIS,New York Independent System Operator,Nuclear,3310
2024-01-03T10,NYIS,New York Independent System Operator,Petroleum,20
2024-01-03T10,NYIS,New York Independent System Operator,Other,195
2024-01-03T10,NYIS,New York Independent System Operator,Solar,0
2024-01-03T10,NYIS,New York Independent System Operator,Hydro,2805
2024-01-03T10,NYIS,New York Independent System Operator,Wind,482
2024-01-03T11,NYIS,New York Independent System Operator,Coal,0
2024-01-03T11,NYIS,New York Independent System Operator,Natural Gas,8014
2024-01-03T11,NYIS,New York Independent System Operator,Nuclear,3312
2024-01-03T11,NYIS,New York Independent System Operator,Petroleum,20
2024-01-03T11,NYIS,New York Independent System Operator,Other,186
2024-01-03T11,NYIS,New York Independent System Operator,Solar,0
2024-01-03T11,NYIS,New York Independent System Operator,Hydro,2834
2024-01-03T11,NYIS,New York Independent System Operator,Wind,495
2024-01-03T12,NYIS,New York Independent System Operator,Coal,0
2024-01-03T12,NYIS,New York Independent System Operator,Natural Gas,8784
2024-01-03T12,NYIS,New York Independent System Operator,Nuclear,3312
2024-01-03T12,NYIS,New York Independent System Operator,Petroleum,20
2024-01-03T12,NYIS,New York Independent System Operator,Other,185
2024-01-03T12,NYIS,New York Independent System Operator,Solar,0
2024-01-03T12,NYIS,New York Independent System Operator,Hydro,3417
2024-01-03T12,NYIS,New York Independent System Operator,Wind,473
2024-01-03T13,NYIS,New York Independent System Operator,Coal,0
2024-01-03T13,NYIS,New York Independent System Operator,Natural Gas,9054
2024-01-03T13,NYIS,New York Independent System Operator,Nuclear,3298
2024-01-03T13,NYIS,New York Independent System Operator,Petroleum,19
2024-01-03T13,NYIS,New York Independent System Operator,Other,195
2024-01-03T13,NYIS,New York Independent System Operator,Solar,0
2024-01-03T13,NYIS,New York Independent System Operator,Hydro,4030
2024-01-03T13,NYIS,New York Independent System Operator,Wind,404
2024-01-03T14,NYIS,New York Independent System Operator,Coal,0
2024-01-03T14,NYIS,New York Independent System Operator,Natural Gas,8841
2024-01-03T14,NYIS,New York Independent System Operator,Nuclear,3304
2024-01-03T14,NYIS,New York Independent System Operator,Petroleum,19
2024-01-03T14,NYIS,New York Independent System Operator,Other,189
2024-01-03T14,NYIS,New York Independent System Operator,Solar,0
2024-01-03T14,NYIS,New York Independent System Operator,Hydro,3806
2024-01-03T14,NYIS,New York Independent System Operator,Wind,337
2024-01-03T15,NYIS,New York Independent System Operator,Coal,0
2024-01-03T15,NYIS,New York Independent System Operator,Natural Gas,8547
2024-01-03T15,NYIS,New York Independent System Operator,Nuclear,3298
2024-01-03T15,NYIS,New York Independent System Operator,Petroleum,19
2024-01-03T15,NYIS,New York Independent System Operator,Other,216
2024-01-03T15,NYIS,New York Independent System Operator,Solar,0
2024-01-03T15,NYIS,New York Independent System Operator,Hydro,3773
2024-01-03T15,NYIS,New York Independent System Operator,Wind,307
2024-01-03T16,NYIS,New York Independent System Operator,Coal,0
2024-01-03T16,NYIS,New York Independent System Operator,Natural Gas,8483
2024-01-03T16,NYIS,New York Independent System Operator,Nuclear,3286
2024-01-03T16,NYIS,New York Independent System Operator,Petroleum,19
2024-01-03T16,NYIS,New York Independent System Operator,Other,241
2024-01-03T16,NYIS,New York Independent System Operator,Solar,0
2024-01-03T16,NYIS,New York Independent System Operator,Hydro,3958
2024-01-03T16,NYIS,New York Independent System Operator,Wind,275
2024-01-03T17,NYIS,New York Independent System Operator,Coal,0
2024-01-03T17,NYIS,New York Independent System Operator,Natural Gas,8376
2024-01-03T17,NYIS,New York Independent System Operator,Nuclear,3292
2024-01-03T17,NYIS,New York Independent System Operator,Petroleum,19
2024-01-03T17,NYIS,New York Independent System Operator,Other,240
2024-01-03T17,NYIS,New York Independent System Operator,Solar,0
2024-01-03T17,NYIS,New York Independent System Operator,Hydro,3805
2024-01-03T17,NYIS,New York Independent System Operator,Wind,311
2024-01-03T18,NYIS,New York Independent System Operator,Coal,0
2024-01-03T18,NYIS,New York Independent System Operator,Natural Gas,8284
2024-01-03T18,NYIS,New York Independent System Operator,Nuclear,3302
2024-01-03T18,NYIS,New York Independent System Operator,Petroleum,35
2024-01-03T18,NYIS,New York Independent System Operator,Other,247
2024-01-03T18,NYIS,New York Independent System Operator,Solar,0
2024-01-03T18,NYIS,New York Independent System Operator,Hydro,3862
2024-01-03T18,NYIS,New York Independent System Operator,Wind,384
2024-01-03T19,NYIS,New York Independent System Operator,Coal,0
2024-01-03T19,NYIS,New York Independent System Operator,Natural Gas,8292
2024-01-03T19,NYIS,New York Independent System Operator,Nuclear,3306
2024-01-03T19,NYIS,New York Independent System Operator,Petroleum,18
2024-01-03T19,NYIS,New York Independent System Operator,Other,242
2024-01-03T19,NYIS,New York Independent System Operator,Solar,0
2024-01-03T19,NYIS,New York Independent System Operator,Hydro,3871
2024-01-03T19,NYIS,New York Independent System Operator,Wind,412
2024-01-03T20,NYIS,New York Independent System Operator,Coal,0
2024-01-03T20,NYIS,New York Independent System Operator,Natural Gas,8670
2024-01-03T20,NYIS,New York Independent System Operator,Nuclear,3300
2024-01-03T20,NYIS,New York Independent System Operator,Petroleum,18
2024-01-03T20,NYIS,New York Independent System Operator,Other,217
2024-01-03T20,NYIS,New York Independent System Operator,Solar,0
2024-01-03T20,NYIS,New York Independent System Operator,Hydro,3920
2024-01-03T20,NYIS,New York Independent System Operator,Wind,380
2024-01-03T21,NYIS,New York Independent System Operator,Coal,0
2024-01-03T21,NYIS,New York Independent System Operator,Natural Gas,8883
2024-01-03T21,NYIS,New York Independent System Operator,Nuclear,3319
2024-01-03T21,NYIS,New York Independent System Operator,Petroleum,19
2024-01-03T21,NYIS,New York Independent System Operator,Other,191
2024-01-03T21,NYIS,New York Independent System Operator,Solar,0
2024-01-03T21,NYIS,New York Independent System Operator,Hydro,3905
2024-01-03T21,NYIS,New York Independent System Operator,Wind,311
2024-01-03T22,NYIS,New York Independent System Operator,Coal,0
2024-01-03T22,NYIS,New York Independent System Operator,Natural Gas,9517
2024-01-03T22,NYIS,New York Independent System Operator,Nuclear,3317
2024-01-03T22,NYIS,New York Independent System Operator,Petroleum,19
2024-01-03T22,NYIS,New York Independent System Operator,Other,184
2024-01-03T22,NYIS,New York Independent System Operator,Solar,0
2024-01-03T22,NYIS,New York Independent System Operator,Hydro,4196
2024-01-03T22,NYIS,New York Independent System Operator,Wind,340
2024-01-03T23,NYIS,New York Independent System Operator,Coal,0
2024-01-03T23,NYIS,New York Independent System Operator,Natural Gas,9885
2024-01-03T23,NYIS,New York Independent System Operator,Nuclear,3313
2024-01-03T23,NYIS,New York Independent System Operator,Petroleum,19
2024-01-03T23,NYIS,New York Independent System Operator,Other,187
2024-01-03T23,NYIS,New York Independent System Operator,Solar,0
2024-01-03T23,NYIS,New York Independent System Operator,Hydro,4250
2024-01-03T23,NYIS,New York Independent System Operator,Wind,393
2024-01-04T00,NYIS,New York Independent System Operator,Coal,0
2024-01-04T00,NYIS,New York Independent System Operator,Natural Gas,9728
2024-01-04T00,NYIS,New York Independent System Operator,Nuclear,3304
2024-01-04T00,NYIS,New York Independent System Operator,Petroleum,18
2024-01-04T00,NYIS,New York Independent System Operator,Other,182
2024-01-04T00,NYIS,New York Independent System Operator,Solar,0
2024-01-04T00,NYIS,New York Independent System Operator,Hydro,4040
2024-01-04T00,NYIS,New York Independent System Operator,Wind,421
2024-01-04T01,NYIS,New York Independent System Operator,Coal,0
2024-01-04T01,NYIS,New York Independent System Operator,Natural Gas,9395
2024-01-04T01,NYIS,New York Independent System Operator,Nuclear,3307
2024-01-04T01,NYIS,New York Independent System Operator,Petroleum,18
2024-01-04T01,NYIS,New York Independent System Operator,Other,184
2024-01-04T01,NYIS,New York Independent System Operator,Solar,0
2024-01-04T01,NYIS,New York Independent System Operator,Hydro,3926
2024-01-04T01,NYIS,New York Independent System Operator,Wind,456
2024-01-04T02,NYIS,New York Independent System Operator,Coal,0
2024-01-04T02,NYIS,New York Independent System Operator,Natural Gas,9143
2024-01-04T02,NYIS,New York Independent System Operator,Nuclear,3313
2024-01-04T02,NYIS,New York Independent System Operator,Petroleum,19
2024-01-04T02,NYIS,New York Independent System Operator,Other,206
2024-01-04T02,NYIS,New York Independent System Operator,Solar,0
2024-01-04T02,NYIS,New York Independent System Operator,Hydro,4029
2024-01-04T02,NYIS,New York Independent System Operator,Wind,447
2024-01-04T03,NYIS,New York Independent System Operator,Coal,0
2024-01-04T03,NYIS,New York Independent System Operator,Natural Gas,8514
2024-01-04T03,NYIS,New York Independent System Operator,Nuclear,3287
2024-01-04T03,NYIS,New York Independent System Operator,Petroleum,18
2024-01-04T03,NYIS,New York Independent System Operator,Other,179
2024-01-04T03,NYIS,New York Independent System Operator,Solar,0
2024-01-04T03,NYIS,New York Independent System Operator,Hydro,3897
2024-01-04T03,NYIS,New York Independent System Operator,Wind,420
2024-01-04T04,NYIS,New York Independent System Operator,Coal,0
2024-01-04T04,NYIS,New York Independent System Operator,Natural Gas,7911
2024-01-04T04,NYIS,New York Independent System Operator,Nuclear,3282
2024-01-04T04,NYIS,New York Independent System Operator,Petroleum,18
2024-01-04T04,NYIS,New York Independent System Operator,Other,172
2024-01-04T04,NYIS,New York Independent System Operator,Solar,0
2024-01-04T04,NYIS,New York Independent System Operator,Hydro,3488
2024-01-04T04,NYIS,New York Independent System Operator,Wind,356
2024-01-04T05,NYIS,New York Independent System Operator,Coal,0
2024-01-04T05,NYIS,New York Independent System Operator,Natural Gas,7690
2024-01-04T05,NYIS,New York Independent System Operator,Nuclear,3175
2024-01-04T05,NYIS,New York Independent System Operator,Petroleum,18
2024-01-04T05,NYIS,New York Independent System Operator,Other,172
2024-01-04T05,NYIS,New York Independent System Operator,Solar,0
2024-01-04T05,NYIS,New York Independent System Operator,Hydro,2898
2024-01-04T05,NYIS,New York Independent System Operator,Wind,351
2024-01-04T06,NYIS,New York Independent System Operator,Coal,0
2024-01-04T06,NYIS,New York Independent System Operator,Natural Gas,7468
2024-01-04T06,NYIS,New York Independent System Operator,Nuclear,3232
2024-01-04T06,NYIS,New York Independent System Operator,Petroleum,18
2024-01-04T06,NYIS,New York Independent System Operator,Other,179
2024-01-04T06,NYIS,New York Independent System Operator,Solar,0
2024-01-04T06,NYIS,New York Independent System Operator,Hydro,2678
2024-01-04T06,NYIS,New York Independent System Operator,Wind,252
2024-01-04T07,NYIS,New York Independent System Operator,Coal,0
2024-01-04T07,NYIS,New York Independent System Operator,Natural Gas,7189
2024-01-04T07,NYIS,New York Independent System Operator,Nuclear,3175
2024-01-04T07,NYIS,New York Independent System Operator,Petroleum,18
2024-01-04T07,NYIS,New York Independent System Operator,Other,176
2024-01-04T07,NYIS,New York Independent System Operator,Solar,0
2024-01-04T07,NYIS,New York Independent System Operator,Hydro,2601
2024-01-04T07,NYIS,New York Independent System Operator,Wind,223
2024-01-04T08,NYIS,New York Independent System Operator,Coal,0
2024-01-04T08,NYIS,New York Independent System Operator,Natural Gas,6945
2024-01-04T08,NYIS,New York Independent System Operator,Nuclear,3163
2024-01-04T08,NYIS,New York Independent System Operator,Petroleum,18
2024-01-04T08,NYIS,New York Independent System Operator,Other,172
2024-01-04T08,NYIS,New York Independent System Operator,Solar,0
2024-01-04T08,NYIS,New York Independent System Operator,Hydro,2609
2024-01-04T08,NYIS,New York Independent System Operator,Wind,203
2024-01-04T09,NYIS,New York Independent System Operator,Coal,0
2024-01-04T09,NYIS,New York Independent System Operator,Natural Gas,7015
2024-01-04T09,NYIS,New York Independent System Operator,Nuclear,3169
2024-01-04T09,NYIS,New York Independent System Operator,Petroleum,19
2024-01-04T09,NYIS,New York Independent System Operator,Other,174
2024-01-04T09,NYIS,New York Independent System Operator,Solar,0
2024-01-04T09,NYIS,New York Independent System Operator,Hydro,2621
2024-01-04T09,NYIS,New York Independent System Operator,Wind,252
2024-01-04T10,NYIS,New York Independent System Operator,Coal,0
2024-01-04T10,NYIS,New York Independent System Operator,Natural Gas,7133
2024-01-04T10,NYIS,New York Independent System Operator,Nuclear,3170
2024-01-04T10,NYIS,New York Independent System Operator,Petroleum,19
2024-01-04T10,NYIS,New York Independent System Operator,Other,174
2024-01-04T10,NYIS,New York Independent System Operator,Solar,0
2024-01-04T10,NYIS,New York Independent System Operator,Hydro,2616
2024-01-04T10,NYIS,New York Independent System Operator,Wind,335
2024-01-04T11,NYIS,New York Independent System Operator,Coal,0
2024-01-04T11,NYIS,New York Independent System Operator,Natural Gas,7715
2024-01-04T11,NYIS,New York Independent System Operator,Nuclear,3312
2024-01-04T11,NYIS,New York Independent System Operator,Petroleum,20
2024-01-04T11,NYIS,New York Independent System Operator,Other,181
2024-01-04T11,NYIS,New York Independent System Operator,Solar,0
2024-01-04T11,NYIS,New York Independent System Operator,Hydro,2777
2024-01-04T11,NYIS,New York Independent System Operator,Wind,493
2024-01-04T12,NYIS,New York Independent System Operator,Coal,0
2024-01-04T12,NYIS,New York Independent System Operator,Natural Gas,8070
2024-01-04T12,NYIS,New York Independent System Operator,Nuclear,3331
2024-01-04T12,NYIS,New York Independent System Operator,Petroleum,20
2024-01-04T12,NYIS,New York Independent System Operator,Other,169
2024-01-04T12,NYIS,New York Independent System Operator,Solar,0
2024-01-04T12,NYIS,New York Independent System Operator,Hydro,3042
2024-01-04T12,NYIS,New York Independent System Operator,Wind,749
2024-01-04T13,NYIS,New York Independent System Operator,Coal,0
2024-01-04T13,NYIS,New York Independent System Operator,Natural Gas,8650
2024-01-04T13,NYIS,New York Independent System Operator,Nuclear,3286
2024-01-04T13,NYIS,New York Independent System Operator,Petroleum,19
2024-01-04T13,NYIS,New York Independent System Operator,Other,153
2024-01-04T13,NYIS,New York Independent System Operator,Solar,0
2024-01-04T13,NYIS,New York Independent System Operator,Hydro,3690
2024-01-04T13,NYIS,New York Independent System Operator,Wind,787
2024-01-04T14,NYIS,New York Independent System Operator,Coal,0
2024-01-04T14,NYIS,New York Independent System Operator,Natural Gas,8624
2024-01-04T14,NYIS,New York Independent System Operator,Nuclear,3294
2024-01-04T14,NYIS,New York Independent System Operator,Petroleum,20
2024-01-04T14,NYIS,New York Independent System Operator,Other,162
2024-01-04T14,NYIS,New York Independent System Operator,Solar,0
2024-01-04T14,NYIS,New York Independent System Operator,Hydro,3728
2024-01-04T14,NYIS,New York Independent System Operator,Wind,863
2024-01-04T15,NYIS,New York Independent System Operator,Coal,0
2024-01-04T15,NYIS,New York Independent System Operator,Natural Gas,8576
2024-01-04T15,NYIS,New York Independent System Operator,Nuclear,3286
2024-01-04T15,NYIS,New York Independent System Operator,Petroleum,20
2024-01-04T15,NYIS,New York Independent System Operator,Other,180
2024-01-04T15,NYIS,New York Independent System Operator,Solar,0
2024-01-04T15,NYIS,New York Independent System Operator,Hydro,3748
2024-01-04T15,NYIS,New York Independent System Operator,Wind,921
2024-01-04T16,NYIS,New York Independent System Operator,Coal,0
2024-01-04T16,NYIS,New York Independent System Operator,Natural Gas,8583
2024-01-04T16,NYIS,New York Independent System Operator,Nuclear,3284
2024-01-04T16,NYIS,New York Independent System Operator,Petroleum,20
2024-01-04T16,NYIS,New York Independent System Operator,Other,219
2024-01-04T16,NYIS,New York Independent System Operator,Solar,0
2024-01-04T16,NYIS,New York Independent System Operator,Hydro,3844
2024-01-04T16,NYIS,New York Independent System Operator,Wind,814
2024-01-04T17,NYIS,New York Independent System Operator,Coal,0
2024-01-04T17,NYIS,New York Independent System Operator,Natural Gas,8487
2024-01-04T17,NYIS,New York Independent System Operator,Nuclear,3279
2024-01-04T17,NYIS,New York Independent System Operator,Petroleum,20
2024-01-04T17,NYIS,New York Independent System Operator,Other,224
2024-01-04T17,NYIS,New York Independent System Operator,Solar,0
2024-01-04T17,NYIS,New York Independent System Operator,Hydro,3832
2024-01-04T17,NYIS,New York Independent System Operator,Wind,663
2024-01-04T18,NYIS,New York Independent System Operator,Coal,0
2024-01-04T18,NYIS,New York Independent System Operator,Natural Gas,7909
2024-01-04T18,NYIS,New York Independent System Operator,Nuclear,3285
2024-01-04T18,NYIS,New York Independent System Operator,Petroleum,20
2024-01-04T18,NYIS,New York Independent System Operator,Other,230
2024-01-04T18,NYIS,New York Independent System Operator,Solar,0
2024-01-04T18,NYIS,New York Independent System Operator,Hydro,3719
2024-01-04T18,NYIS,New York Independent System Operator,Wind,616
2024-01-04T19,NYIS,New York Independent System Operator,Coal,0
2024-01-04T19,NYIS,New York Independent System Operator,Natural Gas,7719
2024-01-04T19,NYIS,New York Independent System Operator,Nuclear,3289
2024-01-04T19,NYIS,New York Independent System Operator,Petroleum,20
2024-01-04T19,NYIS,New York Independent System Operator,Other,247
2024-01-04T19,NYIS,New York Independent System Operator,Solar,0
2024-01-04T19,NYIS,New York Independent System Operator,Hydro,3724
2024-01-04T19,NYIS,New York Independent System Operator,Wind,656
2024-01-04T20,NYIS,New York Independent System Operator,Coal,0
2024-01-04T20,NYIS,New York Independent System Operator,Natural Gas,8013
2024-01-04T20,NYIS,New York Independent System Operator,Nuclear,3291
2024-01-04T20,NYIS,New York Independent System Operator,Petroleum,20
2024-01-04T20,NYIS,New York Independent System Operator,Other,233
2024-01-04T20,NYIS,New York Independent System Operator,Solar,0
2024-01-04T20,NYIS,New York Independent System Operator,Hydro,3828
2024-01-04T20,NYIS,New York Independent System Operator,Wind,669
2024-01-04T21,NYIS,New York Independent System Operator,Coal,0
2024-01-04T21,NYIS,New York Independent System Operator,Natural Gas,8636
2024-01-04T21,NYIS,New York Independent System Operator,Nuclear,3309
2024-01-04T21,NYIS,New York Independent System Operator,Petroleum,20
2024-01-04T21,NYIS,New York Independent System Operator,Other,189
2024-01-04T21,NYIS,New York Independent System Operator,Solar,0
2024-01-04T21,NYIS,New York Independent System Operator,Hydro,3867
2024-01-04T21,NYIS,New York Independent System Operator,Wind,724
2024-01-04T22,NYIS,New York Independent System Operator,Coal,0
2024-01-04T22,NYIS,New York Independent System Operator,Natural Gas,9188
2024-01-04T22,NYIS,New York Independent System Operator,Nuclear,3316
2024-01-04T22,NYIS,New York Independent System Operator,Petroleum,21
2024-01-04T22,NYIS,New York Independent System Operator,Other,171
2024-01-04T22,NYIS,New York Independent System Operator,Solar,0
2024-01-04T22,NYIS,New York Independent System Operator,Hydro,4175
2024-01-04T22,NYIS,New York Independent System Operator,Wind,640
2024-01-04T23,NYIS,New York Independent System Operator,Coal,0
2024-01-04T23,NYIS,New York Independent System Operator,Natural Gas,9733
2024-01-04T23,NYIS,New York Independent System Operator,Nuclear,3318
2024-01-04T23,NYIS,New York Independent System Operator,Petroleum,21
2024-01-04T23,NYIS,New York Independent System Operator,Other,178
2024-01-04T23,NYIS,New York Independent System Operator,Solar,0
2024-01-04T23,NYIS,New York Independent System Operator,Hydro,4447
2024-01-04T23,NYIS,New York Independent System Operator,Wind,536
2024-01-05T00,NYIS,New York Independent System Operator,Coal,0
2024-01-05T00,NYIS,New York Independent System Operator,Natural Gas,9559
2024-01-05T00,NYIS,New York Independent System Operator,Nuclear,3331
2024-01-05T00,NYIS,New York Independent System Operator,Petroleum,21
2024-01-05T00,NYIS,New York Independent System Operator,Other,162
2024-01-05T00,NYIS,New York Independent System Operator,Solar,0
2024-01-05T00,NYIS,New York Independent System Operator,Hydro,4313
2024-01-05T00,NYIS,New York Independent System Operator,Wind,530
2024-01-05T01,NYIS,New York Independent System Operator,Coal,0
2024-01-05T01,NYIS,New York Independent System Operator,Natural Gas,9626
2024-01-05T01,NYIS,New York Independent System Operator,Nuclear,3332
2024-01-05T01,NYIS,New York Independent System Operator,Petroleum,21
2024-01-05T01,NYIS,New York Independent System Operator,Other,162
2024-01-05T01,NYIS,New York Independent System Operator,Solar,0
2024-01-05T01,NYIS,New York Independent System Operator,Hydro,4376
2024-01-05T01,NYIS,New York Independent System Operator,Wind,517
2024-01-05T02,NYIS,New York Independent System Operator,Coal,0
2024-01-05T02,NYIS,New York Independent System Operator,Natural Gas,9510
2024-01-05T02,NYIS,New York Independent System Operator,Nuclear,3332
2024-01-05T02,NYIS,New York Independent System Operator,Petroleum,21
2024-01-05T02,NYIS,New York Independent System Operator,Other,165
2024-01-05T02,NYIS,New York Independent System Operator,Solar,0
2024-01-05T02,NYIS,New York Independent System Operator,Hydro,4339
2024-01-05T02,NYIS,New York Independent System Operator,Wind,468
2024-01-05T03,NYIS,New York Independent System Operator,Coal,0
2024-01-05T03,NYIS,New York Independent System Operator,Natural Gas,9358
2024-01-05T03,NYIS,New York Independent System Operator,Nuclear,3317
2024-01-05T03,NYIS,New York Independent System Operator,Petroleum,21
2024-01-05T03,NYIS,New York Independent System Operator,Other,157
2024-01-05T03,NYIS,New York Independent System Operator,Solar,0
2024-01-05T03,NYIS,New York Independent System Operator,Hydro,4070
2024-01-05T03,NYIS,New York Independent System Operator,Wind,436
2024-01-05T04,NYIS,New York Independent System Operator,Coal,0
2024-01-05T04,NYIS,New York Independent System Operator,Natural Gas,9043
2024-01-05T04,NYIS,New York Independent System Operator,Nuclear,3320
2024-01-05T04,NYIS,New York Independent System Operator,Petroleum,21
2024-01-05T04,NYIS,New York Independent System Operator,Other,155
2024-01-05T04,NYIS,New York Independent System Operator,Solar,0
2024-01-05T04,NYIS,New York Independent System Operator,Hydro,3503
2024-01-05T04,NYIS,New York Independent System Operator,Wind,423
2024-01-05T05,NYIS,New York Independent System Operator,Coal,0
2024-01-05T05,NYIS,New York Independent System Operator,Natural Gas,8592
2024-01-05T05,NYIS,New York Independent System Operator,Nuclear,3275
2024-01-05T05,NYIS,New York Independent System Operator,Petroleum,20
2024-01-05T05,NYIS,New York Independent System Operator,Other,155
2024-01-05T05,NYIS,New York Independent System Operator,Solar,0
2024-01-05T05,NYIS,New York Independent System Operator,Hydro,2898
2024-01-05T05,NYIS,New York Independent System Operator,Wind,503
2024-01-05T06,NYIS,New York Independent System Operator,Coal,0
2024-01-05T06,NYIS,New York Independent System Operator,Natural Gas,7225
2024-01-05T06,NYIS,New York Independent System Operator,Nuclear,3251
2024-01-05T06,NYIS,New York Independent System Operator,Petroleum,6
2024-01-05T06,NYIS,New York Independent System Operator,Other,150
2024-01-05T06,NYIS,New York Independent System Operator,Solar,0
2024-01-05T06,NYIS,New York Independent System Operator,Hydro,2693
2024-01-05T06,NYIS,New York Independent System Operator,Wind,694
2024-01-05T07,NYIS,New York Independent System Operator,Coal,0
2024-01-05T07,NYIS,New York Independent System Operator,Natural Gas,7056
2024-01-05T07,NYIS,New York Independent System Operator,Nuclear,3184
2024-01-05T07,NYIS,New York Independent System Operator,Petroleum,6
2024-01-05T07,NYIS,New York Independent System Operator,Other,161
2024-01-05T07,NYIS,New York Independent System Operator,Solar,0
2024-01-05T07,NYIS,New York Independent System Operator,Hydro,2822
2024-01-05T07,NYIS,New York Independent System Operator,Wind,499
2024-01-05T08,NYIS,New York Independent System Operator,Coal,0
2024-01-05T08,NYIS,New York Independent System Operator,Natural Gas,7212
2024-01-05T08,NYIS,New York Independent System Operator,Nuclear,3182
2024-01-05T08,NYIS,New York Independent System Operator,Petroleum,6
2024-01-05T08,NYIS,New York Independent System Operator,Other,156
2024-01-05T08,NYIS,New York Independent System Operator,Solar,0
2024-01-05T08,NYIS,New York Independent System Operator,Hydro,2760
2024-01-05T08,NYIS,New York Independent System Operator,Wind,378
2024-01-05T09,NYIS,New York Independent System Operator,Coal,0
2024-01-05T09,NYIS,New York Independent System Operator,Natural Gas,7334
2024-01-05T09,NYIS,New York Independent System Operator,Nuclear,3186
2024-01-05T09,NYIS,New York Independent System Operator,Petroleum,6
2024-01-05T09,NYIS,New York Independent System Operator,Other,156
2024-01-05T09,NYIS,New York Independent System Operator,Solar,0
2024-01-05T09,NYIS,New York Independent System Operator,Hydro,2762
2024-01-05T09,NYIS,New York Independent System Operator,Wind,292
2024-01-05T10,NYIS,New York Independent System Operator,Coal,0
2024-01-05T10,NYIS,New York Independent System Operator,Natural Gas,7271
2024-01-05T10,NYIS,New York Independent System Operator,Nuclear,3189
2024-01-05T10,NYIS,New York Independent System Operator,Petroleum,6
2024-01-05T10,NYIS,New York Independent System Operator,Other,153
2024-01-05T10,NYIS,New York Independent System Operator,Solar,0
2024-01-05T10,NYIS,New York Independent System Operator,Hydro,2738
2024-01-05T10,NYIS,New York Independent System Operator,Wind,339
2024-01-05T11,NYIS,New York Independent System Operator,Coal,0
2024-01-05T11,NYIS,New York Independent System Operator,Natural Gas,7647
2024-01-05T11,NYIS,New York Independent System Operator,Nuclear,3356
2024-01-05T11,NYIS,New York Independent System Operator,Petroleum,7
2024-01-05T11,NYIS,New York Independent System Operator,Other,151
2024-01-05T11,NYIS,New York Independent System Operator,Solar,0
2024-01-05T11,NYIS,New York Independent System Operator,Hydro,2825
2024-01-05T11,NYIS,New York Independent System Operator,Wind,373
2024-01-05T12,NYIS,New York Independent System Operator,Coal,0
2024-01-05T12,NYIS,New York Independent System Operator,Natural Gas,8058
2024-01-05T12,NYIS,New York Independent System Operator,Nuclear,3359
2024-01-05T12,NYIS,New York Independent System Operator,Petroleum,7
2024-01-05T12,NYIS,New York Independent System Operator,Other,154
2024-01-05T12,NYIS,New York Independent System Operator,Solar,0
2024-01-05T12,NYIS,New York Independent System Operator,Hydro,3130
2024-01-05T12,NYIS,New York Independent System Operator,Wind,405
2024-01-05T13,NYIS,New York Independent System Operator,Coal,0
2024-01-05T13,NYIS,New York Independent System Operator,Natural Gas,8760
2024-01-05T13,NYIS,New York Independent System Operator,Nuclear,3338
2024-01-05T13,NYIS,New York Independent System Operator,Petroleum,7
2024-01-05T13,NYIS,New York Independent System Operator,Other,169
2024-01-05T13,NYIS,New York Independent System Operator,Solar,0
2024-01-05T13,NYIS,New York Independent System Operator,Hydro,3740
2024-01-05T13,NYIS,New York Independent System Operator,Wind,391
2024-01-05T14,NYIS,New York Independent System Operator,Coal,0
2024-01-05T14,NYIS,New York Independent System Operator,Natural Gas,8695
2024-01-05T14,NYIS,New York Independent System Operator,Nuclear,3348
2024-01-05T14,NYIS,New York Independent System Operator,Petroleum,7
2024-01-05T14,NYIS,New York Independent System Operator,Other,168
2024-01-05T14,NYIS,New York Independent System Operator,Solar,0
2024-01-05T14,NYIS,New York Independent System Operator,Hydro,3680
2024-01-05T14,NYIS,New York Independent System Operator,Wind,342
2024-01-05T15,NYIS,New York Independent System Operator,Coal,0
2024-01-05T15,NYIS,New York Independent System Operator,Natural Gas,8630
2024-01-05T15,NYIS,New York Independent System Operator,Nuclear,3358
2024-01-05T15,NYIS,New York Independent System Operator,Petroleum,7
2024-01-05T15,NYIS,New York Independent System Operator,Other,203
2024-01-05T15,NYIS,New York Independent System Operator,Solar,0
2024-01-05T15,NYIS,New York Independent System Operator,Hydro,3753
2024-01-05T15,NYIS,New York Independent System Operator,Wind,384
2024-01-05T16,NYIS,New York Independent System Operator,Coal,0
2024-01-05T16,NYIS,New York Independent System Operator,Natural Gas,8456
2024-01-05T16,NYIS,New York Independent System Operator,Nuclear,3343
2024-01-05T16,NYIS,New York Independent System Operator,Petroleum,7
2024-01-05T16,NYIS,New York Independent System Operator,Other,230
2024-01-05T16,NYIS,New York Independent System Operator,Solar,0
2024-01-05T16,NYIS,New York Independent System Operator,Hydro,3813
2024-01-05T16,NYIS,New York Independent System Operator,Wind,417
2024-01-05T17,NYIS,New York Independent System Operator,Coal,0
2024-01-05T17,NYIS,New York Independent System Operator,Natural Gas,7694
2024-01-05T17,NYIS,New York Independent System Operator,Nuclear,3326
2024-01-05T17,NYIS,New York Independent System Operator,Petroleum,7
2024-01-05T17,NYIS,New York Independent System Operator,Other,239
2024-01-05T17,NYIS,New York Independent System Operator,Solar,0
2024-01-05T17,NYIS,New York Independent System Operator,Hydro,3817
2024-01-05T17,NYIS,New York Independent System Operator,Wind,502
2024-01-05T18,NYIS,New York Independent System Operator,Coal,0
2024-01-05T18,NYIS,New York Independent System Operator,Natural Gas,7468
2024-01-05T18,NYIS,New York Independent System Operator,Nuclear,3324
2024-01-05T18,NYIS,New York Independent System Operator,Petroleum,7
2024-01-05T18,NYIS,New York Independent System Operator,Other,251
2024-01-05T18,NYIS,New York Independent System Operator,Solar,0
2024-01-05T18,NYIS,New York Independent System Operator,Hydro,3802
2024-01-05T18,NYIS,New York Independent System Operator,Wind,540
2024-01-05T19,NYIS,New York Independent System Operator,Coal,0
2024-01-05T19,NYIS,New York Independent System Operator,Natural Gas,7727
2024-01-05T19,NYIS,New York Independent System Operator,Nuclear,3320
2024-01-05T19,NYIS,New York Independent System Operator,Petroleum,7
2024-01-05T19,NYIS,New York Independent System Operator,Other,218
2024-01-05T19,NYIS,New York Independent System Operator,Solar,0
2024-01-05T19,NYIS,New York Independent System Operator,Hydro,3845
2024-01-05T19,NYIS,New York Independent System Operator,Wind,581
2024-01-05T20,NYIS,New York Independent System Operator,Coal,0
2024-01-05T20,NYIS,New York Independent System Operator,Natural Gas,7944
2024-01-05T20,NYIS,New York Independent System Operator,Nuclear,3323
2024-01-05T20,NYIS,New York Independent System Operator,Petroleum,7
2024-01-05T20,NYIS,New York Independent System Operator,Other,202
2024-01-05T20,NYIS,New York Independent System Operator,Solar,0
2024-01-05T20,NYIS,New York Independent System Operator,Hydro,3955
2024-01-05T20,NYIS,New York Independent System Operator,Wind,660
2024-01-05T21,NYIS,New York Independent System Operator,Coal,0
2024-01-05T21,NYIS,New York Independent System Operator,Natural Gas,8304
2024-01-05T21,NYIS,New York Independent System Operator,Nuclear,3309
2024-01-05T21,NYIS,New York Independent System Operator,Petroleum,6
2024-01-05T21,NYIS,New York Independent System Operator,Other,169
2024-01-05T21,NYIS,New York Independent System Operator,Solar,0
2024-01-05T21,NYIS,New York Independent System Operator,Hydro,4056
2024-01-05T21,NYIS,New York Independent System Operator,Wind,711
2024-01-05T22,NYIS,New York Independent System Operator,Coal,0
2024-01-05T22,NYIS,New York Independent System Operator,Natural Gas,8732
2024-01-05T22,NYIS,New York Independent System Operator,Nuclear,3324
2024-01-05T22,NYIS,New York Independent System Operator,Petroleum,7
2024-01-05T22,NYIS,New York Independent System Operator,Other,169
2024-01-05T22,NYIS,New York Independent System Operator,Solar,0
2024-01-05T22,NYIS,New York Independent System Operator,Hydro,4231
2024-01-05T22,NYIS,New York Independent System Operator,Wind,638
2024-01-05T23,NYIS,New York Independent System Operator,Coal,0
2024-01-05T23,NYIS,New York Independent System Operator,Natural Gas,9010
2024-01-05T23,NYIS,New York Independent System Operator,Nuclear,3320
2024-01-05T23,NYIS,New York Independent System Operator,Petroleum,7
2024-01-05T23,NYIS,New York Independent System Operator,Other,160
2024-01-05T23,NYIS,New York Independent System Operator,Solar,0
2024-01-05T23,NYIS,New York Independent System Operator,Hydro,4318
2024-01-05T23,NYIS,New York Independent System Operator,Wind,712
2024-01-06T00,NYIS,New York Independent System Operator,Coal,0
2024-01-06T00,NYIS,New York Independent System Operator,Natural Gas,8575
2024-01-06T00,NYIS,New York Independent System Operator,Nuclear,3333
2024-01-06T00,NYIS,New York Independent System Operator,Petroleum,7
2024-01-06T00,NYIS,New York Independent System Operator,Other,151
2024-01-06T00,NYIS,New York Independent System Operator,Solar,0
2024-01-06T00,NYIS,New York Independent System Operator,Hydro,4091
2024-01-06T00,NYIS,New York Independent System Operator,Wind,698
2024-01-06T01,NYIS,New York Independent System Operator,Coal,0
2024-01-06T01,NYIS,New York Independent System Operator,Natural Gas,8472
2024-01-06T01,NYIS,New York Independent System Operator,Nuclear,3330
2024-01-06T01,NYIS,New York Independent System Operator,Petroleum,7
2024-01-06T01,NYIS,New York Independent System Operator,Other,146
2024-01-06T01,NYIS,New York Independent System Operator,Solar,0
2024-01-06T01,NYIS,New York Independent System Operator,Hydro,3951
2024-01-06T01,NYIS,New York Independent System Operator,Wind,485
2024-01-06T02,NYIS,New York Independent System Operator,Coal,0
2024-01-06T02,NYIS,New York Independent System Operator,Natural Gas,8378
2024-01-06T02,NYIS,New York Independent System Operator,Nuclear,3339
2024-01-06T02,NYIS,New York Independent System Operator,Petroleum,7
2024-01-06T02,NYIS,New York Independent System Operator,Other,155
2024-01-06T02,NYIS,New York Independent System Operator,Solar,0
2024-01-06T02,NYIS,New York Independent System Operator,Hydro,3933
2024-01-06T02,NYIS,New York Independent System Operator,Wind,407
2024-01-06T03,NYIS,New York Independent System Operator,Coal,0
2024-01-06T03,NYIS,New York Independent System Operator,Natural Gas,8140
2024-01-06T03,NYIS,New York Independent System Operator,Nuclear,3328
2024-01-06T03,NYIS,New York Independent System Operator,Petroleum,7
2024-01-06T03,NYIS,New York Independent System Operator,Other,155
2024-01-06T03,NYIS,New York Independent System Operator,Solar,0
2024-01-06T03,NYIS,New York Independent System Operator,Hydro,3756
2024-01-06T03,NYIS,New York Independent System Operator,Wind,414
2024-01-06T04,NYIS,New York Independent System Operator,Coal,0
2024-01-06T04,NYIS,New York Independent System Operator,Natural Gas,7814
2024-01-06T04,NYIS,New York Independent System Operator,Nuclear,3320
2024-01-06T04,NYIS,New York Independent System Operator,Petroleum,7
2024-01-06T04,NYIS,New York Independent System Operator,Other,165
2024-01-06T04,NYIS,New York Independent System Operator,Solar,0
2024-01-06T04,NYIS,New York Independent System Operator,Hydro,3449
2024-01-06T04,NYIS,New York Independent System Operator,Wind,395
2024-01-06T05,NYIS,New York Independent System Operator,Coal,0
2024-01-06T05,NYIS,New York Independent System Operator,Natural Gas,7521
2024-01-06T05,NYIS,New York Independent System Operator,Nuclear,3323
2024-01-06T05,NYIS,New York Independent System Operator,Petroleum,7
2024-01-06T05,NYIS,New York Independent System Operator,Other,168
2024-01-06T05,NYIS,New York Independent System Operator,Solar,0
2024-01-06T05,NYIS,New York Independent System Operator,Hydro,2892
2024-01-06T05,NYIS,New York Independent System Operator,Wind,327
2024-01-06T06,NYIS,New York Independent System Operator,Coal,0
2024-01-06T06,NYIS,New York Independent System Operator,Natural Gas,7041
2024-01-06T06,NYIS,New York Independent System Operator,Nuclear,3335
2024-01-06T06,NYIS,New York Independent System Operator,Petroleum,7
2024-01-06T06,NYIS,New York Independent System Operator,Other,165
2024-01-06T06,NYIS,New York Independent System Operator,Solar,0
2024-01-06T06,NYIS,New York Independent System Operator,Hydro,2697
2024-01-06T06,NYIS,New York Independent System Operator,Wind,175
2024-01-06T07,NYIS,New York Independent System Operator,Coal,0
2024-01-06T07,NYIS,New York Independent System Operator,Natural Gas,6887
2024-01-06T07,NYIS,New York Independent System Operator,Nuclear,3355
2024-01-06T07,NYIS,New York Independent System Operator,Petroleum,7
2024-01-06T07,NYIS,New York Independent System Operator,Other,163
2024-01-06T07,NYIS,New York Independent System Operator,Solar,0
2024-01-06T07,NYIS,New York Independent System Operator,Hydro,2694
2024-01-06T07,NYIS,New York Independent System Operator,Wind,64
2024-01-06T08,NYIS,New York Independent System Operator,Coal,0
2024-01-06T08,NYIS,New York Independent System Operator,Natural Gas,6896
2024-01-06T08,NYIS,New York Independent System Operator,Nuclear,3351
2024-01-06T08,NYIS,New York Independent System Operator,Petroleum,7
2024-01-06T08,NYIS,New York Independent System Operator,Other,160
2024-01-06T08,NYIS,New York Independent System Operator,Solar,0
2024-01-06T08,NYIS,New York Independent System Operator,Hydro,2626
2024-01-06T08,NYIS,New York Independent System Operator,Wind,51
2024-01-06T09,NYIS,New York Independent System Operator,Coal,0
2024-01-06T09,NYIS,New York Independent System Operator,Natural Gas,6868
2024-01-06T09,NYIS,New York Independent System Operator,Nuclear,3362
2024-01-06T09,NYIS,New York Independent System Operator,Petroleum,7
2024-01-06T09,NYIS,New York Independent System Operator,Other,162
2024-01-06T09,NYIS,New York Independent System Operator,Solar,0
2024-01-06T09,NYIS,New York Independent System Operator,Hydro,2635
2024-01-06T09,NYIS,New York Independent System Operator,Wind,88
2024-01-06T10,NYIS,New York Independent System Operator,Coal,0
2024-01-06T10,NYIS,New York Independent System Operator,Natural Gas,6974
2024-01-06T10,NYIS,New York Independent System Operator,Nuclear,3357
2024-01-06T10,NYIS,New York Independent System Operator,Petroleum,7
2024-01-06T10,NYIS,New York Independent System Operator,Other,161
2024-01-06T10,NYIS,New York Independent System Operator,Solar,0
2024-01-06T10,NYIS,New York Independent System Operator,Hydro,2621
2024-01-06T10,NYIS,New York Independent System Operator,Wind,176
2024-01-06T11,NYIS,New York Independent System Operator,Coal,0
2024-01-06T11,NYIS,New York Independent System Operator,Natural Gas,7056
2024-01-06T11,NYIS,New York Independent System Operator,Nuclear,3346
2024-01-06T11,NYIS,New York Independent System Operator,Petroleum,7
2024-01-06T11,NYIS,New York Independent System Operator,Other,161
2024-01-06T11,NYIS,New York Independent System Operator,Solar,0
2024-01-06T11,NYIS,New York Independent System Operator,Hydro,2621
2024-01-06T11,NYIS,New York Independent System Operator,Wind,309
2024-01-06T12,NYIS,New York Independent System Operator,Coal,0
2024-01-06T12,NYIS,New York Independent System Operator,Natural Gas,7319
2024-01-06T12,NYIS,New York Independent System Operator,Nuclear,3345
2024-01-06T12,NYIS,New York Independent System Operator,Petroleum,7
2024-01-06T12,NYIS,New York Independent System Operator,Other,162
2024-01-06T12,NYIS,New York Independent System Operator,Solar,0
2024-01-06T12,NYIS,New York Independent System Operator,Hydro,2786
2024-01-06T12,NYIS,New York Independent System Operator,Wind,406
2024-01-06T13,NYIS,New York Independent System Operator,Coal,0
2024-01-06T13,NYIS,New York Independent System Operator,Natural Gas,7661
2024-01-06T13,NYIS,New York Independent System Operator,Nuclear,3334
2024-01-06T13,NYIS,New York Independent System Operator,Petroleum,7
2024-01-06T13,NYIS,New York Independent System Operator,Other,161
2024-01-06T13,NYIS,New York Independent System Operator,Solar,0
2024-01-06T13,NYIS,New York Independent System Operator,Hydro,3354
2024-01-06T13,NYIS,New York Independent System Operator,Wind,504
2024-01-06T14,NYIS,New York Independent System Operator,Coal,0
2024-01-06T14,NYIS,New York Independent System Operator,Natural Gas,7709
2024-01-06T14,NYIS,New York Independent System Operator,Nuclear,3321
2024-01-06T14,NYIS,New York Independent System Operator,Petroleum,7
2024-01-06T14,NYIS,New York Independent System Operator,Other,173
2024-01-06T14,NYIS,New York Independent System Operator,Solar,0
2024-01-06T14,NYIS,New York Independent System Operator,Hydro,3405
2024-01-06T14,NYIS,New York Independent System Operator,Wind,685
2024-01-06T15,NYIS,New York Independent System Operator,Coal,0
2024-01-06T15,NYIS,New York Independent System Operator,Natural Gas,8104
2024-01-06T15,NYIS,New York Independent System Operator,Nuclear,3324
2024-01-06T15,NYIS,New York Independent System Operator,Petroleum,7
2024-01-06T15,NYIS,New York Independent System Operator,Other,180
2024-01-06T15,NYIS,New York Independent System Operator,Solar,0
2024-01-06T15,NYIS,New York Independent System Operator,Hydro,3450
2024-01-06T15,NYIS,New York Independent System Operator,Wind,736
2024-01-06T16,NYIS,New York Independent System Operator,Coal,0
2024-01-06T16,NYIS,New York Independent System Operator,Natural Gas,8372
2024-01-06T16,NYIS,New York Independent System Operator,Nuclear,3322
2024-01-06T16,NYIS,New York Independent System Operator,Petroleum,7
2024-01-06T16,NYIS,New York Independent System Operator,Other,201
2024-01-06T16,NYIS,New York Independent System Operator,Solar,0
2024-01-06T16,NYIS,New York Independent System Operator,Hydro,3538
2024-01-06T16,NYIS,New York Independent System Operator,Wind,744
2024-01-06T17,NYIS,New York Independent System Operator,Coal,0
2024-01-06T17,NYIS,New York Independent System Operator,Natural Gas,8327
2024-01-06T17,NYIS,New York Independent System Operator,Nuclear,3318
2024-01-06T17,NYIS,New York Independent System Operator,Petroleum,7
2024-01-06T17,NYIS,New York Independent System Operator,Other,190
2024-01-06T17,NYIS,New York Independent System Operator,Solar,0
2024-01-06T17,NYIS,New York Independent System Operator,Hydro,3455
2024-01-06T17,NYIS,New York Independent System Operator,Wind,726
2024-01-06T18,NYIS,New York Independent System Operator,Coal,0
2024-01-06T18,NYIS,New York Independent System Operator,Natural Gas,8642
2024-01-06T18,NYIS,New York Independent System Operator,Nuclear,3311
2024-01-06T18,NYIS,New York Independent System Operator,Petroleum,7
2024-01-06T18,NYIS,New York Independent System Operator,Other,187
2024-01-06T18,NYIS,New York Independent System Operator,Solar,0
2024-01-06T18,NYIS,New York Independent System Operator,Hydro,3466
2024-01-06T18,NYIS,New York Independent System Operator,Wind,710
2024-01-06T19,NYIS,New York Independent System Operator,Coal,0
2024-01-06T19,NYIS,New York Independent System Operator,Natural Gas,8616
2024-01-06T19,NYIS,New York Independent System Operator,Nuclear,3307
2024-01-06T19,NYIS,New York Independent System Operator,Petroleum,6
2024-01-06T19,NYIS,New York Independent System Operator,Other,204
2024-01-06T19,NYIS,New York Independent System Operator,Solar,0
2024-01-06T19,NYIS,New York Independent System Operator,Hydro,3436
2024-01-06T19,NYIS,New York Independent System Operator,Wind,763
2024-01-06T20,NYIS,New York Independent System Operator,Coal,0
2024-01-06T20,NYIS,New York Independent System Operator,Natural Gas,8614
2024-01-06T20,NYIS,New York Independent System Operator,Nuclear,3307
2024-01-06T20,NYIS,New York Independent System Operator,Petroleum,7
2024-01-06T20,NYIS,New York Independent System Operator,Other,196
2024-01-06T20,NYIS,New York Independent System Operator,Solar,0
2024-01-06T20,NYIS,New York Independent System Operator,Hydro,3479
2024-01-06T20,NYIS,New York Independent System Operator,Wind,816
2024-01-06T21,NYIS,New York Independent System Operator,Coal,0
2024-01-06T21,NYIS,New York Independent System Operator,Natural Gas,8479
2024-01-06T21,NYIS,New York Independent System Operator,Nuclear,3310
2024-01-06T21,NYIS,New York Independent System Operator,Petroleum,7
2024-01-06T21,NYIS,New York Independent System Operator,Other,189
2024-01-06T21,NYIS,New York Independent System Operator,Solar,0
2024-01-06T21,NYIS,New York Independent System Operator,Hydro,3461
2024-01-06T21,NYIS,New York Independent System Operator,Wind,894
2024-01-06T22,NYIS,New York Independent System Operator,Coal,0
2024-01-06T22,NYIS,New York Independent System Operator,Natural Gas,8512
2024-01-06T22,NYIS,New York Independent System Operator,Nuclear,3314
2024-01-06T22,NYIS,New York Independent System Operator,Petroleum,0
2024-01-06T22,NYIS,New York Independent System Operator,Other,191
2024-01-06T22,NYIS,New York Independent System Operator,Solar,0
2024-01-06T22,NYIS,New York Independent System Operator,Hydro,3453
2024-01-06T22,NYIS,New York Independent System Operator,Wind,970
2024-01-06T23,NYIS,New York Independent System Operator,Coal,0
2024-01-06T23,NYIS,New York Independent System Operator,Natural Gas,9306
2024-01-06T23,NYIS,New York Independent System Operator,Nuclear,3334
2024-01-06T23,NYIS,New York Independent System Operator,Petroleum,7
2024-01-06T23,NYIS,New York Independent System Operator,Other,199
2024-01-06T23,NYIS,New York Independent System Operator,Solar,0
2024-01-06T23,NYIS,New York Independent System Operator,Hydro,4009
2024-01-06T23,NYIS,New York Independent System Operator,Wind,757
2024-01-07T00,NYIS,New York Independent System Operator,Coal,0
2024-01-07T00,NYIS,New York Independent System Operator,Natural Gas,9334
2024-01-07T00,NYIS,New York Independent System Operator,Nuclear,3344
2024-01-07T00,NYIS,New York Independent System Operator,Petroleum,0
2024-01-07T00,NYIS,New York Independent System Operator,Other,201
2024-01-07T00,NYIS,New York Independent System Operator,Solar,0
2024-01-07T00,NYIS,New York Independent System Operator,Hydro,4326
2024-01-07T00,NYIS,New York Independent System Operator,Wind,557
2024-01-07T01,NYIS,New York Independent System Operator,Coal,0
2024-01-07T01,NYIS,New York Independent System Operator,Natural Gas,9296
2024-01-07T01,NYIS,New York Independent System Operator,Nuclear,3358
2024-01-07T01,NYIS,New York Independent System Operator,Petroleum,7
2024-01-07T01,NYIS,New York Independent System Operator,Other,186
2024-01-07T01,NYIS,New York Independent System Operator,Solar,0
2024-01-07T01,NYIS,New York Independent System Operator,Hydro,4217
2024-01-07T01,NYIS,New York Independent System Operator,Wind,515
2024-01-07T02,NYIS,New York Independent System Operator,Coal,0
2024-01-07T02,NYIS,New York Independent System Operator,Natural Gas,9178
2024-01-07T02,NYIS,New York Independent System Operator,Nuclear,3356
2024-01-07T02,NYIS,New York Independent System Operator,Petroleum,7
2024-01-07T02,NYIS,New York Independent System Operator,Other,190
2024-01-07T02,NYIS,New York Independent System Operator,Solar,0
2024-01-07T02,NYIS,New York Independent System Operator,Hydro,3830
2024-01-07T02,NYIS,New York Independent System Operator,Wind,507
2024-01-07T03,NYIS,New York Independent System Operator,Coal,0
2024-01-07T03,NYIS,New York Independent System Operator,Natural Gas,8850
2024-01-07T03,NYIS,New York Independent System Operator,Nuclear,3346
2024-01-07T03,NYIS,New York Independent System Operator,Petroleum,7
2024-01-07T03,NYIS,New York Independent System Operator,Other,189
2024-01-07T03,NYIS,New York Independent System Operator,Solar,0
2024-01-07T03,NYIS,New York Independent System Operator,Hydro,3712
2024-01-07T03,NYIS,New York Independent System Operator,Wind,487
2024-01-07T04,NYIS,New York Independent System Operator,Coal,0
2024-01-07T04,NYIS,New York Independent System Operator,Natural Gas,8132
2024-01-07T04,NYIS,New York Independent System Operator,Nuclear,3343
2024-01-07T04,NYIS,New York Independent System Operator,Petroleum,7
2024-01-07T04,NYIS,New York Independent System Operator,Other,188
2024-01-07T04,NYIS,New York Independent System Operator,Solar,0
2024-01-07T04,NYIS,New York Independent System Operator,Hydro,3304
2024-01-07T04,NYIS,New York Independent System Operator,Wind,450
2024-01-07T05,NYIS,New York Independent System Operator,Coal,0
2024-01-07T05,NYIS,New York Independent System Operator,Natural Gas,8073
2024-01-07T05,NYIS,New York Independent System Operator,Nuclear,3353
2024-01-07T05,NYIS,New York Independent System Operator,Petroleum,0
2024-01-07T05,NYIS,New York Independent System Operator,Other,199
2024-01-07T05,NYIS,New York Independent System Operator,Solar,0
2024-01-07T05,NYIS,New York Independent System Operator,Hydro,2736
2024-01-07T05,NYIS,New York Independent System Operator,Wind,377
2024-01-07T06,NYIS,New York Independent System Operator,Coal,0
2024-01-07T06,NYIS,New York Independent System Operator,Natural Gas,7921
2024-01-07T06,NYIS,New York Independent System Operator,Nuclear,3373
2024-01-07T06,NYIS,New York Independent System Operator,Petroleum,0
2024-01-07T06,NYIS,New York Independent System Operator,Other,196
2024-01-07T06,NYIS,New York Independent System Operator,Solar,0
2024-01-07T06,NYIS,New York Independent System Operator,Hydro,2401
2024-01-07T06,NYIS,New York Independent System Operator,Wind,378
2024-01-07T07,NYIS,New York Independent System Operator,Coal,0
2024-01-07T07,NYIS,New York Independent System Operator,Natural Gas,7614
2024-01-07T07,NYIS,New York Independent System Operator,Nuclear,3376
2024-01-07T07,NYIS,New York Independent System Operator,Petroleum,7
2024-01-07T07,NYIS,New York Independent System Operator,Other,194
2024-01-07T07,NYIS,New York Independent System Operator,Solar,0
2024-01-07T07,NYIS,New York Independent System Operator,Hydro,2367
2024-01-07T07,NYIS,New York Independent System Operator,Wind,410
2024-01-07T08,NYIS,New York Independent System Operator,Coal,0
2024-01-07T08,NYIS,New York Independent System Operator,Natural Gas,7559
2024-01-07T08,NYIS,New York Independent System Operator,Nuclear,3299
2024-01-07T08,NYIS,New York Independent System Operator,Petroleum,6
2024-01-07T08,NYIS,New York Independent System Operator,Other,190
2024-01-07T08,NYIS,New York Independent System Operator,Solar,0
2024-01-07T08,NYIS,New York Independent System Operator,Hydro,2393
2024-01-07T08,NYIS,New York Independent System Operator,Wind,426
2024-01-07T09,NYIS,New York Independent System Operator,Coal,0
2024-01-07T09,NYIS,New York Independent System Operator,Natural Gas,7436
2024-01-07T09,NYIS,New York Independent System Operator,Nuclear,3297
2024-01-07T09,NYIS,New York Independent System Operator,Petroleum,6
2024-01-07T09,NYIS,New York Independent System Operator,Other,196
2024-01-07T09,NYIS,New York Independent System Operator,Solar,0
2024-01-07T09,NYIS,New York Independent System Operator,Hydro,2362
2024-01-07T09,NYIS,New York Independent System Operator,Wind,540
2024-01-07T10,NYIS,New York Independent System Operator,Coal,0
2024-01-07T10,NYIS,New York Independent System Operator,Natural Gas,7568
2024-01-07T10,NYIS,New York Independent System Operator,Nuclear,3301
2024-01-07T10,NYIS,New York Independent System Operator,Petroleum,0
2024-01-07T10,NYIS,New York Independent System Operator,Other,203
2024-01-07T10,NYIS,New York Independent System Operator,Solar,0
2024-01-07T10,NYIS,New York Independent System Operator,Hydro,2468
2024-01-07T10,NYIS,New York Independent System Operator,Wind,386
2024-01-07T11,NYIS,New York Independent System Operator,Coal,0
2024-01-07T11,NYIS,New York Independent System Operator,Natural Gas,7703
2024-01-07T11,NYIS,New York Independent System Operator,Nuclear,3342
2024-01-07T11,NYIS,New York Independent System Operator,Petroleum,7
2024-01-07T11,NYIS,New York Independent System Operator,Other,190
2024-01-07T11,NYIS,New York Independent System Operator,Solar,0
2024-01-07T11,NYIS,New York Independent System Operator,Hydro,2466
2024-01-07T11,NYIS,New York Independent System Operator,Wind,304
2024-01-07T12,NYIS,New York Independent System Operator,Coal,0
2024-01-07T12,NYIS,New York Independent System Operator,Natural Gas,7866
2024-01-07T12,NYIS,New York Independent System Operator,Nuclear,3357
2024-01-07T12,NYIS,New York Independent System Operator,Petroleum,7
2024-01-07T12,NYIS,New York Independent System Operator,Other,193
2024-01-07T12,NYIS,New York Independent System Operator,Solar,0
2024-01-07T12,NYIS,New York Independent System Operator,Hydro,2627
2024-01-07T12,NYIS,New York Independent System Operator,Wind,356
2024-01-07T13,NYIS,New York Independent System Operator,Coal,0
2024-01-07T13,NYIS,New York Independent System Operator,Natural Gas,8148
2024-01-07T13,NYIS,New York Independent System Operator,Nuclear,3358
2024-01-07T13,NYIS,New York Independent System Operator,Petroleum,7
2024-01-07T13,NYIS,New York Independent System Operator,Other,195
2024-01-07T13,NYIS,New York Independent System Operator,Solar,0
2024-01-07T13,NYIS,New York Independent System Operator,Hydro,2676
2024-01-07T13,NYIS,New York Independent System Operator,Wind,426
2024-01-07T14,NYIS,New York Independent System Operator,Coal,0
2024-01-07T14,NYIS,New York Independent System Operator,Natural Gas,8187
2024-01-07T14,NYIS,New York Independent System Operator,Nuclear,3355
2024-01-07T14,NYIS,New York Independent System Operator,Petroleum,7
2024-01-07T14,NYIS,New York Independent System Operator,Other,198
2024-01-07T14,NYIS,New York Independent System Operator,Solar,0
2024-01-07T14,NYIS,New York Independent System Operator,Hydro,3073
2024-01-07T14,NYIS,New York Independent System Operator,Wind,378
2024-01-07T15,NYIS,New York Independent System Operator,Coal,0
2024-01-07T15,NYIS,New York Independent System Operator,Natural Gas,8563
2024-01-07T15,NYIS,New York Independent System Operator,Nuclear,3363
2024-01-07T15,NYIS,New York Independent System Operator,Petroleum,7
2024-01-07T15,NYIS,New York Independent System Operator,Other,201
2024-01-07T15,NYIS,New York Independent System Operator,Solar,0
2024-01-07T15,NYIS,New York Independent System Operator,Hydro,3247
2024-01-07T15,NYIS,New York Independent System Operator,Wind,319
2024-01-07T16,NYIS,New York Independent System Operator,Coal,0
2024-01-07T16,NYIS,New York Independent System Operator,Natural Gas,8481
2024-01-07T16,NYIS,New York Independent System Operator,Nuclear,3356
2024-01-07T16,NYIS,New York Independent System Operator,Petroleum,0
2024-01-07T16,NYIS,New York Independent System Operator,Other,206
2024-01-07T16,NYIS,New York Independent System Operator,Solar,0
2024-01-07T16,NYIS,New York Independent System Operator,Hydro,3284
2024-01-07T16,NYIS,New York Independent System Operator,Wind,370
2024-01-07T17,NYIS,New York Independent System Operator,Coal,0
2024-01-07T17,NYIS,New York Independent System Operator,Natural Gas,8501
2024-01-07T17,NYIS,New York Independent System Operator,Nuclear,3349
2024-01-07T17,NYIS,New York Independent System Operator,Petroleum,0
2024-01-07T17,NYIS,New York Independent System Operator,Other,206
2024-01-07T17,NYIS,New York Independent System Operator,Solar,0
2024-01-07T17,NYIS,New York Independent System Operator,Hydro,3506
2024-01-07T17,NYIS,New York Independent System Operator,Wind,344
2024-01-07T18,NYIS,New York Independent System Operator,Coal,0
2024-01-07T18,NYIS,New York Independent System Operator,Natural Gas,8810
2024-01-07T18,NYIS,New York Independent System Operator,Nuclear,3347
2024-01-07T18,NYIS,New York Independent System Operator,Petroleum,7
2024-01-07T18,NYIS,New York Independent System Operator,Other,203
2024-01-07T18,NYIS,New York Independent System Operator,Solar,0
2024-01-07T18,NYIS,New York Independent System Operator,Hydro,3474
2024-01-07T18,NYIS,New York Independent System Operator,Wind,314
2024-01-07T19,NYIS,New York Independent System Operator,Coal,0
2024-01-07T19,NYIS,New York Independent System Operator,Natural Gas,8810
2024-01-07T19,NYIS,New York Independent System Operator,Nuclear,3338
2024-01-07T19,NYIS,New York Independent System Operator,Petroleum,7
2024-01-07T19,NYIS,New York Independent System Operator,Other,206
2024-01-07T19,NYIS,New York Independent System Operator,Solar,0
2024-01-07T19,NYIS,New York Independent System Operator,Hydro,3437
2024-01-07T19,NYIS,New York Independent System Operator,Wind,321
2024-01-07T20,NYIS,New York Independent System Operator,Coal,0
2024-01-07T20,NYIS,New York Independent System Operator,Natural Gas,8786
2024-01-07T20,NYIS,New York Independent System Operator,Nuclear,3333
2024-01-07T20,NYIS,New York Independent System Operator,Petroleum,0
2024-01-07T20,NYIS,New York Independent System Operator,Other,201
2024-01-07T20,NYIS,New York Independent System Operator,Solar,0
2024-01-07T20,NYIS,New York Independent System Operator,Hydro,3398
2024-01-07T20,NYIS,New York Independent System Operator,Wind,373
2024-01-07T21,NYIS,New York Independent System Operator,Coal,0
2024-01-07T21,NYIS,New York Independent System Operator,Natural Gas,9011
2024-01-07T21,NYIS,New York Independent System Operator,Nuclear,3343
2024-01-07T21,NYIS,New York Independent System Operator,Petroleum,0
2024-01-07T21,NYIS,New York Independent System Operator,Other,202
2024-01-07T21,NYIS,New York Independent System Operator,Solar,0
2024-01-07T21,NYIS,New York Independent System Operator,Hydro,3336
2024-01-07T21,NYIS,New York Independent System Operator,Wind,452
2024-01-07T22,NYIS,New York Independent System Operator,Coal,0
2024-01-07T22,NYIS,New York Independent System Operator,Natural Gas,9180
2024-01-07T22,NYIS,New York Independent System Operator,Nuclear,3344
2024-01-07T22,NYIS,New York Independent System Operator,Petroleum,0
2024-01-07T22,NYIS,New York Independent System Operator,Other,202
2024-01-07T22,NYIS,New York Independent System Operator,Solar,0
2024-01-07T22,NYIS,New York Independent System Operator,Hydro,3351
2024-01-07T22,NYIS,New York Independent System Operator,Wind,497
2024-01-07T23,NYIS,New York Independent System Operator,Coal,0
2024-01-07T23,NYIS,New York Independent System Operator,Natural Gas,9430
2024-01-07T23,NYIS,New York Independent System Operator,Nuclear,3351
2024-01-07T23,NYIS,New York Independent System Operator,Petroleum,7
2024-01-07T23,NYIS,New York Independent System Operator,Other,195
2024-01-07T23,NYIS,New York Independent System Operator,Solar,0
2024-01-07T23,NYIS,New York Independent System Operator,Hydro,3457
2024-01-07T23,NYIS,New York Independent System Operator,Wind,465
2024-01-01T00,PJM,"PJM Interconnection, LLC",Coal,14814
2024-01-01T00,PJM,"PJM Interconnection, LLC",Natural Gas,40727
2024-01-01T00,PJM,"PJM Interconnection, LLC",Nuclear,33462
2024-01-01T00,PJM,"PJM Interconnection, LLC",Petroleum,210
2024-01-01T00,PJM,"PJM Interconnection, LLC",Other,1008
2024-01-01T00,PJM,"PJM Interconnection, LLC",Solar,21
2024-01-01T00,PJM,"PJM Interconnection, LLC",Hydro,4483
2024-01-01T00,PJM,"PJM Interconnection, LLC",Wind,4494
2024-01-01T01,PJM,"PJM Interconnection, LLC",Coal,14711
2024-01-01T01,PJM,"PJM Interconnection, LLC",Natural Gas,40107
2024-01-01T01,PJM,"PJM Interconnection, LLC",Nuclear,33635
2024-01-01T01,PJM,"PJM Interconnection, LLC",Petroleum,212
2024-01-01T01,PJM,"PJM Interconnection, LLC",Other,1028
2024-01-01T01,PJM,"PJM Interconnection, LLC",Solar,12
2024-01-01T01,PJM,"PJM Interconnection, LLC",Hydro,3670
2024-01-01T01,PJM,"PJM Interconnection, LLC",Wind,4537
2024-01-01T02,PJM,"PJM Interconnection, LLC",Coal,14459
2024-01-01T02,PJM,"PJM Interconnection, LLC",Natural Gas,39880
2024-01-01T02,PJM,"PJM Interconnection, LLC",Nuclear,33710
2024-01-01T02,PJM,"PJM Interconnection, LLC",Petroleum,214
2024-01-01T02,PJM,"PJM Interconnection, LLC",Other,1031
2024-01-01T02,PJM,"PJM Interconnection, LLC",Solar,12
2024-01-01T02,PJM,"PJM Interconnection, LLC",Hydro,1959
2024-01-01T02,PJM,"PJM Interconnection, LLC",Wind,4602
2024-01-01T03,PJM,"PJM Interconnection, LLC",Coal,13807
2024-01-01T03,PJM,"PJM Interconnection, LLC",Natural Gas,38530
2024-01-01T03,PJM,"PJM Interconnection, LLC",Nuclear,33739
2024-01-01T03,PJM,"PJM Interconnection, LLC",Petroleum,219
2024-01-01T03,PJM,"PJM Interconnection, LLC",Other,1036
2024-01-01T03,PJM,"PJM Interconnection, LLC",Solar,12
2024-01-01T03,PJM,"PJM Interconnection, LLC",Hydro,1569
2024-01-01T03,PJM,"PJM Interconnection, LLC",Wind,4726
2024-01-01T04,PJM,"PJM Interconnection, LLC",Coal,13674
2024-01-01T04,PJM,"PJM Interconnection, LLC",Natural Gas,38908
2024-01-01T04,PJM,"PJM Interconnection, LLC",Nuclear,33697
2024-01-01T04,PJM,"PJM Interconnection, LLC",Petroleum,220
2024-01-01T04,PJM,"PJM Interconnection, LLC",Other,1030
2024-01-01T04,PJM,"PJM Interconnection, LLC",Solar,12
2024-01-01T04,PJM,"PJM Interconnection, LLC",Hydro,1510
2024-01-01T04,PJM,"PJM Interconnection, LLC",Wind,4312
2024-01-01T05,PJM,"PJM Interconnection, LLC",Coal,13521
2024-01-01T05,PJM,"PJM Interconnection, LLC",Natural Gas,37416
2024-01-01T05,PJM,"PJM Interconnection, LLC",Nuclear,32646
2024-01-01T05,PJM,"PJM Interconnection, LLC",Petroleum,219
2024-01-01T05,PJM,"PJM Interconnection, LLC",Other,1020
2024-01-01T05,PJM,"PJM Interconnection, LLC",Solar,12
2024-01-01T05,PJM,"PJM Interconnection, LLC",Hydro,1354
2024-01-01T05,PJM,"PJM Interconnection, LLC",Wind,4020
2024-01-01T06,PJM,"PJM Interconnection, LLC",Coal,13610
2024-01-01T06,PJM,"PJM Interconnection, LLC",Natural Gas,37486
2024-01-01T06,PJM,"PJM Interconnection, LLC",Nuclear,33721
2024-01-01T06,PJM,"PJM Interconnection, LLC",Petroleum,220
2024-01-01T06,PJM,"PJM Interconnection, LLC",Other,1048
2024-01-01T06,PJM,"PJM Interconnection, LLC",Solar,12
2024-01-01T06,PJM,"PJM Interconnection, LLC",Hydro,1413
2024-01-01T06,PJM,"PJM Interconnection, LLC",Wind,3805
2024-01-01T07,PJM,"PJM Interconnection, LLC",Coal,12892
2024-01-01T07,PJM,"PJM Interconnection, LLC",Natural Gas,36537
2024-01-01T07,PJM,"PJM Interconnection, LLC",Nuclear,33752
2024-01-01T07,PJM,"PJM Interconnection, LLC",Petroleum,218
2024-01-01T07,PJM,"PJM Interconnection, LLC",Other,1044
2024-01-01T07,PJM,"PJM Interconnection, LLC",Solar,12
2024-01-01T07,PJM,"PJM Interconnection, LLC",Hydro,1442
2024-01-01T07,PJM,"PJM Interconnection, LLC",Wind,3626
2024-01-01T08,PJM,"PJM Interconnection, LLC",Coal,12616
2024-01-01T08,PJM,"PJM Interconnection, LLC",Natural Gas,37214
2024-01-01T08,PJM,"PJM Interconnection, LLC",Nuclear,33746
2024-01-01T08,PJM,"PJM Interconnection, LLC",Petroleum,221
2024-01-01T08,PJM,"PJM Interconnection, LLC",Other,1036
2024-01-01T08,PJM,"PJM Interconnection, LLC",Solar,12
2024-01-01T08,PJM,"PJM Interconnection, LLC",Hydro,1434
2024-01-01T08,PJM,"PJM Interconnection, LLC",Wind,3650
2024-01-01T09,PJM,"PJM Interconnection, LLC",Coal,12373
2024-01-01T09,PJM,"PJM Interconnection, LLC",Natural Gas,36604
2024-01-01T09,PJM,"PJM Interconnection, LLC",Nuclear,33755
2024-01-01T09,PJM,"PJM Interconnection, LLC",Petroleum,226
2024-01-01T09,PJM,"PJM Interconnection, LLC",Other,1052
2024-01-01T09,PJM,"PJM Interconnection, LLC",Solar,12
2024-01-01T09,PJM,"PJM Interconnection, LLC",Hydro,1406
2024-01-01T09,PJM,"PJM Interconnection, LLC",Wind,3493
2024-01-01T10,PJM,"PJM Interconnection, LLC",Coal,12633
2024-01-01T10,PJM,"PJM Interconnection, LLC",Natural Gas,37411
2024-01-01T10,PJM,"PJM Interconnection, LLC",Nuclear,33778
2024-01-01T10,PJM,"PJM Interconnection, LLC",Petroleum,228
2024-01-01T10,PJM,"PJM Interconnection, LLC",Other,1051
2024-01-01T10,PJM,"PJM Interconnection, LLC",Solar,12
2024-01-01T10,PJM,"PJM Interconnection, LLC",Hydro,1525
2024-01-01T10,PJM,"PJM Interconnection, LLC",Wind,3218
2024-01-01T11,PJM,"PJM Interconnection, LLC",Coal,12644
2024-01-01T11,PJM,"PJM Interconnection, LLC",Natural Gas,37229
2024-01-01T11,PJM,"PJM Interconnection, LLC",Nuclear,33784
2024-01-01T11,PJM,"PJM Interconnection, LLC",Petroleum,228
2024-01-01T11,PJM,"PJM Interconnection, LLC",Other,1035
2024-01-01T11,PJM,"PJM Interconnection, LLC",Solar,12
2024-01-01T11,PJM,"PJM Interconnection, LLC",Hydro,1915
2024-01-01T11,PJM,"PJM Interconnection, LLC",Wind,3063
2024-01-01T12,PJM,"PJM Interconnection, LLC",Coal,13015
2024-01-01T12,PJM,"PJM Interconnection, LLC",Natural Gas,37635
2024-01-01T12,PJM,"PJM Interconnection, LLC",Nuclear,33770
2024-01-01T12,PJM,"PJM Interconnection, LLC",Petroleum,228
2024-01-01T12,PJM,"PJM Interconnection, LLC",Other,1053
2024-01-01T12,PJM,"PJM Interconnection, LLC",Solar,14
2024-01-01T12,PJM,"PJM Interconnection, LLC",Hydro,2134
2024-01-01T12,PJM,"PJM Interconnection, LLC",Wind,2948
2024-01-01T13,PJM,"PJM Interconnection, LLC",Coal,13321
2024-01-01T13,PJM,"PJM Interconnection, LLC",Natural Gas,38569
2024-01-01T13,PJM,"PJM Interconnection, LLC",Nuclear,33796
2024-01-01T13,PJM,"PJM Interconnection, LLC",Petroleum,225
2024-01-01T13,PJM,"PJM Interconnection, LLC",Other,1071
2024-01-01T13,PJM,"PJM Interconnection, LLC",Solar,257
2024-01-01T13,PJM,"PJM Interconnection, LLC",Hydro,2080
2024-01-01T13,PJM,"PJM Interconnection, LLC",Wind,2478
2024-01-01T14,PJM,"PJM Interconnection, LLC",Coal,13468
2024-01-01T14,PJM,"PJM Interconnection, LLC",Natural Gas,39426
2024-01-01T14,PJM,"PJM Interconnection, LLC",Nuclear,33784
2024-01-01T14,PJM,"PJM Interconnection, LLC",Petroleum,224
2024-01-01T14,PJM,"PJM Interconnection, LLC",Other,1084
2024-01-01T14,PJM,"PJM Interconnection, LLC",Solar,934
2024-01-01T14,PJM,"PJM Interconnection, LLC",Hydro,2120
2024-01-01T14,PJM,"PJM Interconnection, LLC",Wind,2094
2024-01-01T15,PJM,"PJM Interconnection, LLC",Coal,14312
2024-01-01T15,PJM,"PJM Interconnection, LLC",Natural Gas,39831
2024-01-01T15,PJM,"PJM Interconnection, LLC",Nuclear,33781
2024-01-01T15,PJM,"PJM Interconnection, LLC",Petroleum,220
2024-01-01T15,PJM,"PJM Interconnection, LLC",Other,1097
2024-01-01T15,PJM,"PJM Interconnection, LLC",Solar,1496
2024-01-01T15,PJM,"PJM Interconnection, LLC",Hydro,1379
2024-01-01T15,PJM,"PJM Interconnection, LLC",Wind,2005
2024-01-01T16,PJM,"PJM Interconnection, LLC",Coal,14562
2024-01-01T16,PJM,"PJM Interconnection, LLC",Natural Gas,39998
2024-01-01T16,PJM,"PJM Interconnection, LLC",Nuclear,33659
2024-01-01T16,PJM,"PJM Interconnection, LLC",Petroleum,218
2024-01-01T16,PJM,"PJM Interconnection, LLC",Other,1169
2024-01-01T16,PJM,"PJM Interconnection, LLC",Solar,1963
2024-01-01T16,PJM,"PJM Interconnection, LLC",Hydro,1887
2024-01-01T16,PJM,"PJM Interconnection, LLC",Wind,1713
2024-01-01T17,PJM,"PJM Interconnection, LLC",Coal,14787
2024-01-01T17,PJM,"PJM Interconnection, LLC",Natural Gas,40221
2024-01-01T17,PJM,"PJM Interconnection, LLC",Nuclear,33613
2024-01-01T17,PJM,"PJM Interconnection, LLC",Petroleum,218
2024-01-01T17,PJM,"PJM Interconnection, LLC",Other,1165
2024-01-01T17,PJM,"PJM Interconnection, LLC",Solar,1506
2024-01-01T17,PJM,"PJM Interconnection, LLC",Hydro,1926
2024-01-01T17,PJM,"PJM Interconnection, LLC",Wind,1535
2024-01-01T18,PJM,"PJM Interconnection, LLC",Coal,15269
2024-01-01T18,PJM,"PJM Interconnection, LLC",Natural Gas,40991
2024-01-01T18,PJM,"PJM Interconnection, LLC",Nuclear,33425
2024-01-01T18,PJM,"PJM Interconnection, LLC",Petroleum,217
2024-01-01T18,PJM,"PJM Interconnection, LLC",Other,1077
2024-01-01T18,PJM,"PJM Interconnection, LLC",Solar,1308
2024-01-01T18,PJM,"PJM Interconnection, LLC",Hydro,1887
2024-01-01T18,PJM,"PJM Interconnection, LLC",Wind,1630
2024-01-01T19,PJM,"PJM Interconnection, LLC",Coal,15151
2024-01-01T19,PJM,"PJM Interconnection, LLC",Natural Gas,41529
2024-01-01T19,PJM,"PJM Interconnection, LLC",Nuclear,33122
2024-01-01T19,PJM,"PJM Interconnection, LLC",Petroleum,217
2024-01-01T19,PJM,"PJM Interconnection, LLC",Other,1076
2024-01-01T19,PJM,"PJM Interconnection, LLC",Solar,982
2024-01-01T19,PJM,"PJM Interconnection, LLC",Hydro,1951
2024-01-01T19,PJM,"PJM Interconnection, LLC",Wind,1811
2024-01-01T20,PJM,"PJM Interconnection, LLC",Coal,15103
2024-01-01T20,PJM,"PJM Interconnection, LLC",Natural Gas,41622
2024-01-01T20,PJM,"PJM Interconnection, LLC",Nuclear,32896
2024-01-01T20,PJM,"PJM Interconnection, LLC",Petroleum,215
2024-01-01T20,PJM,"PJM Interconnection, LLC",Other,1078
2024-01-01T20,PJM,"PJM Interconnection, LLC",Solar,637
2024-01-01T20,PJM,"PJM Interconnection, LLC",Hydro,2546
2024-01-01T20,PJM,"PJM Interconnection, LLC",Wind,1894
2024-01-01T21,PJM,"PJM Interconnection, LLC",Coal,15638
2024-01-01T21,PJM,"PJM Interconnection, LLC",Natural Gas,43093
2024-01-01T21,PJM,"PJM Interconnection, LLC",Nuclear,32732
2024-01-01T21,PJM,"PJM Interconnection, LLC",Petroleum,215
2024-01-01T21,PJM,"PJM Interconnection, LLC",Other,1051
2024-01-01T21,PJM,"PJM Interconnection, LLC",Solar,136
2024-01-01T21,PJM,"PJM Interconnection, LLC",Hydro,3233
2024-01-01T21,PJM,"PJM Interconnection, LLC",Wind,2016
2024-01-01T22,PJM,"PJM Interconnection, LLC",Coal,16309
2024-01-01T22,PJM,"PJM Interconnection, LLC",Natural Gas,45200
2024-01-01T22,PJM,"PJM Interconnection, LLC",Nuclear,32740
2024-01-01T22,PJM,"PJM Interconnection, LLC",Petroleum,214
2024-01-01T22,PJM,"PJM Interconnection, LLC",Other,1070
2024-01-01T22,PJM,"PJM Interconnection, LLC",Solar,12
2024-01-01T22,PJM,"PJM Interconnection, LLC",Hydro,4776
2024-01-01T22,PJM,"PJM Interconnection, LLC",Wind,1865
2024-01-01T23,PJM,"PJM Interconnection, LLC",Coal,15872
2024-01-01T23,PJM,"PJM Interconnection, LLC",Natural Gas,45358
2024-01-01T23,PJM,"PJM Interconnection, LLC",Nuclear,32644
2024-01-01T23,PJM,"PJM Interconnection, LLC",Petroleum,213
2024-01-01T23,PJM,"PJM Interconnection, LLC",Other,1077
2024-01-01T23,PJM,"PJM Interconnection, LLC",Solar,12
2024-01-01T23,PJM,"PJM Interconnection, LLC",Hydro,5059
2024-01-01T23,PJM,"PJM Interconnection, LLC",Wind,1876
2024-01-02T00,PJM,"PJM Interconnection, LLC",Coal,15638
2024-01-02T00,PJM,"PJM Interconnection, LLC",Natural Gas,45068
2024-01-02T00,PJM,"PJM Interconnection, LLC",Nuclear,32626
2024-01-02T00,PJM,"PJM Interconnection, LLC",Petroleum,214
2024-01-02T00,PJM,"PJM Interconnection, LLC",Other,1072
2024-01-02T00,PJM,"PJM Interconnection, LLC",Solar,12
2024-01-02T00,PJM,"PJM Interconnection, LLC",Hydro,4084
2024-01-02T00,PJM,"PJM Interconnection, LLC",Wind,2123
2024-01-02T01,PJM,"PJM Interconnection, LLC",Coal,15758
2024-01-02T01,PJM,"PJM Interconnection, LLC",Natural Gas,44869
2024-01-02T01,PJM,"PJM Interconnection, LLC",Nuclear,32524
2024-01-02T01,PJM,"PJM Interconnection, LLC",Petroleum,214
2024-01-02T01,PJM,"PJM Interconnection, LLC",Other,1061
2024-01-02T01,PJM,"PJM Interconnection, LLC",Solar,12
2024-01-02T01,PJM,"PJM Interconnection, LLC",Hydro,3117
2024-01-02T01,PJM,"PJM Interconnection, LLC",Wind,2220
2024-01-02T02,PJM,"PJM Interconnection, LLC",Coal,15854
2024-01-02T02,PJM,"PJM Interconnection, LLC",Natural Gas,44080
2024-01-02T02,PJM,"PJM Interconnection, LLC",Nuclear,32528
2024-01-02T02,PJM,"PJM Interconnection, LLC",Petroleum,218
2024-01-02T02,PJM,"PJM Interconnection, LLC",Other,1041
2024-01-02T02,PJM,"PJM Interconnection, LLC",Solar,12
2024-01-02T02,PJM,"PJM Interconnection, LLC",Hydro,2267
2024-01-02T02,PJM,"PJM Interconnection, LLC",Wind,2357
2024-01-02T03,PJM,"PJM Interconnection, LLC",Coal,15810
2024-01-02T03,PJM,"PJM Interconnection, LLC",Natural Gas,42629
2024-01-02T03,PJM,"PJM Interconnection, LLC",Nuclear,32523
2024-01-02T03,PJM,"PJM Interconnection, LLC",Petroleum,216
2024-01-02T03,PJM,"PJM Interconnection, LLC",Other,1052
2024-01-02T03,PJM,"PJM Interconnection, LLC",Solar,12
2024-01-02T03,PJM,"PJM Interconnection, LLC",Hydro,1077
2024-01-02T03,PJM,"PJM Interconnection, LLC",Wind,2410
2024-01-02T04,PJM,"PJM Interconnection, LLC",Coal,15432
2024-01-02T04,PJM,"PJM Interconnection, LLC",Natural Gas,40656
2024-01-02T04,PJM,"PJM Interconnection, LLC",Nuclear,32519
2024-01-02T04,PJM,"PJM Interconnection, LLC",Petroleum,220
2024-01-02T04,PJM,"PJM Interconnection, LLC",Other,1050
2024-01-02T04,PJM,"PJM Interconnection, LLC",Solar,12
2024-01-02T04,PJM,"PJM Interconnection, LLC",Hydro,1087
2024-01-02T04,PJM,"PJM Interconnection, LLC",Wind,2918
2024-01-02T05,PJM,"PJM Interconnection, LLC",Coal,13655
2024-01-02T05,PJM,"PJM Interconnection, LLC",Natural Gas,37803
2024-01-02T05,PJM,"PJM Interconnection, LLC",Nuclear,33713
2024-01-02T05,PJM,"PJM Interconnection, LLC",Petroleum,222
2024-01-02T05,PJM,"PJM Interconnection, LLC",Other,1050
2024-01-02T05,PJM,"PJM Interconnection, LLC",Solar,12
2024-01-02T05,PJM,"PJM Interconnection, LLC",Hydro,1501
2024-01-02T05,PJM,"PJM Interconnection, LLC",Wind,4010
2024-01-02T06,PJM,"PJM Interconnection, LLC",Coal,13496
2024-01-02T06,PJM,"PJM Interconnection, LLC",Natural Gas,37683
2024-01-02T06,PJM,"PJM Interconnection, LLC",Nuclear,32532
2024-01-02T06,PJM,"PJM Interconnection, LLC",Petroleum,221
2024-01-02T06,PJM,"PJM Interconnection, LLC",Other,1043
2024-01-02T06,PJM,"PJM Interconnection, LLC",Solar,12
2024-01-02T06,PJM,"PJM Interconnection, LLC",Hydro,1028
2024-01-02T06,PJM,"PJM Interconnection, LLC",Wind,3947
2024-01-02T07,PJM,"PJM Interconnection, LLC",Coal,12886
2024-01-02T07,PJM,"PJM Interconnection, LLC",Natural Gas,37616
2024-01-02T07,PJM,"PJM Interconnection, LLC",Nuclear,32541
2024-01-02T07,PJM,"PJM Interconnection, LLC",Petroleum,221
2024-01-02T07,PJM,"PJM Interconnection, LLC",Other,1055
2024-01-02T07,PJM,"PJM Interconnection, LLC",Solar,12
2024-01-02T07,PJM,"PJM Interconnection, LLC",Hydro,1031
2024-01-02T07,PJM,"PJM Interconnection, LLC",Wind,4255
2024-01-02T08,PJM,"PJM Interconnection, LLC",Coal,12958
2024-01-02T08,PJM,"PJM Interconnection, LLC",Natural Gas,37720
2024-01-02T08,PJM,"PJM Interconnection, LLC",Nuclear,32542
2024-01-02T08,PJM,"PJM Interconnection, LLC",Petroleum,223
2024-01-02T08,PJM,"PJM Interconnection, LLC",Other,1058
2024-01-02T08,PJM,"PJM Interconnection, LLC",Solar,12
2024-01-02T08,PJM,"PJM Interconnection, LLC",Hydro,1020
2024-01-02T08,PJM,"PJM Interconnection, LLC",Wind,4202
2024-01-02T09,PJM,"PJM Interconnection, LLC",Coal,12685
2024-01-02T09,PJM,"PJM Interconnection, LLC",Natural Gas,37142
2024-01-02T09,PJM,"PJM Interconnection, LLC",Nuclear,32537
2024-01-02T09,PJM,"PJM Interconnection, LLC",Petroleum,223
2024-01-02T09,PJM,"PJM Interconnection, LLC",Other,1034
2024-01-02T09,PJM,"PJM Interconnection, LLC",Solar,12
2024-01-02T09,PJM,"PJM Interconnection, LLC",Hydro,1070
2024-01-02T09,PJM,"PJM Interconnection, LLC",Wind,4411
2024-01-02T10,PJM,"PJM Interconnection, LLC",Coal,13298
2024-01-02T10,PJM,"PJM Interconnection, LLC",Natural Gas,38504
2024-01-02T10,PJM,"PJM Interconnection, LLC",Nuclear,32531
2024-01-02T10,PJM,"PJM Interconnection, LLC",Petroleum,224
2024-01-02T10,PJM,"PJM Interconnection, LLC",Other,999
2024-01-02T10,PJM,"PJM Interconnection, LLC",Solar,12
2024-01-02T10,PJM,"PJM Interconnection, LLC",Hydro,2074
2024-01-02T10,PJM,"PJM Interconnection, LLC",Wind,4800
2024-01-02T11,PJM,"PJM Interconnection, LLC",Coal,13648
2024-01-02T11,PJM,"PJM Interconnection, LLC",Natural Gas,41206
2024-01-02T11,PJM,"PJM Interconnection, LLC",Nuclear,32526
2024-01-02T11,PJM,"PJM Interconnection, LLC",Petroleum,225
2024-01-02T11,PJM,"PJM Interconnection, LLC",Other,1076
2024-01-02T11,PJM,"PJM Interconnection, LLC",Solar,12
2024-01-02T11,PJM,"PJM Interconnection, LLC",Hydro,4254
2024-01-02T11,PJM,"PJM Interconnection, LLC",Wind,4863
2024-01-02T12,PJM,"PJM Interconnection, LLC",Coal,15206
2024-01-02T12,PJM,"PJM Interconnection, LLC",Natural Gas,44656
2024-01-02T12,PJM,"PJM Interconnection, LLC",Nuclear,32519
2024-01-02T12,PJM,"PJM Interconnection, LLC",Petroleum,227
2024-01-02T12,PJM,"PJM Interconnection, LLC",Other,1070
2024-01-02T12,PJM,"PJM Interconnection, LLC",Solar,13
2024-01-02T12,PJM,"PJM Interconnection, LLC",Hydro,5037
2024-01-02T12,PJM,"PJM Interconnection, LLC",Wind,5447
2024-01-02T13,PJM,"PJM Interconnection, LLC",Coal,16154
2024-01-02T13,PJM,"PJM Interconnection, LLC",Natural Gas,44896
2024-01-02T13,PJM,"PJM Interconnection, LLC",Nuclear,32545
2024-01-02T13,PJM,"PJM Interconnection, LLC",Petroleum,229
2024-01-02T13,PJM,"PJM Interconnection, LLC",Other,1138
2024-01-02T13,PJM,"PJM Interconnection, LLC",Solar,807
2024-01-02T13,PJM,"PJM Interconnection, LLC",Hydro,4579
2024-01-02T13,PJM,"PJM Interconnection, LLC",Wind,5613
2024-01-02T14,PJM,"PJM Interconnection, LLC",Coal,15936
2024-01-02T14,PJM,"PJM Interconnection, LLC",Natural Gas,44650
2024-01-02T14,PJM,"PJM Interconnection, LLC",Nuclear,32539
2024-01-02T14,PJM,"PJM Interconnection, LLC",Petroleum,225
2024-01-02T14,PJM,"PJM Interconnection, LLC",Other,1283
2024-01-02T14,PJM,"PJM Interconnection, LLC",Solar,2202
2024-01-02T14,PJM,"PJM Interconnection, LLC",Hydro,3620
2024-01-02T14,PJM,"PJM Interconnection, LLC",Wind,5688
2024-01-02T15,PJM,"PJM Interconnection, LLC",Coal,16148
2024-01-02T15,PJM,"PJM Interconnection, LLC",Natural Gas,44533
2024-01-02T15,PJM,"PJM Interconnection, LLC",Nuclear,32551
2024-01-02T15,PJM,"PJM Interconnection, LLC",Petroleum,222
2024-01-02T15,PJM,"PJM Interconnection, LLC",Other,1276
2024-01-02T15,PJM,"PJM Interconnection, LLC",Solar,2645
2024-01-02T15,PJM,"PJM Interconnection, LLC",Hydro,1581
2024-01-02T15,PJM,"PJM Interconnection, LLC",Wind,5958
2024-01-02T16,PJM,"PJM Interconnection, LLC",Coal,15207
2024-01-02T16,PJM,"PJM Interconnection, LLC",Natural Gas,42482
2024-01-02T16,PJM,"PJM Interconnection, LLC",Nuclear,32534
2024-01-02T16,PJM,"PJM Interconnection, LLC",Petroleum,219
2024-01-02T16,PJM,"PJM Interconnection, LLC",Other,1260
2024-01-02T16,PJM,"PJM Interconnection, LLC",Solar,2753
2024-01-02T16,PJM,"PJM Interconnection, LLC",Hydro,1458
2024-01-02T16,PJM,"PJM Interconnection, LLC",Wind,6715
2024-01-02T17,PJM,"PJM Interconnection, LLC",Coal,14917
2024-01-02T17,PJM,"PJM Interconnection, LLC",Natural Gas,42068
2024-01-02T17,PJM,"PJM Interconnection, LLC",Nuclear,32563
2024-01-02T17,PJM,"PJM Interconnection, LLC",Petroleum,217
2024-01-02T17,PJM,"PJM Interconnection, LLC",Other,1242
2024-01-02T17,PJM,"PJM Interconnection, LLC",Solar,2898
2024-01-02T17,PJM,"PJM Interconnection, LLC",Hydro,1155
2024-01-02T17,PJM,"PJM Interconnection, LLC",Wind,7307
2024-01-02T18,PJM,"PJM Interconnection, LLC",Coal,14977
2024-01-02T18,PJM,"PJM Interconnection, LLC",Natural Gas,42467
2024-01-02T18,PJM,"PJM Interconnection, LLC",Nuclear,32532
2024-01-02T18,PJM,"PJM Interconnection, LLC",Petroleum,212
2024-01-02T18,PJM,"PJM Interconnection, LLC",Other,1263
2024-01-02T18,PJM,"PJM Interconnection, LLC",Solar,3030
2024-01-02T18,PJM,"PJM Interconnection, LLC",Hydro,1145
2024-01-02T18,PJM,"PJM Interconnection, LLC",Wind,7233
2024-01-02T19,PJM,"PJM Interconnection, LLC",Coal,14965
2024-01-02T19,PJM,"PJM Interconnection, LLC",Natural Gas,42342
2024-01-02T19,PJM,"PJM Interconnection, LLC",Nuclear,32530
2024-01-02T19,PJM,"PJM Interconnection, LLC",Petroleum,233
2024-01-02T19,PJM,"PJM Interconnection, LLC",Other,1282
2024-01-02T19,PJM,"PJM Interconnection, LLC",Solar,2975
2024-01-02T19,PJM,"PJM Interconnection, LLC",Hydro,1135
2024-01-02T19,PJM,"PJM Interconnection, LLC",Wind,6839
2024-01-02T20,PJM,"PJM Interconnection, LLC",Coal,14872
2024-01-02T20,PJM,"PJM Interconnection, LLC",Natural Gas,42347
2024-01-02T20,PJM,"PJM Interconnection, LLC",Nuclear,32529
2024-01-02T20,PJM,"PJM Interconnection, LLC",Petroleum,214
2024-01-02T20,PJM,"PJM Interconnection, LLC",Other,1213
2024-01-02T20,PJM,"PJM Interconnection, LLC",Solar,2172
2024-01-02T20,PJM,"PJM Interconnection, LLC",Hydro,1455
2024-01-02T20,PJM,"PJM Interconnection, LLC",Wind,6693
2024-01-02T21,PJM,"PJM Interconnection, LLC",Coal,15317
2024-01-02T21,PJM,"PJM Interconnection, LLC",Natural Gas,44731
2024-01-02T21,PJM,"PJM Interconnection, LLC",Nuclear,32521
2024-01-02T21,PJM,"PJM Interconnection, LLC",Petroleum,214
2024-01-02T21,PJM,"PJM Interconnection, LLC",Other,1087
2024-01-02T21,PJM,"PJM Interconnection, LLC",Solar,454
2024-01-02T21,PJM,"PJM Interconnection, LLC",Hydro,2495
2024-01-02T21,PJM,"PJM Interconnection, LLC",Wind,5926
2024-01-02T22,PJM,"PJM Interconnection, LLC",Coal,15934
2024-01-02T22,PJM,"PJM Interconnection, LLC",Natural Gas,48034
2024-01-02T22,PJM,"PJM Interconnection, LLC",Nuclear,32523
2024-01-02T22,PJM,"PJM Interconnection, LLC",Petroleum,211
2024-01-02T22,PJM,"PJM Interconnection, LLC",Other,1079
2024-01-02T22,PJM,"PJM Interconnection, LLC",Solar,21
2024-01-02T22,PJM,"PJM Interconnection, LLC",Hydro,4760
2024-01-02T22,PJM,"PJM Interconnection, LLC",Wind,5403
2024-01-02T23,PJM,"PJM Interconnection, LLC",Coal,16907
2024-01-02T23,PJM,"PJM Interconnection, LLC",Natural Gas,48660
2024-01-02T23,PJM,"PJM Interconnection, LLC",Nuclear,32518
2024-01-02T23,PJM,"PJM Interconnection, LLC",Petroleum,210
2024-01-02T23,PJM,"PJM Interconnection, LLC",Other,1071
2024-01-02T23,PJM,"PJM Interconnection, LLC",Solar,12
2024-01-02T23,PJM,"PJM Interconnection, LLC",Hydro,6339
2024-01-02T23,PJM,"PJM Interconnection, LLC",Wind,5264
2024-01-03T00,PJM,"PJM Interconnection, LLC",Coal,17196
2024-01-03T00,PJM,"PJM Interconnection, LLC",Natural Gas,48668
2024-01-03T00,PJM,"PJM Interconnection, LLC",Nuclear,32524
2024-01-03T00,PJM,"PJM Interconnection, LLC",Petroleum,208
2024-01-03T00,PJM,"PJM Interconnection, LLC",Other,1050
2024-01-03T00,PJM,"PJM Interconnection, LLC",Solar,12
2024-01-03T00,PJM,"PJM Interconnection, LLC",Hydro,5593
2024-01-03T00,PJM,"PJM Interconnection, LLC",Wind,5267
2024-01-03T01,PJM,"PJM Interconnection, LLC",Coal,17510
2024-01-03T01,PJM,"PJM Interconnection, LLC",Natural Gas,47242
2024-01-03T01,PJM,"PJM Interconnection, LLC",Nuclear,32523
2024-01-03T01,PJM,"PJM Interconnection, LLC",Petroleum,214
2024-01-03T01,PJM,"PJM Interconnection, LLC",Other,1050
2024-01-03T01,PJM,"PJM Interconnection, LLC",Solar,12
2024-01-03T01,PJM,"PJM Interconnection, LLC",Hydro,4182
2024-01-03T01,PJM,"PJM Interconnection, LLC",Wind,5561
2024-01-03T02,PJM,"PJM Interconnection, LLC",Coal,18228
2024-01-03T02,PJM,"PJM Interconnection, LLC",Natural Gas,46556
2024-01-03T02,PJM,"PJM Interconnection, LLC",Nuclear,32523
2024-01-03T02,PJM,"PJM Interconnection, LLC",Petroleum,218
2024-01-03T02,PJM,"PJM Interconnection, LLC",Other,1046
2024-01-03T02,PJM,"PJM Interconnection, LLC",Solar,12
2024-01-03T02,PJM,"PJM Interconnection, LLC",Hydro,2201
2024-01-03T02,PJM,"PJM Interconnection, LLC",Wind,5104
2024-01-03T03,PJM,"PJM Interconnection, LLC",Coal,17465
2024-01-03T03,PJM,"PJM Interconnection, LLC",Natural Gas,44840
2024-01-03T03,PJM,"PJM Interconnection, LLC",Nuclear,32530
2024-01-03T03,PJM,"PJM Interconnection, LLC",Petroleum,220
2024-01-03T03,PJM,"PJM Interconnection, LLC",Other,1052
2024-01-03T03,PJM,"PJM Interconnection, LLC",Solar,12
2024-01-03T03,PJM,"PJM Interconnection, LLC",Hydro,1468
2024-01-03T03,PJM,"PJM Interconnection, LLC",Wind,4609
2024-01-03T04,PJM,"PJM Interconnection, LLC",Coal,16788
2024-01-03T04,PJM,"PJM Interconnection, LLC",Natural Gas,43752
2024-01-03T04,PJM,"PJM Interconnection, LLC",Nuclear,32527
2024-01-03T04,PJM,"PJM Interconnection, LLC",Petroleum,222
2024-01-03T04,PJM,"PJM Interconnection, LLC",Other,1050
2024-01-03T04,PJM,"PJM Interconnection, LLC",Solar,12
2024-01-03T04,PJM,"PJM Interconnection, LLC",Hydro,1307
2024-01-03T04,PJM,"PJM Interconnection, LLC",Wind,4074
2024-01-03T05,PJM,"PJM Interconnection, LLC",Coal,14211
2024-01-03T05,PJM,"PJM Interconnection, LLC",Natural Gas,38119
2024-01-03T05,PJM,"PJM Interconnection, LLC",Nuclear,32525
2024-01-03T05,PJM,"PJM Interconnection, LLC",Petroleum,222
2024-01-03T05,PJM,"PJM Interconnection, LLC",Other,1062
2024-01-03T05,PJM,"PJM Interconnection, LLC",Solar,12
2024-01-03T05,PJM,"PJM Interconnection, LLC",Hydro,1046
2024-01-03T05,PJM,"PJM Interconnection, LLC",Wind,3352
2024-01-03T06,PJM,"PJM Interconnection, LLC",Coal,16321
2024-01-03T06,PJM,"PJM Interconnection, LLC",Natural Gas,41837
2024-01-03T06,PJM,"PJM Interconnection, LLC",Nuclear,32527
2024-01-03T06,PJM,"PJM Interconnection, LLC",Petroleum,219
2024-01-03T06,PJM,"PJM Interconnection, LLC",Other,1048
2024-01-03T06,PJM,"PJM Interconnection, LLC",Solar,12
2024-01-03T06,PJM,"PJM Interconnection, LLC",Hydro,1056
2024-01-03T06,PJM,"PJM Interconnection, LLC",Wind,3275
2024-01-03T07,PJM,"PJM Interconnection, LLC",Coal,16638
2024-01-03T07,PJM,"PJM Interconnection, LLC",Natural Gas,42841
2024-01-03T07,PJM,"PJM Interconnection, LLC",Nuclear,32527
2024-01-03T07,PJM,"PJM Interconnection, LLC",Petroleum,230
2024-01-03T07,PJM,"PJM Interconnection, LLC",Other,1051
2024-01-03T07,PJM,"PJM Interconnection, LLC",Solar,12
2024-01-03T07,PJM,"PJM Interconnection, LLC",Hydro,1090
2024-01-03T07,PJM,"PJM Interconnection, LLC",Wind,2696
2024-01-03T08,PJM,"PJM Interconnection, LLC",Coal,16417
2024-01-03T08,PJM,"PJM Interconnection, LLC",Natural Gas,42439
2024-01-03T08,PJM,"PJM Interconnection, LLC",Nuclear,32537
2024-01-03T08,PJM,"PJM Interconnection, LLC",Petroleum,232
2024-01-03T08,PJM,"PJM Interconnection, LLC",Other,1049
2024-01-03T08,PJM,"PJM Interconnection, LLC",Solar,12
2024-01-03T08,PJM,"PJM Interconnection, LLC",Hydro,1378
2024-01-03T08,PJM,"PJM Interconnection, LLC",Wind,2512
2024-01-03T09,PJM,"PJM Interconnection, LLC",Coal,16432
2024-01-03T09,PJM,"PJM Interconnection, LLC",Natural Gas,42960
2024-01-03T09,PJM,"PJM Interconnection, LLC",Nuclear,32532
2024-01-03T09,PJM,"PJM Interconnection, LLC",Petroleum,234
2024-01-03T09,PJM,"PJM Interconnection, LLC",Other,1042
2024-01-03T09,PJM,"PJM Interconnection, LLC",Solar,12
2024-01-03T09,PJM,"PJM Interconnection, LLC",Hydro,1313
2024-01-03T09,PJM,"PJM Interconnection, LLC",Wind,2408
2024-01-03T10,PJM,"PJM Interconnection, LLC",Coal,16310
2024-01-03T10,PJM,"PJM Interconnection, LLC",Natural Gas,45204
2024-01-03T10,PJM,"PJM Interconnection, LLC",Nuclear,32526
2024-01-03T10,PJM,"PJM Interconnection, LLC",Petroleum,246
2024-01-03T10,PJM,"PJM Interconnection, LLC",Other,1062
2024-01-03T10,PJM,"PJM Interconnection, LLC",Solar,12
2024-01-03T10,PJM,"PJM Interconnection, LLC",Hydro,1752
2024-01-03T10,PJM,"PJM Interconnection, LLC",Wind,2089
2024-01-03T11,PJM,"PJM Interconnection, LLC",Coal,16387
2024-01-03T11,PJM,"PJM Interconnection, LLC",Natural Gas,48742
2024-01-03T11,PJM,"PJM Interconnection, LLC",Nuclear,32531
2024-01-03T11,PJM,"PJM Interconnection, LLC",Petroleum,380
2024-01-03T11,PJM,"PJM Interconnection, LLC",Other,1049
2024-01-03T11,PJM,"PJM Interconnection, LLC",Solar,12
2024-01-03T11,PJM,"PJM Interconnection, LLC",Hydro,4601
2024-01-03T11,PJM,"PJM Interconnection, LLC",Wind,1849
2024-01-03T12,PJM,"PJM Interconnection, LLC",Coal,17880
2024-01-03T12,PJM,"PJM Interconnection, LLC",Natural Gas,52042
2024-01-03T12,PJM,"PJM Interconnection, LLC",Nuclear,32522
2024-01-03T12,PJM,"PJM Interconnection, LLC",Petroleum,403
2024-01-03T12,PJM,"PJM Interconnection, LLC",Other,1055
2024-01-03T12,PJM,"PJM Interconnection, LLC",Solar,12
2024-01-03T12,PJM,"PJM Interconnection, LLC",Hydro,5693
2024-01-03T12,PJM,"PJM Interconnection, LLC",Wind,1608
2024-01-03T13,PJM,"PJM Interconnection, LLC",Coal,18936
2024-01-03T13,PJM,"PJM Interconnection, LLC",Natural Gas,52300
2024-01-03T13,PJM,"PJM Interconnection, LLC",Nuclear,32513
2024-01-03T13,PJM,"PJM Interconnection, LLC",Petroleum,409
2024-01-03T13,PJM,"PJM Interconnection, LLC",Other,1144
2024-01-03T13,PJM,"PJM Interconnection, LLC",Solar,975
2024-01-03T13,PJM,"PJM Interconnection, LLC",Hydro,4471
2024-01-03T13,PJM,"PJM Interconnection, LLC",Wind,1564
2024-01-03T14,PJM,"PJM Interconnection, LLC",Coal,17950
2024-01-03T14,PJM,"PJM Interconnection, LLC",Natural Gas,49828
2024-01-03T14,PJM,"PJM Interconnection, LLC",Nuclear,32534
2024-01-03T14,PJM,"PJM Interconnection, LLC",Petroleum,456
2024-01-03T14,PJM,"PJM Interconnection, LLC",Other,1207
2024-01-03T14,PJM,"PJM Interconnection, LLC",Solar,2914
2024-01-03T14,PJM,"PJM Interconnection, LLC",Hydro,2738
2024-01-03T14,PJM,"PJM Interconnection, LLC",Wind,1450
2024-01-03T15,PJM,"PJM Interconnection, LLC",Coal,17468
2024-01-03T15,PJM,"PJM Interconnection, LLC",Natural Gas,46118
2024-01-03T15,PJM,"PJM Interconnection, LLC",Nuclear,32536
2024-01-03T15,PJM,"PJM Interconnection, LLC",Petroleum,617
2024-01-03T15,PJM,"PJM Interconnection, LLC",Other,1231
2024-01-03T15,PJM,"PJM Interconnection, LLC",Solar,3372
2024-01-03T15,PJM,"PJM Interconnection, LLC",Hydro,1272
2024-01-03T15,PJM,"PJM Interconnection, LLC",Wind,1054
2024-01-03T16,PJM,"PJM Interconnection, LLC",Coal,16867
2024-01-03T16,PJM,"PJM Interconnection, LLC",Natural Gas,46307
2024-01-03T16,PJM,"PJM Interconnection, LLC",Nuclear,32522
2024-01-03T16,PJM,"PJM Interconnection, LLC",Petroleum,534
2024-01-03T16,PJM,"PJM Interconnection, LLC",Other,1206
2024-01-03T16,PJM,"PJM Interconnection, LLC",Solar,3346
2024-01-03T16,PJM,"PJM Interconnection, LLC",Hydro,1330
2024-01-03T16,PJM,"PJM Interconnection, LLC",Wind,904
2024-01-03T17,PJM,"PJM Interconnection, LLC",Coal,16366
2024-01-03T17,PJM,"PJM Interconnection, LLC",Natural Gas,45421
2024-01-03T17,PJM,"PJM Interconnection, LLC",Nuclear,32499
2024-01-03T17,PJM,"PJM Interconnection, LLC",Petroleum,522
2024-01-03T17,PJM,"PJM Interconnection, LLC",Other,1241
2024-01-03T17,PJM,"PJM Interconnection, LLC",Solar,3210
2024-01-03T17,PJM,"PJM Interconnection, LLC",Hydro,1269
2024-01-03T17,PJM,"PJM Interconnection, LLC",Wind,965
2024-01-03T18,PJM,"PJM Interconnection, LLC",Coal,16911
2024-01-03T18,PJM,"PJM Interconnection, LLC",Natural Gas,45315
2024-01-03T18,PJM,"PJM Interconnection, LLC",Nuclear,32524
2024-01-03T18,PJM,"PJM Interconnection, LLC",Petroleum,524
2024-01-03T18,PJM,"PJM Interconnection, LLC",Other,1258
2024-01-03T18,PJM,"PJM Interconnection, LLC",Solar,3151
2024-01-03T18,PJM,"PJM Interconnection, LLC",Hydro,1241
2024-01-03T18,PJM,"PJM Interconnection, LLC",Wind,1278
2024-01-03T19,PJM,"PJM Interconnection, LLC",Coal,16813
2024-01-03T19,PJM,"PJM Interconnection, LLC",Natural Gas,45570
2024-01-03T19,PJM,"PJM Interconnection, LLC",Nuclear,32506
2024-01-03T19,PJM,"PJM Interconnection, LLC",Petroleum,521
2024-01-03T19,PJM,"PJM Interconnection, LLC",Other,1186
2024-01-03T19,PJM,"PJM Interconnection, LLC",Solar,2544
2024-01-03T19,PJM,"PJM Interconnection, LLC",Hydro,1230
2024-01-03T19,PJM,"PJM Interconnection, LLC",Wind,1467
2024-01-03T20,PJM,"PJM Interconnection, LLC",Coal,16652
2024-01-03T20,PJM,"PJM Interconnection, LLC",Natural Gas,45433
2024-01-03T20,PJM,"PJM Interconnection, LLC",Nuclear,32511
2024-01-03T20,PJM,"PJM Interconnection, LLC",Petroleum,520
2024-01-03T20,PJM,"PJM Interconnection, LLC",Other,1116
2024-01-03T20,PJM,"PJM Interconnection, LLC",Solar,1202
2024-01-03T20,PJM,"PJM Interconnection, LLC",Hydro,2029
2024-01-03T20,PJM,"PJM Interconnection, LLC",Wind,1410
2024-01-03T21,PJM,"PJM Interconnection, LLC",Coal,16903
2024-01-03T21,PJM,"PJM Interconnection, LLC",Natural Gas,47228
2024-01-03T21,PJM,"PJM Interconnection, LLC",Nuclear,32515
2024-01-03T21,PJM,"PJM Interconnection, LLC",Petroleum,519
2024-01-03T21,PJM,"PJM Interconnection, LLC",Other,1039
2024-01-03T21,PJM,"PJM Interconnection, LLC",Solar,158
2024-01-03T21,PJM,"PJM Interconnection, LLC",Hydro,2966
2024-01-03T21,PJM,"PJM Interconnection, LLC",Wind,1324
2024-01-03T22,PJM,"PJM Interconnection, LLC",Coal,17378
2024-01-03T22,PJM,"PJM Interconnection, LLC",Natural Gas,50438
2024-01-03T22,PJM,"PJM Interconnection, LLC",Nuclear,32512
2024-01-03T22,PJM,"PJM Interconnection, LLC",Petroleum,524
2024-01-03T22,PJM,"PJM Interconnection, LLC",Other,1060
2024-01-03T22,PJM,"PJM Interconnection, LLC",Solar,20
2024-01-03T22,PJM,"PJM Interconnection, LLC",Hydro,4090
2024-01-03T22,PJM,"PJM Interconnection, LLC",Wind,1338
2024-01-03T23,PJM,"PJM Interconnection, LLC",Coal,17509
2024-01-03T23,PJM,"PJM Interconnection, LLC",Natural Gas,50313
2024-01-03T23,PJM,"PJM Interconnection, LLC",Nuclear,32512
2024-01-03T23,PJM,"PJM Interconnection, LLC",Petroleum,521
2024-01-03T23,PJM,"PJM Interconnection, LLC",Other,1063
2024-01-03T23,PJM,"PJM Interconnection, LLC",Solar,20
2024-01-03T23,PJM,"PJM Interconnection, LLC",Hydro,4911
2024-01-03T23,PJM,"PJM Interconnection, LLC",Wind,1379
2024-01-04T00,PJM,"PJM Interconnection, LLC",Coal,18175
2024-01-04T00,PJM,"PJM Interconnection, LLC",Natural Gas,49962
2024-01-04T00,PJM,"PJM Interconnection, LLC",Nuclear,32505
2024-01-04T00,PJM,"PJM Interconnection, LLC",Petroleum,518
2024-01-04T00,PJM,"PJM Interconnection, LLC",Other,1056
2024-01-04T00,PJM,"PJM Interconnection, LLC",Solar,12
2024-01-04T00,PJM,"PJM Interconnection, LLC",Hydro,4013
2024-01-04T00,PJM,"PJM Interconnection, LLC",Wind,1620
2024-01-04T01,PJM,"PJM Interconnection, LLC",Coal,19077
2024-01-04T01,PJM,"PJM Interconnection, LLC",Natural Gas,48688
2024-01-04T01,PJM,"PJM Interconnection, LLC",Nuclear,32511
2024-01-04T01,PJM,"PJM Interconnection, LLC",Petroleum,522
2024-01-04T01,PJM,"PJM Interconnection, LLC",Other,1053
2024-01-04T01,PJM,"PJM Interconnection, LLC",Solar,12
2024-01-04T01,PJM,"PJM Interconnection, LLC",Hydro,3031
2024-01-04T01,PJM,"PJM Interconnection, LLC",Wind,1798
2024-01-04T02,PJM,"PJM Interconnection, LLC",Coal,19429
2024-01-04T02,PJM,"PJM Interconnection, LLC",Natural Gas,47213
2024-01-04T02,PJM,"PJM Interconnection, LLC",Nuclear,32510
2024-01-04T02,PJM,"PJM Interconnection, LLC",Petroleum,524
2024-01-04T02,PJM,"PJM Interconnection, LLC",Other,1054
2024-01-04T02,PJM,"PJM Interconnection, LLC",Solar,12
2024-01-04T02,PJM,"PJM Interconnection, LLC",Hydro,1960
2024-01-04T02,PJM,"PJM Interconnection, LLC",Wind,2008
2024-01-04T03,PJM,"PJM Interconnection, LLC",Coal,18654
2024-01-04T03,PJM,"PJM Interconnection, LLC",Natural Gas,44482
2024-01-04T03,PJM,"PJM Interconnection, LLC",Nuclear,32521
2024-01-04T03,PJM,"PJM Interconnection, LLC",Petroleum,526
2024-01-04T03,PJM,"PJM Interconnection, LLC",Other,1050
2024-01-04T03,PJM,"PJM Interconnection, LLC",Solar,12
2024-01-04T03,PJM,"PJM Interconnection, LLC",Hydro,1151
2024-01-04T03,PJM,"PJM Interconnection, LLC",Wind,2145
2024-01-04T04,PJM,"PJM Interconnection, LLC",Coal,17857
2024-01-04T04,PJM,"PJM Interconnection, LLC",Natural Gas,43607
2024-01-04T04,PJM,"PJM Interconnection, LLC",Nuclear,32526
2024-01-04T04,PJM,"PJM Interconnection, LLC",Petroleum,529
2024-01-04T04,PJM,"PJM Interconnection, LLC",Other,1051
2024-01-04T04,PJM,"PJM Interconnection, LLC",Solar,12
2024-01-04T04,PJM,"PJM Interconnection, LLC",Hydro,1143
2024-01-04T04,PJM,"PJM Interconnection, LLC",Wind,2192
2024-01-04T05,PJM,"PJM Interconnection, LLC",Coal,16190
2024-01-04T05,PJM,"PJM Interconnection, LLC",Natural Gas,42713
2024-01-04T05,PJM,"PJM Interconnection, LLC",Nuclear,32546
2024-01-04T05,PJM,"PJM Interconnection, LLC",Petroleum,232
2024-01-04T05,PJM,"PJM Interconnection, LLC",Other,1047
2024-01-04T05,PJM,"PJM Interconnection, LLC",Solar,12
2024-01-04T05,PJM,"PJM Interconnection, LLC",Hydro,1204
2024-01-04T05,PJM,"PJM Interconnection, LLC",Wind,3606
2024-01-04T06,PJM,"PJM Interconnection, LLC",Coal,16331
2024-01-04T06,PJM,"PJM Interconnection, LLC",Natural Gas,41940
2024-01-04T06,PJM,"PJM Interconnection, LLC",Nuclear,32515
2024-01-04T06,PJM,"PJM Interconnection, LLC",Petroleum,222
2024-01-04T06,PJM,"PJM Interconnection, LLC",Other,1069
2024-01-04T06,PJM,"PJM Interconnection, LLC",Solar,12
2024-01-04T06,PJM,"PJM Interconnection, LLC",Hydro,1228
2024-01-04T06,PJM,"PJM Interconnection, LLC",Wind,2000
2024-01-04T07,PJM,"PJM Interconnection, LLC",Coal,16007
2024-01-04T07,PJM,"PJM Interconnection, LLC",Natural Gas,41950
2024-01-04T07,PJM,"PJM Interconnection, LLC",Nuclear,32511
2024-01-04T07,PJM,"PJM Interconnection, LLC",Petroleum,223
2024-01-04T07,PJM,"PJM Interconnection, LLC",Other,1063
2024-01-04T07,PJM,"PJM Interconnection, LLC",Solar,12
2024-01-04T07,PJM,"PJM Interconnection, LLC",Hydro,1233
2024-01-04T07,PJM,"PJM Interconnection, LLC",Wind,1519
2024-01-04T08,PJM,"PJM Interconnection, LLC",Coal,15846
2024-01-04T08,PJM,"PJM Interconnection, LLC",Natural Gas,41228
2024-01-04T08,PJM,"PJM Interconnection, LLC",Nuclear,32522
2024-01-04T08,PJM,"PJM Interconnection, LLC",Petroleum,222
2024-01-04T08,PJM,"PJM Interconnection, LLC",Other,1058
2024-01-04T08,PJM,"PJM Interconnection, LLC",Solar,12
2024-01-04T08,PJM,"PJM Interconnection, LLC",Hydro,1164
2024-01-04T08,PJM,"PJM Interconnection, LLC",Wind,1876
2024-01-04T09,PJM,"PJM Interconnection, LLC",Coal,16021
2024-01-04T09,PJM,"PJM Interconnection, LLC",Natural Gas,42126
2024-01-04T09,PJM,"PJM Interconnection, LLC",Nuclear,32519
2024-01-04T09,PJM,"PJM Interconnection, LLC",Petroleum,222
2024-01-04T09,PJM,"PJM Interconnection, LLC",Other,1059
2024-01-04T09,PJM,"PJM Interconnection, LLC",Solar,12
2024-01-04T09,PJM,"PJM Interconnection, LLC",Hydro,1211
2024-01-04T09,PJM,"PJM Interconnection, LLC",Wind,2144
2024-01-04T10,PJM,"PJM Interconnection, LLC",Coal,16037
2024-01-04T10,PJM,"PJM Interconnection, LLC",Natural Gas,43123
2024-01-04T10,PJM,"PJM Interconnection, LLC",Nuclear,32515
2024-01-04T10,PJM,"PJM Interconnection, LLC",Petroleum,224
2024-01-04T10,PJM,"PJM Interconnection, LLC",Other,1062
2024-01-04T10,PJM,"PJM Interconnection, LLC",Solar,12
2024-01-04T10,PJM,"PJM Interconnection, LLC",Hydro,1202
2024-01-04T10,PJM,"PJM Interconnection, LLC",Wind,1739
2024-01-04T11,PJM,"PJM Interconnection, LLC",Coal,16480
2024-01-04T11,PJM,"PJM Interconnection, LLC",Natural Gas,48490
2024-01-04T11,PJM,"PJM Interconnection, LLC",Nuclear,32519
2024-01-04T11,PJM,"PJM Interconnection, LLC",Petroleum,225
2024-01-04T11,PJM,"PJM Interconnection, LLC",Other,1079
2024-01-04T11,PJM,"PJM Interconnection, LLC",Solar,12
2024-01-04T11,PJM,"PJM Interconnection, LLC",Hydro,2003
2024-01-04T11,PJM,"PJM Interconnection, LLC",Wind,1460
2024-01-04T12,PJM,"PJM Interconnection, LLC",Coal,16886
2024-01-04T12,PJM,"PJM Interconnection, LLC",Natural Gas,49091
2024-01-04T12,PJM,"PJM Interconnection, LLC",Nuclear,32511
2024-01-04T12,PJM,"PJM Interconnection, LLC",Petroleum,221
2024-01-04T12,PJM,"PJM Interconnection, LLC",Other,1080
2024-01-04T12,PJM,"PJM Interconnection, LLC",Solar,12
2024-01-04T12,PJM,"PJM Interconnection, LLC",Hydro,5024
2024-01-04T12,PJM,"PJM Interconnection, LLC",Wind,1505
2024-01-04T13,PJM,"PJM Interconnection, LLC",Coal,17690
2024-01-04T13,PJM,"PJM Interconnection, LLC",Natural Gas,50268
2024-01-04T13,PJM,"PJM Interconnection, LLC",Nuclear,32510
2024-01-04T13,PJM,"PJM Interconnection, LLC",Petroleum,222
2024-01-04T13,PJM,"PJM Interconnection, LLC",Other,1109
2024-01-04T13,PJM,"PJM Interconnection, LLC",Solar,434
2024-01-04T13,PJM,"PJM Interconnection, LLC",Hydro,4703
2024-01-04T13,PJM,"PJM Interconnection, LLC",Wind,1735
2024-01-04T14,PJM,"PJM Interconnection, LLC",Coal,18004
2024-01-04T14,PJM,"PJM Interconnection, LLC",Natural Gas,50787
2024-01-04T14,PJM,"PJM Interconnection, LLC",Nuclear,32513
2024-01-04T14,PJM,"PJM Interconnection, LLC",Petroleum,223
2024-01-04T14,PJM,"PJM Interconnection, LLC",Other,1172
2024-01-04T14,PJM,"PJM Interconnection, LLC",Solar,1253
2024-01-04T14,PJM,"PJM Interconnection, LLC",Hydro,3025
2024-01-04T14,PJM,"PJM Interconnection, LLC",Wind,1774
2024-01-04T15,PJM,"PJM Interconnection, LLC",Coal,19016
2024-01-04T15,PJM,"PJM Interconnection, LLC",Natural Gas,50837
2024-01-04T15,PJM,"PJM Interconnection, LLC",Nuclear,32499
2024-01-04T15,PJM,"PJM Interconnection, LLC",Petroleum,232
2024-01-04T15,PJM,"PJM Interconnection, LLC",Other,1139
2024-01-04T15,PJM,"PJM Interconnection, LLC",Solar,1574
2024-01-04T15,PJM,"PJM Interconnection, LLC",Hydro,1546
2024-01-04T15,PJM,"PJM Interconnection, LLC",Wind,1691
2024-01-04T16,PJM,"PJM Interconnection, LLC",Coal,18395
2024-01-04T16,PJM,"PJM Interconnection, LLC",Natural Gas,48976
2024-01-04T16,PJM,"PJM Interconnection, LLC",Nuclear,32509
2024-01-04T16,PJM,"PJM Interconnection, LLC",Petroleum,223
2024-01-04T16,PJM,"PJM Interconnection, LLC",Other,1134
2024-01-04T16,PJM,"PJM Interconnection, LLC",Solar,1704
2024-01-04T16,PJM,"PJM Interconnection, LLC",Hydro,1546
2024-01-04T16,PJM,"PJM Interconnection, LLC",Wind,1733
2024-01-04T17,PJM,"PJM Interconnection, LLC",Coal,18174
2024-01-04T17,PJM,"PJM Interconnection, LLC",Natural Gas,47725
2024-01-04T17,PJM,"PJM Interconnection, LLC",Nuclear,32501
2024-01-04T17,PJM,"PJM Interconnection, LLC",Petroleum,215
2024-01-04T17,PJM,"PJM Interconnection, LLC",Other,1177
2024-01-04T17,PJM,"PJM Interconnection, LLC",Solar,1848
2024-01-04T17,PJM,"PJM Interconnection, LLC",Hydro,1560
2024-01-04T17,PJM,"PJM Interconnection, LLC",Wind,1624
2024-01-04T18,PJM,"PJM Interconnection, LLC",Coal,18892
2024-01-04T18,PJM,"PJM Interconnection, LLC",Natural Gas,48339
2024-01-04T18,PJM,"PJM Interconnection, LLC",Nuclear,32506
2024-01-04T18,PJM,"PJM Interconnection, LLC",Petroleum,219
2024-01-04T18,PJM,"PJM Interconnection, LLC",Other,1142
2024-01-04T18,PJM,"PJM Interconnection, LLC",Solar,1792
2024-01-04T18,PJM,"PJM Interconnection, LLC",Hydro,1485
2024-01-04T18,PJM,"PJM Interconnection, LLC",Wind,1627
2024-01-04T19,PJM,"PJM Interconnection, LLC",Coal,18377
2024-01-04T19,PJM,"PJM Interconnection, LLC",Natural Gas,48052
2024-01-04T19,PJM,"PJM Interconnection, LLC",Nuclear,32516
2024-01-04T19,PJM,"PJM Interconnection, LLC",Petroleum,216
2024-01-04T19,PJM,"PJM Interconnection, LLC",Other,1118
2024-01-04T19,PJM,"PJM Interconnection, LLC",Solar,1823
2024-01-04T19,PJM,"PJM Interconnection, LLC",Hydro,1484
2024-01-04T19,PJM,"PJM Interconnection, LLC",Wind,1541
2024-01-04T20,PJM,"PJM Interconnection, LLC",Coal,17886
2024-01-04T20,PJM,"PJM Interconnection, LLC",Natural Gas,47788
2024-01-04T20,PJM,"PJM Interconnection, LLC",Nuclear,32509
2024-01-04T20,PJM,"PJM Interconnection, LLC",Petroleum,217
2024-01-04T20,PJM,"PJM Interconnection, LLC",Other,1081
2024-01-04T20,PJM,"PJM Interconnection, LLC",Solar,1762
2024-01-04T20,PJM,"PJM Interconnection, LLC",Hydro,1777
2024-01-04T20,PJM,"PJM Interconnection, LLC",Wind,1442
2024-01-04T21,PJM,"PJM Interconnection, LLC",Coal,17803
2024-01-04T21,PJM,"PJM Interconnection, LLC",Natural Gas,48716
2024-01-04T21,PJM,"PJM Interconnection, LLC",Nuclear,32524
2024-01-04T21,PJM,"PJM Interconnection, LLC",Petroleum,216
2024-01-04T21,PJM,"PJM Interconnection, LLC",Other,1610
2024-01-04T21,PJM,"PJM Interconnection, LLC",Solar,564
2024-01-04T21,PJM,"PJM Interconnection, LLC",Hydro,2512
2024-01-04T21,PJM,"PJM Interconnection, LLC",Wind,1334
2024-01-04T22,PJM,"PJM Interconnection, LLC",Coal,17659
2024-01-04T22,PJM,"PJM Interconnection, LLC",Natural Gas,50470
2024-01-04T22,PJM,"PJM Interconnection, LLC",Nuclear,32498
2024-01-04T22,PJM,"PJM Interconnection, LLC",Petroleum,215
2024-01-04T22,PJM,"PJM Interconnection, LLC",Other,1595
2024-01-04T22,PJM,"PJM Interconnection, LLC",Solar,16
2024-01-04T22,PJM,"PJM Interconnection, LLC",Hydro,5715
2024-01-04T22,PJM,"PJM Interconnection, LLC",Wind,1379
2024-01-04T23,PJM,"PJM Interconnection, LLC",Coal,18985
2024-01-04T23,PJM,"PJM Interconnection, LLC",Natural Gas,52157
2024-01-04T23,PJM,"PJM Interconnection, LLC",Nuclear,32505
2024-01-04T23,PJM,"PJM Interconnection, LLC",Petroleum,211
2024-01-04T23,PJM,"PJM Interconnection, LLC",Other,1530
2024-01-04T23,PJM,"PJM Interconnection, LLC",Solar,16
2024-01-04T23,PJM,"PJM Interconnection, LLC",Hydro,5733
2024-01-04T23,PJM,"PJM Interconnection, LLC",Wind,1376
2024-01-05T00,PJM,"PJM Interconnection, LLC",Coal,19453
2024-01-05T00,PJM,"PJM Interconnection, LLC",Natural Gas,52111
2024-01-05T00,PJM,"PJM Interconnection, LLC",Nuclear,32497
2024-01-05T00,PJM,"PJM Interconnection, LLC",Petroleum,213
2024-01-05T00,PJM,"PJM Interconnection, LLC",Other,1604
2024-01-05T00,PJM,"PJM Interconnection, LLC",Solar,16
2024-01-05T00,PJM,"PJM Interconnection, LLC",Hydro,5350
2024-01-05T00,PJM,"PJM Interconnection, LLC",Wind,1353
2024-01-05T01,PJM,"PJM Interconnection, LLC",Coal,19829
2024-01-05T01,PJM,"PJM Interconnection, LLC",Natural Gas,51112
2024-01-05T01,PJM,"PJM Interconnection, LLC",Nuclear,32497
2024-01-05T01,PJM,"PJM Interconnection, LLC",Petroleum,215
2024-01-05T01,PJM,"PJM Interconnection, LLC",Other,1603
2024-01-05T01,PJM,"PJM Interconnection, LLC",Solar,16
2024-01-05T01,PJM,"PJM Interconnection, LLC",Hydro,5202
2024-01-05T01,PJM,"PJM Interconnection, LLC",Wind,1450
2024-01-05T02,PJM,"PJM Interconnection, LLC",Coal,19849
2024-01-05T02,PJM,"PJM Interconnection, LLC",Natural Gas,50521
2024-01-05T02,PJM,"PJM Interconnection, LLC",Nuclear,32505
2024-01-05T02,PJM,"PJM Interconnection, LLC",Petroleum,216
2024-01-05T02,PJM,"PJM Interconnection, LLC",Other,1592
2024-01-05T02,PJM,"PJM Interconnection, LLC",Solar,16
2024-01-05T02,PJM,"PJM Interconnection, LLC",Hydro,4448
2024-01-05T02,PJM,"PJM Interconnection, LLC",Wind,1406
2024-01-05T03,PJM,"PJM Interconnection, LLC",Coal,20331
2024-01-05T03,PJM,"PJM Interconnection, LLC",Natural Gas,49737
2024-01-05T03,PJM,"PJM Interconnection, LLC",Nuclear,32491
2024-01-05T03,PJM,"PJM Interconnection, LLC",Petroleum,220
2024-01-05T03,PJM,"PJM Interconnection, LLC",Other,1052
2024-01-05T03,PJM,"PJM Interconnection, LLC",Solar,16
2024-01-05T03,PJM,"PJM Interconnection, LLC",Hydro,1658
2024-01-05T03,PJM,"PJM Interconnection, LLC",Wind,1406
2024-01-05T04,PJM,"PJM Interconnection, LLC",Coal,20726
2024-01-05T04,PJM,"PJM Interconnection, LLC",Natural Gas,47349
2024-01-05T04,PJM,"PJM Interconnection, LLC",Nuclear,32509
2024-01-05T04,PJM,"PJM Interconnection, LLC",Petroleum,218
2024-01-05T04,PJM,"PJM Interconnection, LLC",Other,1053
2024-01-05T04,PJM,"PJM Interconnection, LLC",Solar,16
2024-01-05T04,PJM,"PJM Interconnection, LLC",Hydro,1369
2024-01-05T04,PJM,"PJM Interconnection, LLC",Wind,1416
2024-01-05T05,PJM,"PJM Interconnection, LLC",Coal,16923
2024-01-05T05,PJM,"PJM Interconnection, LLC",Natural Gas,41461
2024-01-05T05,PJM,"PJM Interconnection, LLC",Nuclear,32522
2024-01-05T05,PJM,"PJM Interconnection, LLC",Petroleum,222
2024-01-05T05,PJM,"PJM Interconnection, LLC",Other,1072
2024-01-05T05,PJM,"PJM Interconnection, LLC",Solar,12
2024-01-05T05,PJM,"PJM Interconnection, LLC",Hydro,1246
2024-01-05T05,PJM,"PJM Interconnection, LLC",Wind,2238
2024-01-05T06,PJM,"PJM Interconnection, LLC",Coal,19232
2024-01-05T06,PJM,"PJM Interconnection, LLC",Natural Gas,45365
2024-01-05T06,PJM,"PJM Interconnection, LLC",Nuclear,32496
2024-01-05T06,PJM,"PJM Interconnection, LLC",Petroleum,221
2024-01-05T06,PJM,"PJM Interconnection, LLC",Other,1058
2024-01-05T06,PJM,"PJM Interconnection, LLC",Solar,16
2024-01-05T06,PJM,"PJM Interconnection, LLC",Hydro,1151
2024-01-05T06,PJM,"PJM Interconnection, LLC",Wind,1630
2024-01-05T07,PJM,"PJM Interconnection, LLC",Coal,18915
2024-01-05T07,PJM,"PJM Interconnection, LLC",Natural Gas,45022
2024-01-05T07,PJM,"PJM Interconnection, LLC",Nuclear,32487
2024-01-05T07,PJM,"PJM Interconnection, LLC",Petroleum,222
2024-01-05T07,PJM,"PJM Interconnection, LLC",Other,1056
2024-01-05T07,PJM,"PJM Interconnection, LLC",Solar,18
2024-01-05T07,PJM,"PJM Interconnection, LLC",Hydro,1154
2024-01-05T07,PJM,"PJM Interconnection, LLC",Wind,1747
2024-01-05T08,PJM,"PJM Interconnection, LLC",Coal,18666
2024-01-05T08,PJM,"PJM Interconnection, LLC",Natural Gas,45306
2024-01-05T08,PJM,"PJM Interconnection, LLC",Nuclear,32504
2024-01-05T08,PJM,"PJM Interconnection, LLC",Petroleum,224
2024-01-05T08,PJM,"PJM Interconnection, LLC",Other,1045
2024-01-05T08,PJM,"PJM Interconnection, LLC",Solar,16
2024-01-05T08,PJM,"PJM Interconnection, LLC",Hydro,1047
2024-01-05T08,PJM,"PJM Interconnection, LLC",Wind,1940
2024-01-05T09,PJM,"PJM Interconnection, LLC",Coal,17965
2024-01-05T09,PJM,"PJM Interconnection, LLC",Natural Gas,45547
2024-01-05T09,PJM,"PJM Interconnection, LLC",Nuclear,32519
2024-01-05T09,PJM,"PJM Interconnection, LLC",Petroleum,228
2024-01-05T09,PJM,"PJM Interconnection, LLC",Other,1044
2024-01-05T09,PJM,"PJM Interconnection, LLC",Solar,16
2024-01-05T09,PJM,"PJM Interconnection, LLC",Hydro,1828
2024-01-05T09,PJM,"PJM Interconnection, LLC",Wind,2460
2024-01-05T10,PJM,"PJM Interconnection, LLC",Coal,18159
2024-01-05T10,PJM,"PJM Interconnection, LLC",Natural Gas,48276
2024-01-05T10,PJM,"PJM Interconnection, LLC",Nuclear,32523
2024-01-05T10,PJM,"PJM Interconnection, LLC",Petroleum,230
2024-01-05T10,PJM,"PJM Interconnection, LLC",Other,1783
2024-01-05T10,PJM,"PJM Interconnection, LLC",Solar,16
2024-01-05T10,PJM,"PJM Interconnection, LLC",Hydro,2345
2024-01-05T10,PJM,"PJM Interconnection, LLC",Wind,2800
2024-01-05T11,PJM,"PJM Interconnection, LLC",Coal,18575
2024-01-05T11,PJM,"PJM Interconnection, LLC",Natural Gas,51873
2024-01-05T11,PJM,"PJM Interconnection, LLC",Nuclear,32523
2024-01-05T11,PJM,"PJM Interconnection, LLC",Petroleum,229
2024-01-05T11,PJM,"PJM Interconnection, LLC",Other,1792
2024-01-05T11,PJM,"PJM Interconnection, LLC",Solar,18
2024-01-05T11,PJM,"PJM Interconnection, LLC",Hydro,4286
2024-01-05T11,PJM,"PJM Interconnection, LLC",Wind,2592
2024-01-05T12,PJM,"PJM Interconnection, LLC",Coal,19969
2024-01-05T12,PJM,"PJM Interconnection, LLC",Natural Gas,53853
2024-01-05T12,PJM,"PJM Interconnection, LLC",Nuclear,32520
2024-01-05T12,PJM,"PJM Interconnection, LLC",Petroleum,228
2024-01-05T12,PJM,"PJM Interconnection, LLC",Other,1793
2024-01-05T12,PJM,"PJM Interconnection, LLC",Solar,18
2024-01-05T12,PJM,"PJM Interconnection, LLC",Hydro,5799
2024-01-05T12,PJM,"PJM Interconnection, LLC",Wind,2233
2024-01-05T13,PJM,"PJM Interconnection, LLC",Coal,21204
2024-01-05T13,PJM,"PJM Interconnection, LLC",Natural Gas,52980
2024-01-05T13,PJM,"PJM Interconnection, LLC",Nuclear,32524
2024-01-05T13,PJM,"PJM Interconnection, LLC",Petroleum,244
2024-01-05T13,PJM,"PJM Interconnection, LLC",Other,1856
2024-01-05T13,PJM,"PJM Interconnection, LLC",Solar,1034
2024-01-05T13,PJM,"PJM Interconnection, LLC",Hydro,5157
2024-01-05T13,PJM,"PJM Interconnection, LLC",Wind,2072
2024-01-05T14,PJM,"PJM Interconnection, LLC",Coal,19974
2024-01-05T14,PJM,"PJM Interconnection, LLC",Natural Gas,50119
2024-01-05T14,PJM,"PJM Interconnection, LLC",Nuclear,32522
2024-01-05T14,PJM,"PJM Interconnection, LLC",Petroleum,224
2024-01-05T14,PJM,"PJM Interconnection, LLC",Other,1994
2024-01-05T14,PJM,"PJM Interconnection, LLC",Solar,3149
2024-01-05T14,PJM,"PJM Interconnection, LLC",Hydro,2465
2024-01-05T14,PJM,"PJM Interconnection, LLC",Wind,1677
2024-01-05T15,PJM,"PJM Interconnection, LLC",Coal,19178
2024-01-05T15,PJM,"PJM Interconnection, LLC",Natural Gas,47526
2024-01-05T15,PJM,"PJM Interconnection, LLC",Nuclear,32385
2024-01-05T15,PJM,"PJM Interconnection, LLC",Petroleum,222
2024-01-05T15,PJM,"PJM Interconnection, LLC",Other,1757
2024-01-05T15,PJM,"PJM Interconnection, LLC",Solar,3670
2024-01-05T15,PJM,"PJM Interconnection, LLC",Hydro,2020
2024-01-05T15,PJM,"PJM Interconnection, LLC",Wind,948
2024-01-05T16,PJM,"PJM Interconnection, LLC",Coal,18556
2024-01-05T16,PJM,"PJM Interconnection, LLC",Natural Gas,46881
2024-01-05T16,PJM,"PJM Interconnection, LLC",Nuclear,32330
2024-01-05T16,PJM,"PJM Interconnection, LLC",Petroleum,265
2024-01-05T16,PJM,"PJM Interconnection, LLC",Other,1261
2024-01-05T16,PJM,"PJM Interconnection, LLC",Solar,3736
2024-01-05T16,PJM,"PJM Interconnection, LLC",Hydro,1330
2024-01-05T16,PJM,"PJM Interconnection, LLC",Wind,657
2024-01-05T17,PJM,"PJM Interconnection, LLC",Coal,17863
2024-01-05T17,PJM,"PJM Interconnection, LLC",Natural Gas,45063
2024-01-05T17,PJM,"PJM Interconnection, LLC",Nuclear,32515
2024-01-05T17,PJM,"PJM Interconnection, LLC",Petroleum,218
2024-01-05T17,PJM,"PJM Interconnection, LLC",Other,1264
2024-01-05T17,PJM,"PJM Interconnection, LLC",Solar,3641
2024-01-05T17,PJM,"PJM Interconnection, LLC",Hydro,1199
2024-01-05T17,PJM,"PJM Interconnection, LLC",Wind,531
2024-01-05T18,PJM,"PJM Interconnection, LLC",Coal,17790
2024-01-05T18,PJM,"PJM Interconnection, LLC",Natural Gas,45059
2024-01-05T18,PJM,"PJM Interconnection, LLC",Nuclear,32507
2024-01-05T18,PJM,"PJM Interconnection, LLC",Petroleum,219
2024-01-05T18,PJM,"PJM Interconnection, LLC",Other,1246
2024-01-05T18,PJM,"PJM Interconnection, LLC",Solar,3571
2024-01-05T18,PJM,"PJM Interconnection, LLC",Hydro,1351
2024-01-05T18,PJM,"PJM Interconnection, LLC",Wind,647
2024-01-05T19,PJM,"PJM Interconnection, LLC",Coal,17692
2024-01-05T19,PJM,"PJM Interconnection, LLC",Natural Gas,44224
2024-01-05T19,PJM,"PJM Interconnection, LLC",Nuclear,32601
2024-01-05T19,PJM,"PJM Interconnection, LLC",Petroleum,216
2024-01-05T19,PJM,"PJM Interconnection, LLC",Other,1260
2024-01-05T19,PJM,"PJM Interconnection, LLC",Solar,3660
2024-01-05T19,PJM,"PJM Interconnection, LLC",Hydro,1308
2024-01-05T19,PJM,"PJM Interconnection, LLC",Wind,1098
2024-01-05T20,PJM,"PJM Interconnection, LLC",Coal,17772
2024-01-05T20,PJM,"PJM Interconnection, LLC",Natural Gas,46022
2024-01-05T20,PJM,"PJM Interconnection, LLC",Nuclear,32658
2024-01-05T20,PJM,"PJM Interconnection, LLC",Petroleum,216
2024-01-05T20,PJM,"PJM Interconnection, LLC",Other,1193
2024-01-05T20,PJM,"PJM Interconnection, LLC",Solar,2647
2024-01-05T20,PJM,"PJM Interconnection, LLC",Hydro,1844
2024-01-05T20,PJM,"PJM Interconnection, LLC",Wind,425
2024-01-05T21,PJM,"PJM Interconnection, LLC",Coal,18169
2024-01-05T21,PJM,"PJM Interconnection, LLC",Natural Gas,47780
2024-01-05T21,PJM,"PJM Interconnection, LLC",Nuclear,32678
2024-01-05T21,PJM,"PJM Interconnection, LLC",Petroleum,214
2024-01-05T21,PJM,"PJM Interconnection, LLC",Other,1067
2024-01-05T21,PJM,"PJM Interconnection, LLC",Solar,581
2024-01-05T21,PJM,"PJM Interconnection, LLC",Hydro,2365
2024-01-05T21,PJM,"PJM Interconnection, LLC",Wind,636
2024-01-05T22,PJM,"PJM Interconnection, LLC",Coal,18668
2024-01-05T22,PJM,"PJM Interconnection, LLC",Natural Gas,49609
2024-01-05T22,PJM,"PJM Interconnection, LLC",Nuclear,32685
2024-01-05T22,PJM,"PJM Interconnection, LLC",Petroleum,213
2024-01-05T22,PJM,"PJM Interconnection, LLC",Other,1049
2024-01-05T22,PJM,"PJM Interconnection, LLC",Solar,16
2024-01-05T22,PJM,"PJM Interconnection, LLC",Hydro,4782
2024-01-05T22,PJM,"PJM Interconnection, LLC",Wind,1585
2024-01-05T23,PJM,"PJM Interconnection, LLC",Coal,19403
2024-01-05T23,PJM,"PJM Interconnection, LLC",Natural Gas,50592
2024-01-05T23,PJM,"PJM Interconnection, LLC",Nuclear,32722
2024-01-05T23,PJM,"PJM Interconnection, LLC",Petroleum,213
2024-01-05T23,PJM,"PJM Interconnection, LLC",Other,1046
2024-01-05T23,PJM,"PJM Interconnection, LLC",Solar,16
2024-01-05T23,PJM,"PJM Interconnection, LLC",Hydro,3934
2024-01-05T23,PJM,"PJM Interconnection, LLC",Wind,2355
2024-01-06T00,PJM,"PJM Interconnection, LLC",Coal,18925
2024-01-06T00,PJM,"PJM Interconnection, LLC",Natural Gas,49909
2024-01-06T00,PJM,"PJM Interconnection, LLC",Nuclear,32764
2024-01-06T00,PJM,"PJM Interconnection, LLC",Petroleum,213
2024-01-06T00,PJM,"PJM Interconnection, LLC",Other,1035
2024-01-06T00,PJM,"PJM Interconnection, LLC",Solar,16
2024-01-06T00,PJM,"PJM Interconnection, LLC",Hydro,3192
2024-01-06T00,PJM,"PJM Interconnection, LLC",Wind,2902
2024-01-06T01,PJM,"PJM Interconnection, LLC",Coal,18802
2024-01-06T01,PJM,"PJM Interconnection, LLC",Natural Gas,49929
2024-01-06T01,PJM,"PJM Interconnection, LLC",Nuclear,32735
2024-01-06T01,PJM,"PJM Interconnection, LLC",Petroleum,215
2024-01-06T01,PJM,"PJM Interconnection, LLC",Other,1038
2024-01-06T01,PJM,"PJM Interconnection, LLC",Solar,16
2024-01-06T01,PJM,"PJM Interconnection, LLC",Hydro,2686
2024-01-06T01,PJM,"PJM Interconnection, LLC",Wind,2620
2024-01-06T02,PJM,"PJM Interconnection, LLC",Coal,18955
2024-01-06T02,PJM,"PJM Interconnection, LLC",Natural Gas,48949
2024-01-06T02,PJM,"PJM Interconnection, LLC",Nuclear,32888
2024-01-06T02,PJM,"PJM Interconnection, LLC",Petroleum,219
2024-01-06T02,PJM,"PJM Interconnection, LLC",Other,1029
2024-01-06T02,PJM,"PJM Interconnection, LLC",Solar,16
2024-01-06T02,PJM,"PJM Interconnection, LLC",Hydro,1694
2024-01-06T02,PJM,"PJM Interconnection, LLC",Wind,2062
2024-01-06T03,PJM,"PJM Interconnection, LLC",Coal,18619
2024-01-06T03,PJM,"PJM Interconnection, LLC",Natural Gas,46167
2024-01-06T03,PJM,"PJM Interconnection, LLC",Nuclear,32923
2024-01-06T03,PJM,"PJM Interconnection, LLC",Petroleum,221
2024-01-06T03,PJM,"PJM Interconnection, LLC",Other,1038
2024-01-06T03,PJM,"PJM Interconnection, LLC",Solar,16
2024-01-06T03,PJM,"PJM Interconnection, LLC",Hydro,1308
2024-01-06T03,PJM,"PJM Interconnection, LLC",Wind,1980
2024-01-06T04,PJM,"PJM Interconnection, LLC",Coal,18035
2024-01-06T04,PJM,"PJM Interconnection, LLC",Natural Gas,44704
2024-01-06T04,PJM,"PJM Interconnection, LLC",Nuclear,32988
2024-01-06T04,PJM,"PJM Interconnection, LLC",Petroleum,223
2024-01-06T04,PJM,"PJM Interconnection, LLC",Other,1036
2024-01-06T04,PJM,"PJM Interconnection, LLC",Solar,16
2024-01-06T04,PJM,"PJM Interconnection, LLC",Hydro,1269
2024-01-06T04,PJM,"PJM Interconnection, LLC",Wind,2000
2024-01-06T05,PJM,"PJM Interconnection, LLC",Coal,19818
2024-01-06T05,PJM,"PJM Interconnection, LLC",Natural Gas,45456
2024-01-06T05,PJM,"PJM Interconnection, LLC",Nuclear,32499
2024-01-06T05,PJM,"PJM Interconnection, LLC",Petroleum,221
2024-01-06T05,PJM,"PJM Interconnection, LLC",Other,1051
2024-01-06T05,PJM,"PJM Interconnection, LLC",Solar,16
2024-01-06T05,PJM,"PJM Interconnection, LLC",Hydro,1149
2024-01-06T05,PJM,"PJM Interconnection, LLC",Wind,1457
2024-01-06T06,PJM,"PJM Interconnection, LLC",Coal,17547
2024-01-06T06,PJM,"PJM Interconnection, LLC",Natural Gas,42187
2024-01-06T06,PJM,"PJM Interconnection, LLC",Nuclear,33136
2024-01-06T06,PJM,"PJM Interconnection, LLC",Petroleum,223
2024-01-06T06,PJM,"PJM Interconnection, LLC",Other,1009
2024-01-06T06,PJM,"PJM Interconnection, LLC",Solar,16
2024-01-06T06,PJM,"PJM Interconnection, LLC",Hydro,903
2024-01-06T06,PJM,"PJM Interconnection, LLC",Wind,2100
2024-01-06T07,PJM,"PJM Interconnection, LLC",Coal,17094
2024-01-06T07,PJM,"PJM Interconnection, LLC",Natural Gas,41608
2024-01-06T07,PJM,"PJM Interconnection, LLC",Nuclear,33158
2024-01-06T07,PJM,"PJM Interconnection, LLC",Petroleum,224
2024-01-06T07,PJM,"PJM Interconnection, LLC",Other,1012
2024-01-06T07,PJM,"PJM Interconnection, LLC",Solar,16
2024-01-06T07,PJM,"PJM Interconnection, LLC",Hydro,948
2024-01-06T07,PJM,"PJM Interconnection, LLC",Wind,1864
2024-01-06T08,PJM,"PJM Interconnection, LLC",Coal,16318
2024-01-06T08,PJM,"PJM Interconnection, LLC",Natural Gas,41568
2024-01-06T08,PJM,"PJM Interconnection, LLC",Nuclear,33282
2024-01-06T08,PJM,"PJM Interconnection, LLC",Petroleum,228
2024-01-06T08,PJM,"PJM Interconnection, LLC",Other,1049
2024-01-06T08,PJM,"PJM Interconnection, LLC",Solar,18
2024-01-06T08,PJM,"PJM Interconnection, LLC",Hydro,1186
2024-01-06T08,PJM,"PJM Interconnection, LLC",Wind,1979
2024-01-06T09,PJM,"PJM Interconnection, LLC",Coal,16596
2024-01-06T09,PJM,"PJM Interconnection, LLC",Natural Gas,42489
2024-01-06T09,PJM,"PJM Interconnection, LLC",Nuclear,33289
2024-01-06T09,PJM,"PJM Interconnection, LLC",Petroleum,227
2024-01-06T09,PJM,"PJM Interconnection, LLC",Other,1056
2024-01-06T09,PJM,"PJM Interconnection, LLC",Solar,16
2024-01-06T09,PJM,"PJM Interconnection, LLC",Hydro,1294
2024-01-06T09,PJM,"PJM Interconnection, LLC",Wind,1709
2024-01-06T10,PJM,"PJM Interconnection, LLC",Coal,16582
2024-01-06T10,PJM,"PJM Interconnection, LLC",Natural Gas,42575
2024-01-06T10,PJM,"PJM Interconnection, LLC",Nuclear,33400
2024-01-06T10,PJM,"PJM Interconnection, LLC",Petroleum,228
2024-01-06T10,PJM,"PJM Interconnection, LLC",Other,1060
2024-01-06T10,PJM,"PJM Interconnection, LLC",Solar,16
2024-01-06T10,PJM,"PJM Interconnection, LLC",Hydro,1192
2024-01-06T10,PJM,"PJM Interconnection, LLC",Wind,1434
2024-01-06T11,PJM,"PJM Interconnection, LLC",Coal,16692
2024-01-06T11,PJM,"PJM Interconnection, LLC",Natural Gas,42210
2024-01-06T11,PJM,"PJM Interconnection, LLC",Nuclear,33433
2024-01-06T11,PJM,"PJM Interconnection, LLC",Petroleum,227
2024-01-06T11,PJM,"PJM Interconnection, LLC",Other,1085
2024-01-06T11,PJM,"PJM Interconnection, LLC",Solar,23
2024-01-06T11,PJM,"PJM Interconnection, LLC",Hydro,1181
2024-01-06T11,PJM,"PJM Interconnection, LLC",Wind,1590
2024-01-06T12,PJM,"PJM Interconnection, LLC",Coal,16771
2024-01-06T12,PJM,"PJM Interconnection, LLC",Natural Gas,43544
2024-01-06T12,PJM,"PJM Interconnection, LLC",Nuclear,33538
2024-01-06T12,PJM,"PJM Interconnection, LLC",Petroleum,224
2024-01-06T12,PJM,"PJM Interconnection, LLC",Other,1081
2024-01-06T12,PJM,"PJM Interconnection, LLC",Solar,23
2024-01-06T12,PJM,"PJM Interconnection, LLC",Hydro,1776
2024-01-06T12,PJM,"PJM Interconnection, LLC",Wind,1757
2024-01-06T13,PJM,"PJM Interconnection, LLC",Coal,17499
2024-01-06T13,PJM,"PJM Interconnection, LLC",Natural Gas,45449
2024-01-06T13,PJM,"PJM Interconnection, LLC",Nuclear,33561
2024-01-06T13,PJM,"PJM Interconnection, LLC",Petroleum,225
2024-01-06T13,PJM,"PJM Interconnection, LLC",Other,1074
2024-01-06T13,PJM,"PJM Interconnection, LLC",Solar,55
2024-01-06T13,PJM,"PJM Interconnection, LLC",Hydro,1683
2024-01-06T13,PJM,"PJM Interconnection, LLC",Wind,1509
2024-01-06T14,PJM,"PJM Interconnection, LLC",Coal,17292
2024-01-06T14,PJM,"PJM Interconnection, LLC",Natural Gas,46256
2024-01-06T14,PJM,"PJM Interconnection, LLC",Nuclear,33464
2024-01-06T14,PJM,"PJM Interconnection, LLC",Petroleum,224
2024-01-06T14,PJM,"PJM Interconnection, LLC",Other,1082
2024-01-06T14,PJM,"PJM Interconnection, LLC",Solar,172
2024-01-06T14,PJM,"PJM Interconnection, LLC",Hydro,2721
2024-01-06T14,PJM,"PJM Interconnection, LLC",Wind,1479
2024-01-06T15,PJM,"PJM Interconnection, LLC",Coal,17371
2024-01-06T15,PJM,"PJM Interconnection, LLC",Natural Gas,47764
2024-01-06T15,PJM,"PJM Interconnection, LLC",Nuclear,33225
2024-01-06T15,PJM,"PJM Interconnection, LLC",Petroleum,221
2024-01-06T15,PJM,"PJM Interconnection, LLC",Other,1050
2024-01-06T15,PJM,"PJM Interconnection, LLC",Solar,301
2024-01-06T15,PJM,"PJM Interconnection, LLC",Hydro,2960
2024-01-06T15,PJM,"PJM Interconnection, LLC",Wind,1637
2024-01-06T16,PJM,"PJM Interconnection, LLC",Coal,18624
2024-01-06T16,PJM,"PJM Interconnection, LLC",Natural Gas,47852
2024-01-06T16,PJM,"PJM Interconnection, LLC",Nuclear,33129
2024-01-06T16,PJM,"PJM Interconnection, LLC",Petroleum,221
2024-01-06T16,PJM,"PJM Interconnection, LLC",Other,1073
2024-01-06T16,PJM,"PJM Interconnection, LLC",Solar,518
2024-01-06T16,PJM,"PJM Interconnection, LLC",Hydro,2183
2024-01-06T16,PJM,"PJM Interconnection, LLC",Wind,1562
2024-01-06T17,PJM,"PJM Interconnection, LLC",Coal,19360
2024-01-06T17,PJM,"PJM Interconnection, LLC",Natural Gas,47484
2024-01-06T17,PJM,"PJM Interconnection, LLC",Nuclear,33105
2024-01-06T17,PJM,"PJM Interconnection, LLC",Petroleum,219
2024-01-06T17,PJM,"PJM Interconnection, LLC",Other,1067
2024-01-06T17,PJM,"PJM Interconnection, LLC",Solar,487
2024-01-06T17,PJM,"PJM Interconnection, LLC",Hydro,2166
2024-01-06T17,PJM,"PJM Interconnection, LLC",Wind,1492
2024-01-06T18,PJM,"PJM Interconnection, LLC",Coal,19936
2024-01-06T18,PJM,"PJM Interconnection, LLC",Natural Gas,47744
2024-01-06T18,PJM,"PJM Interconnection, LLC",Nuclear,33102
2024-01-06T18,PJM,"PJM Interconnection, LLC",Petroleum,219
2024-01-06T18,PJM,"PJM Interconnection, LLC",Other,998
2024-01-06T18,PJM,"PJM Interconnection, LLC",Solar,432
2024-01-06T18,PJM,"PJM Interconnection, LLC",Hydro,905
2024-01-06T18,PJM,"PJM Interconnection, LLC",Wind,1619
2024-01-06T19,PJM,"PJM Interconnection, LLC",Coal,19485
2024-01-06T19,PJM,"PJM Interconnection, LLC",Natural Gas,46837
2024-01-06T19,PJM,"PJM Interconnection, LLC",Nuclear,33285
2024-01-06T19,PJM,"PJM Interconnection, LLC",Petroleum,217
2024-01-06T19,PJM,"PJM Interconnection, LLC",Other,1034
2024-01-06T19,PJM,"PJM Interconnection, LLC",Solar,348
2024-01-06T19,PJM,"PJM Interconnection, LLC",Hydro,1019
2024-01-06T19,PJM,"PJM Interconnection, LLC",Wind,1316
2024-01-06T20,PJM,"PJM Interconnection, LLC",Coal,18259
2024-01-06T20,PJM,"PJM Interconnection, LLC",Natural Gas,47119
2024-01-06T20,PJM,"PJM Interconnection, LLC",Nuclear,33363
2024-01-06T20,PJM,"PJM Interconnection, LLC",Petroleum,217
2024-01-06T20,PJM,"PJM Interconnection, LLC",Other,1032
2024-01-06T20,PJM,"PJM Interconnection, LLC",Solar,261
2024-01-06T20,PJM,"PJM Interconnection, LLC",Hydro,1554
2024-01-06T20,PJM,"PJM Interconnection, LLC",Wind,1390
2024-01-06T21,PJM,"PJM Interconnection, LLC",Coal,17968
2024-01-06T21,PJM,"PJM Interconnection, LLC",Natural Gas,47334
2024-01-06T21,PJM,"PJM Interconnection, LLC",Nuclear,33419
2024-01-06T21,PJM,"PJM Interconnection, LLC",Petroleum,217
2024-01-06T21,PJM,"PJM Interconnection, LLC",Other,1004
2024-01-06T21,PJM,"PJM Interconnection, LLC",Solar,121
2024-01-06T21,PJM,"PJM Interconnection, LLC",Hydro,2043
2024-01-06T21,PJM,"PJM Interconnection, LLC",Wind,1202
2024-01-06T22,PJM,"PJM Interconnection, LLC",Coal,18017
2024-01-06T22,PJM,"PJM Interconnection, LLC",Natural Gas,47720
2024-01-06T22,PJM,"PJM Interconnection, LLC",Nuclear,33443
2024-01-06T22,PJM,"PJM Interconnection, LLC",Petroleum,214
2024-01-06T22,PJM,"PJM Interconnection, LLC",Other,1017
2024-01-06T22,PJM,"PJM Interconnection, LLC",Solar,16
2024-01-06T22,PJM,"PJM Interconnection, LLC",Hydro,4077
2024-01-06T22,PJM,"PJM Interconnection, LLC",Wind,876
2024-01-06T23,PJM,"PJM Interconnection, LLC",Coal,18684
2024-01-06T23,PJM,"PJM Interconnection, LLC",Natural Gas,48219
2024-01-06T23,PJM,"PJM Interconnection, LLC",Nuclear,33444
2024-01-06T23,PJM,"PJM Interconnection, LLC",Petroleum,212
2024-01-06T23,PJM,"PJM Interconnection, LLC",Other,1015
2024-01-06T23,PJM,"PJM Interconnection, LLC",Solar,16
2024-01-06T23,PJM,"PJM Interconnection, LLC",Hydro,3238
2024-01-06T23,PJM,"PJM Interconnection, LLC",Wind,813
2024-01-07T00,PJM,"PJM Interconnection, LLC",Coal,18784
2024-01-07T00,PJM,"PJM Interconnection, LLC",Natural Gas,47078
2024-01-07T00,PJM,"PJM Interconnection, LLC",Nuclear,33470
2024-01-07T00,PJM,"PJM Interconnection, LLC",Petroleum,213
2024-01-07T00,PJM,"PJM Interconnection, LLC",Other,1015
2024-01-07T00,PJM,"PJM Interconnection, LLC",Solar,16
2024-01-07T00,PJM,"PJM Interconnection, LLC",Hydro,2681
2024-01-07T00,PJM,"PJM Interconnection, LLC",Wind,736
2024-01-07T01,PJM,"PJM Interconnection, LLC",Coal,18143
2024-01-07T01,PJM,"PJM Interconnection, LLC",Natural Gas,45642
2024-01-07T01,PJM,"PJM Interconnection, LLC",Nuclear,33487
2024-01-07T01,PJM,"PJM Interconnection, LLC",Petroleum,215
2024-01-07T01,PJM,"PJM Interconnection, LLC",Other,1012
2024-01-07T01,PJM,"PJM Interconnection, LLC",Solar,16
2024-01-07T01,PJM,"PJM Interconnection, LLC",Hydro,2387
2024-01-07T01,PJM,"PJM Interconnection, LLC",Wind,894
2024-01-07T02,PJM,"PJM Interconnection, LLC",Coal,17479
2024-01-07T02,PJM,"PJM Interconnection, LLC",Natural Gas,45150
2024-01-07T02,PJM,"PJM Interconnection, LLC",Nuclear,33522
2024-01-07T02,PJM,"PJM Interconnection, LLC",Petroleum,220
2024-01-07T02,PJM,"PJM Interconnection, LLC",Other,1013
2024-01-07T02,PJM,"PJM Interconnection, LLC",Solar,16
2024-01-07T02,PJM,"PJM Interconnection, LLC",Hydro,1356
2024-01-07T02,PJM,"PJM Interconnection, LLC",Wind,909
2024-01-07T03,PJM,"PJM Interconnection, LLC",Coal,16664
2024-01-07T03,PJM,"PJM Interconnection, LLC",Natural Gas,43254
2024-01-07T03,PJM,"PJM Interconnection, LLC",Nuclear,33518
2024-01-07T03,PJM,"PJM Interconnection, LLC",Petroleum,223
2024-01-07T03,PJM,"PJM Interconnection, LLC",Other,1008
2024-01-07T03,PJM,"PJM Interconnection, LLC",Solar,16
2024-01-07T03,PJM,"PJM Interconnection, LLC",Hydro,961
2024-01-07T03,PJM,"PJM Interconnection, LLC",Wind,957
2024-01-07T04,PJM,"PJM Interconnection, LLC",Coal,15876
2024-01-07T04,PJM,"PJM Interconnection, LLC",Natural Gas,42436
2024-01-07T04,PJM,"PJM Interconnection, LLC",Nuclear,33264
2024-01-07T04,PJM,"PJM Interconnection, LLC",Petroleum,225
2024-01-07T04,PJM,"PJM Interconnection, LLC",Other,1009
2024-01-07T04,PJM,"PJM Interconnection, LLC",Solar,16
2024-01-07T04,PJM,"PJM Interconnection, LLC",Hydro,965
2024-01-07T04,PJM,"PJM Interconnection, LLC",Wind,1038
2024-01-07T05,PJM,"PJM Interconnection, LLC",Coal,17492
2024-01-07T05,PJM,"PJM Interconnection, LLC",Natural Gas,43557
2024-01-07T05,PJM,"PJM Interconnection, LLC",Nuclear,33079
2024-01-07T05,PJM,"PJM Interconnection, LLC",Petroleum,223
2024-01-07T05,PJM,"PJM Interconnection, LLC",Other,1039
2024-01-07T05,PJM,"PJM Interconnection, LLC",Solar,16
2024-01-07T05,PJM,"PJM Interconnection, LLC",Hydro,1126
2024-01-07T05,PJM,"PJM Interconnection, LLC",Wind,2128
2024-01-07T06,PJM,"PJM Interconnection, LLC",Coal,15444
2024-01-07T06,PJM,"PJM Interconnection, LLC",Natural Gas,39482
2024-01-07T06,PJM,"PJM Interconnection, LLC",Nuclear,33382
2024-01-07T06,PJM,"PJM Interconnection, LLC",Petroleum,223
2024-01-07T06,PJM,"PJM Interconnection, LLC",Other,838
2024-01-07T06,PJM,"PJM Interconnection, LLC",Solar,16
2024-01-07T06,PJM,"PJM Interconnection, LLC",Hydro,966
2024-01-07T06,PJM,"PJM Interconnection, LLC",Wind,1768
2024-01-07T07,PJM,"PJM Interconnection, LLC",Coal,15173
2024-01-07T07,PJM,"PJM Interconnection, LLC",Natural Gas,38613
2024-01-07T07,PJM,"PJM Interconnection, LLC",Nuclear,33421
2024-01-07T07,PJM,"PJM Interconnection, LLC",Petroleum,223
2024-01-07T07,PJM,"PJM Interconnection, LLC",Other,832
2024-01-07T07,PJM,"PJM Interconnection, LLC",Solar,16
2024-01-07T07,PJM,"PJM Interconnection, LLC",Hydro,948
2024-01-07T07,PJM,"PJM Interconnection, LLC",Wind,1980
2024-01-07T08,PJM,"PJM Interconnection, LLC",Coal,15180
2024-01-07T08,PJM,"PJM Interconnection, LLC",Natural Gas,38778
2024-01-07T08,PJM,"PJM Interconnection, LLC",Nuclear,33440
2024-01-07T08,PJM,"PJM Interconnection, LLC",Petroleum,231
2024-01-07T08,PJM,"PJM Interconnection, LLC",Other,817
2024-01-07T08,PJM,"PJM Interconnection, LLC",Solar,16
2024-01-07T08,PJM,"PJM Interconnection, LLC",Hydro,1249
2024-01-07T08,PJM,"PJM Interconnection, LLC",Wind,2280
2024-01-07T09,PJM,"PJM Interconnection, LLC",Coal,15009
2024-01-07T09,PJM,"PJM Interconnection, LLC",Natural Gas,38809
2024-01-07T09,PJM,"PJM Interconnection, LLC",Nuclear,33628
2024-01-07T09,PJM,"PJM Interconnection, LLC",Petroleum,227
2024-01-07T09,PJM,"PJM Interconnection, LLC",Other,806
2024-01-07T09,PJM,"PJM Interconnection, LLC",Solar,16
2024-01-07T09,PJM,"PJM Interconnection, LLC",Hydro,1288
2024-01-07T09,PJM,"PJM Interconnection, LLC",Wind,2682
2024-01-07T10,PJM,"PJM Interconnection, LLC",Coal,14971
2024-01-07T10,PJM,"PJM Interconnection, LLC",Natural Gas,38739
2024-01-07T10,PJM,"PJM Interconnection, LLC",Nuclear,33677
2024-01-07T10,PJM,"PJM Interconnection, LLC",Petroleum,228
2024-01-07T10,PJM,"PJM Interconnection, LLC",Other,822
2024-01-07T10,PJM,"PJM Interconnection, LLC",Solar,16
2024-01-07T10,PJM,"PJM Interconnection, LLC",Hydro,1259
2024-01-07T10,PJM,"PJM Interconnection, LLC",Wind,3164
2024-01-07T11,PJM,"PJM Interconnection, LLC",Coal,14802
2024-01-07T11,PJM,"PJM Interconnection, LLC",Natural Gas,38530
2024-01-07T11,PJM,"PJM Interconnection, LLC",Nuclear,33667
2024-01-07T11,PJM,"PJM Interconnection, LLC",Petroleum,225
2024-01-07T11,PJM,"PJM Interconnection, LLC",Other,828
2024-01-07T11,PJM,"PJM Interconnection, LLC",Solar,16
2024-01-07T11,PJM,"PJM Interconnection, LLC",Hydro,1344
2024-01-07T11,PJM,"PJM Interconnection, LLC",Wind,3607
2024-01-07T12,PJM,"PJM Interconnection, LLC",Coal,14869
2024-01-07T12,PJM,"PJM Interconnection, LLC",Natural Gas,39202
2024-01-07T12,PJM,"PJM Interconnection, LLC",Nuclear,33667
2024-01-07T12,PJM,"PJM Interconnection, LLC",Petroleum,225
2024-01-07T12,PJM,"PJM Interconnection, LLC",Other,964
2024-01-07T12,PJM,"PJM Interconnection, LLC",Solar,18
2024-01-07T12,PJM,"PJM Interconnection, LLC",Hydro,1885
2024-01-07T12,PJM,"PJM Interconnection, LLC",Wind,3811
2024-01-07T13,PJM,"PJM Interconnection, LLC",Coal,15446
2024-01-07T13,PJM,"PJM Interconnection, LLC",Natural Gas,40621
2024-01-07T13,PJM,"PJM Interconnection, LLC",Nuclear,33674
2024-01-07T13,PJM,"PJM Interconnection, LLC",Petroleum,225
2024-01-07T13,PJM,"PJM Interconnection, LLC",Other,1044
2024-01-07T13,PJM,"PJM Interconnection, LLC",Solar,223
2024-01-07T13,PJM,"PJM Interconnection, LLC",Hydro,1883
2024-01-07T13,PJM,"PJM Interconnection, LLC",Wind,4076
2024-01-07T14,PJM,"PJM Interconnection, LLC",Coal,15964
2024-01-07T14,PJM,"PJM Interconnection, LLC",Natural Gas,40770
2024-01-07T14,PJM,"PJM Interconnection, LLC",Nuclear,33668
2024-01-07T14,PJM,"PJM Interconnection, LLC",Petroleum,222
2024-01-07T14,PJM,"PJM Interconnection, LLC",Other,1148
2024-01-07T14,PJM,"PJM Interconnection, LLC",Solar,1169
2024-01-07T14,PJM,"PJM Interconnection, LLC",Hydro,1845
2024-01-07T14,PJM,"PJM Interconnection, LLC",Wind,4082
2024-01-07T15,PJM,"PJM Interconnection, LLC",Coal,16181
2024-01-07T15,PJM,"PJM Interconnection, LLC",Natural Gas,40346
2024-01-07T15,PJM,"PJM Interconnection, LLC",Nuclear,33653
2024-01-07T15,PJM,"PJM Interconnection, LLC",Petroleum,221
2024-01-07T15,PJM,"PJM Interconnection, LLC",Other,1230
2024-01-07T15,PJM,"PJM Interconnection, LLC",Solar,2440
2024-01-07T15,PJM,"PJM Interconnection, LLC",Hydro,1257
2024-01-07T15,PJM,"PJM Interconnection, LLC",Wind,3969
2024-01-07T16,PJM,"PJM Interconnection, LLC",Coal,16208
2024-01-07T16,PJM,"PJM Interconnection, LLC",Natural Gas,39658
2024-01-07T16,PJM,"PJM Interconnection, LLC",Nuclear,33652
2024-01-07T16,PJM,"PJM Interconnection, LLC",Petroleum,221
2024-01-07T16,PJM,"PJM Interconnection, LLC",Other,1254
2024-01-07T16,PJM,"PJM Interconnection, LLC",Solar,2670
2024-01-07T16,PJM,"PJM Interconnection, LLC",Hydro,1152
2024-01-07T16,PJM,"PJM Interconnection, LLC",Wind,3987
2024-01-07T17,PJM,"PJM Interconnection, LLC",Coal,16471
2024-01-07T17,PJM,"PJM Interconnection, LLC",Natural Gas,39444
2024-01-07T17,PJM,"PJM Interconnection, LLC",Nuclear,33633
2024-01-07T17,PJM,"PJM Interconnection, LLC",Petroleum,218
2024-01-07T17,PJM,"PJM Interconnection, LLC",Other,1269
2024-01-07T17,PJM,"PJM Interconnection, LLC",Solar,2604
2024-01-07T17,PJM,"PJM Interconnection, LLC",Hydro,1102
2024-01-07T17,PJM,"PJM Interconnection, LLC",Wind,4248
2024-01-07T18,PJM,"PJM Interconnection, LLC",Coal,16267
2024-01-07T18,PJM,"PJM Interconnection, LLC",Natural Gas,39211
2024-01-07T18,PJM,"PJM Interconnection, LLC",Nuclear,33655
2024-01-07T18,PJM,"PJM Interconnection, LLC",Petroleum,217
2024-01-07T18,PJM,"PJM Interconnection, LLC",Other,1253
2024-01-07T18,PJM,"PJM Interconnection, LLC",Solar,2480
2024-01-07T18,PJM,"PJM Interconnection, LLC",Hydro,1134
2024-01-07T18,PJM,"PJM Interconnection, LLC",Wind,4417
2024-01-07T19,PJM,"PJM Interconnection, LLC",Coal,16331
2024-01-07T19,PJM,"PJM Interconnection, LLC",Natural Gas,41527
2024-01-07T19,PJM,"PJM Interconnection, LLC",Nuclear,33641
2024-01-07T19,PJM,"PJM Interconnection, LLC",Petroleum,225
2024-01-07T19,PJM,"PJM Interconnection, LLC",Other,1236
2024-01-07T19,PJM,"PJM Interconnection, LLC",Solar,1563
2024-01-07T19,PJM,"PJM Interconnection, LLC",Hydro,1162
2024-01-07T19,PJM,"PJM Interconnection, LLC",Wind,4333
2024-01-07T20,PJM,"PJM Interconnection, LLC",Coal,16115
2024-01-07T20,PJM,"PJM Interconnection, LLC",Natural Gas,41044
2024-01-07T20,PJM,"PJM Interconnection, LLC",Nuclear,33630
2024-01-07T20,PJM,"PJM Interconnection, LLC",Petroleum,215
2024-01-07T20,PJM,"PJM Interconnection, LLC",Other,1066
2024-01-07T20,PJM,"PJM Interconnection, LLC",Solar,879
2024-01-07T20,PJM,"PJM Interconnection, LLC",Hydro,1959
2024-01-07T20,PJM,"PJM Interconnection, LLC",Wind,4114
2024-01-07T21,PJM,"PJM Interconnection, LLC",Coal,15588
2024-01-07T21,PJM,"PJM Interconnection, LLC",Natural Gas,42044
2024-01-07T21,PJM,"PJM Interconnection, LLC",Nuclear,33634
2024-01-07T21,PJM,"PJM Interconnection, LLC",Petroleum,216
2024-01-07T21,PJM,"PJM Interconnection, LLC",Other,1023
2024-01-07T21,PJM,"PJM Interconnection, LLC",Solar,256
2024-01-07T21,PJM,"PJM Interconnection, LLC",Hydro,2941
2024-01-07T21,PJM,"PJM Interconnection, LLC",Wind,4466
2024-01-07T22,PJM,"PJM Interconnection, LLC",Coal,16068
2024-01-07T22,PJM,"PJM Interconnection, LLC",Natural Gas,44704
2024-01-07T22,PJM,"PJM Interconnection, LLC",Nuclear,33625
2024-01-07T22,PJM,"PJM Interconnection, LLC",Petroleum,214
2024-01-07T22,PJM,"PJM Interconnection, LLC",Other,1025
2024-01-07T22,PJM,"PJM Interconnection, LLC",Solar,16
2024-01-07T22,PJM,"PJM Interconnection, LLC",Hydro,4441
2024-01-07T22,PJM,"PJM Interconnection, LLC",Wind,4407
2024-01-07T23,PJM,"PJM Interconnection, LLC",Coal,16975
2024-01-07T23,PJM,"PJM Interconnection, LLC",Natural Gas,46715
2024-01-07T23,PJM,"PJM Interconnection, LLC",Nuclear,33621
2024-01-07T23,PJM,"PJM Interconnection, LLC",Petroleum,212
2024-01-07T23,PJM,"PJM Interconnection, LLC",Other,1020
2024-01-07T23,PJM,"PJM Interconnection, LLC",Solar,16
2024-01-07T23,PJM,"PJM Interconnection, LLC",Hydro,4417
2024-01-07T23,PJM,"PJM Interconnection, LLC",Wind,3035
2024-01-01T00,SWPP,Southwest Power Pool,Coal,10156
2024-01-01T00,SWPP,Southwest Power Pool,Natural Gas,10299
2024-01-01T00,SWPP,Southwest Power Pool,Nuclear,2043
2024-01-01T00,SWPP,Southwest Power Pool,Petroleum,0
2024-01-01T00,SWPP,Southwest Power Pool,Other,45
2024-01-01T00,SWPP,Southwest Power Pool,Solar,18
2024-01-01T00,SWPP,Southwest Power Pool,Hydro,962
2024-01-01T00,SWPP,Southwest Power Pool,Wind,9714
2024-01-01T01,SWPP,Southwest Power Pool,Coal,10185
2024-01-01T01,SWPP,Southwest Power Pool,Natural Gas,9958
2024-01-01T01,SWPP,Southwest Power Pool,Nuclear,2043
2024-01-01T01,SWPP,Southwest Power Pool,Petroleum,0
2024-01-01T01,SWPP,Southwest Power Pool,Other,44
2024-01-01T01,SWPP,Southwest Power Pool,Solar,0
2024-01-01T01,SWPP,Southwest Power Pool,Hydro,901
2024-01-01T01,SWPP,Southwest Power Pool,Wind,10452
2024-01-01T02,SWPP,Southwest Power Pool,Coal,9850
2024-01-01T02,SWPP,Southwest Power Pool,Natural Gas,9835
2024-01-01T02,SWPP,Southwest Power Pool,Nuclear,2043
2024-01-01T02,SWPP,Southwest Power Pool,Petroleum,0
2024-01-01T02,SWPP,Southwest Power Pool,Other,43
2024-01-01T02,SWPP,Southwest Power Pool,Solar,0
2024-01-01T02,SWPP,Southwest Power Pool,Hydro,827
2024-01-01T02,SWPP,Southwest Power Pool,Wind,10616
2024-01-01T03,SWPP,Southwest Power Pool,Coal,10030
2024-01-01T03,SWPP,Southwest Power Pool,Natural Gas,9921
2024-01-01T03,SWPP,Southwest Power Pool,Nuclear,2043
2024-01-01T03,SWPP,Southwest Power Pool,Petroleum,0
2024-01-01T03,SWPP,Southwest Power Pool,Other,43
2024-01-01T03,SWPP,Southwest Power Pool,Solar,0
2024-01-01T03,SWPP,Southwest Power Pool,Hydro,699
2024-01-01T03,SWPP,Southwest Power Pool,Wind,10110
2024-01-01T04,SWPP,Southwest Power Pool,Coal,9988
2024-01-01T04,SWPP,Southwest Power Pool,Natural Gas,10152
2024-01-01T04,SWPP,Southwest Power Pool,Nuclear,2043
2024-01-01T04,SWPP,Southwest Power Pool,Petroleum,0
2024-01-01T04,SWPP,Southwest Power Pool,Other,43
2024-01-01T04,SWPP,Southwest Power Pool,Solar,0
2024-01-01T04,SWPP,Southwest Power Pool,Hydro,684
2024-01-01T04,SWPP,Southwest Power Pool,Wind,9550
2024-01-01T05,SWPP,Southwest Power Pool,Coal,10332
2024-01-01T05,SWPP,Southwest Power Pool,Natural Gas,10573
2024-01-01T05,SWPP,Southwest Power Pool,Nuclear,2043
2024-01-01T05,SWPP,Southwest Power Pool,Petroleum,0
2024-01-01T05,SWPP,Southwest Power Pool,Other,43
2024-01-01T05,SWPP,Southwest Power Pool,Solar,0
2024-01-01T05,SWPP,Southwest Power Pool,Hydro,447
2024-01-01T05,SWPP,Southwest Power Pool,Wind,8410
2024-01-01T06,SWPP,Southwest Power Pool,Coal,10671
2024-01-01T06,SWPP,Southwest Power Pool,Natural Gas,11173
2024-01-01T06,SWPP,Southwest Power Pool,Nuclear,2043
2024-01-01T06,SWPP,Southwest Power Pool,Petroleum,0
2024-01-01T06,SWPP,Southwest Power Pool,Other,42
2024-01-01T06,SWPP,Southwest Power Pool,Solar,0
2024-01-01T06,SWPP,Southwest Power Pool,Hydro,213
2024-01-01T06,SWPP,Southwest Power Pool,Wind,7101
2024-01-01T07,SWPP,Southwest Power Pool,Coal,11024
2024-01-01T07,SWPP,Southwest Power Pool,Natural Gas,11552
2024-01-01T07,SWPP,Southwest Power Pool,Nuclear,2042
2024-01-01T07,SWPP,Southwest Power Pool,Petroleum,0
2024-01-01T07,SWPP,Southwest Power Pool,Other,43
2024-01-01T07,SWPP,Southwest Power Pool,Solar,0
2024-01-01T07,SWPP,Southwest Power Pool,Hydro,192
2024-01-01T07,SWPP,Southwest Power Pool,Wind,6080
2024-01-01T08,SWPP,Southwest Power Pool,Coal,11111
2024-01-01T08,SWPP,Southwest Power Pool,Natural Gas,11730
2024-01-01T08,SWPP,Southwest Power Pool,Nuclear,2043
2024-01-01T08,SWPP,Southwest Power Pool,Petroleum,0
2024-01-01T08,SWPP,Southwest Power Pool,Other,42
2024-01-01T08,SWPP,Southwest Power Pool,Solar,0
2024-01-01T08,SWPP,Southwest Power Pool,Hydro,192
2024-01-01T08,SWPP,Southwest Power Pool,Wind,5560
2024-01-01T09,SWPP,Southwest Power Pool,Coal,11203
2024-01-01T09,SWPP,Southwest Power Pool,Natural Gas,11720
2024-01-01T09,SWPP,Southwest Power Pool,Nuclear,2043
2024-01-01T09,SWPP,Southwest Power Pool,Petroleum,0
2024-01-01T09,SWPP,Southwest Power Pool,Other,43
2024-01-01T09,SWPP,Southwest Power Pool,Solar,0
2024-01-01T09,SWPP,Southwest Power Pool,Hydro,196
2024-01-01T09,SWPP,Southwest Power Pool,Wind,5253
2024-01-01T10,SWPP,Southwest Power Pool,Coal,10907
2024-01-01T10,SWPP,Southwest Power Pool,Natural Gas,11746
2024-01-01T10,SWPP,Southwest Power Pool,Nuclear,2043
2024-01-01T10,SWPP,Southwest Power Pool,Petroleum,0
2024-01-01T10,SWPP,Southwest Power Pool,Other,42
2024-01-01T10,SWPP,Southwest Power Pool,Solar,0
2024-01-01T10,SWPP,Southwest Power Pool,Hydro,197
2024-01-01T10,SWPP,Southwest Power Pool,Wind,5212
2024-01-01T11,SWPP,Southwest Power Pool,Coal,10609
2024-01-01T11,SWPP,Southwest Power Pool,Natural Gas,11928
2024-01-01T11,SWPP,Southwest Power Pool,Nuclear,2043
2024-01-01T11,SWPP,Southwest Power Pool,Petroleum,0
2024-01-01T11,SWPP,Southwest Power Pool,Other,43
2024-01-01T11,SWPP,Southwest Power Pool,Solar,0
2024-01-01T11,SWPP,Southwest Power Pool,Hydro,260
2024-01-01T11,SWPP,Southwest Power Pool,Wind,5375
2024-01-01T12,SWPP,Southwest Power Pool,Coal,10509
2024-01-01T12,SWPP,Southwest Power Pool,Natural Gas,12116
2024-01-01T12,SWPP,Southwest Power Pool,Nuclear,2043
2024-01-01T12,SWPP,Southwest Power Pool,Petroleum,0
2024-01-01T12,SWPP,Southwest Power Pool,Other,44
2024-01-01T12,SWPP,Southwest Power Pool,Solar,0
2024-01-01T12,SWPP,Southwest Power Pool,Hydro,514
2024-01-01T12,SWPP,Southwest Power Pool,Wind,5487
2024-01-01T13,SWPP,Southwest Power Pool,Coal,10393
2024-01-01T13,SWPP,Southwest Power Pool,Natural Gas,12335
2024-01-01T13,SWPP,Southwest Power Pool,Nuclear,2043
2024-01-01T13,SWPP,Southwest Power Pool,Petroleum,0
2024-01-01T13,SWPP,Southwest Power Pool,Other,43
2024-01-01T13,SWPP,Southwest Power Pool,Solar,0
2024-01-01T13,SWPP,Southwest Power Pool,Hydro,791
2024-01-01T13,SWPP,Southwest Power Pool,Wind,5588
2024-01-01T14,SWPP,Southwest Power Pool,Coal,10952
2024-01-01T14,SWPP,Southwest Power Pool,Natural Gas,12973
2024-01-01T14,SWPP,Southwest Power Pool,Nuclear,2042
2024-01-01T14,SWPP,Southwest Power Pool,Petroleum,0
2024-01-01T14,SWPP,Southwest Power Pool,Other,44
2024-01-01T14,SWPP,Southwest Power Pool,Solar,0
2024-01-01T14,SWPP,Southwest Power Pool,Hydro,898
2024-01-01T14,SWPP,Southwest Power Pool,Wind,5092
2024-01-01T15,SWPP,Southwest Power Pool,Coal,11254
2024-01-01T15,SWPP,Southwest Power Pool,Natural Gas,13116
2024-01-01T15,SWPP,Southwest Power Pool,Nuclear,2042
2024-01-01T15,SWPP,Southwest Power Pool,Petroleum,0
2024-01-01T15,SWPP,Southwest Power Pool,Other,44
2024-01-01T15,SWPP,Southwest Power Pool,Solar,24
2024-01-01T15,SWPP,Southwest Power Pool,Hydro,1047
2024-01-01T15,SWPP,Southwest Power Pool,Wind,5027
2024-01-01T16,SWPP,Southwest Power Pool,Coal,11114
2024-01-01T16,SWPP,Southwest Power Pool,Natural Gas,13000
2024-01-01T16,SWPP,Southwest Power Pool,Nuclear,2042
2024-01-01T16,SWPP,Southwest Power Pool,Petroleum,0
2024-01-01T16,SWPP,Southwest Power Pool,Other,44
2024-01-01T16,SWPP,Southwest Power Pool,Solar,129
2024-01-01T16,SWPP,Southwest Power Pool,Hydro,1044
2024-01-01T16,SWPP,Southwest Power Pool,Wind,5003
2024-01-01T17,SWPP,Southwest Power Pool,Coal,11252
2024-01-01T17,SWPP,Southwest Power Pool,Natural Gas,13116
2024-01-01T17,SWPP,Southwest Power Pool,Nuclear,2042
2024-01-01T17,SWPP,Southwest Power Pool,Petroleum,0
2024-01-01T17,SWPP,Southwest Power Pool,Other,44
2024-01-01T17,SWPP,Southwest Power Pool,Solar,172
2024-01-01T17,SWPP,Southwest Power Pool,Hydro,981
2024-01-01T17,SWPP,Southwest Power Pool,Wind,4556
2024-01-01T18,SWPP,Southwest Power Pool,Coal,11527
2024-01-01T18,SWPP,Southwest Power Pool,Natural Gas,13208
2024-01-01T18,SWPP,Southwest Power Pool,Nuclear,2042
2024-01-01T18,SWPP,Southwest Power Pool,Petroleum,0
2024-01-01T18,SWPP,Southwest Power Pool,Other,44
2024-01-01T18,SWPP,Southwest Power Pool,Solar,161
2024-01-01T18,SWPP,Southwest Power Pool,Hydro,781
2024-01-01T18,SWPP,Southwest Power Pool,Wind,4148
2024-01-01T19,SWPP,Southwest Power Pool,Coal,11179
2024-01-01T19,SWPP,Southwest Power Pool,Natural Gas,12577
2024-01-01T19,SWPP,Southwest Power Pool,Nuclear,2042
2024-01-01T19,SWPP,Southwest Power Pool,Petroleum,0
2024-01-01T19,SWPP,Southwest Power Pool,Other,45
2024-01-01T19,SWPP,Southwest Power Pool,Solar,139
2024-01-01T19,SWPP,Southwest Power Pool,Hydro,768
2024-01-01T19,SWPP,Southwest Power Pool,Wind,4329
2024-01-01T20,SWPP,Southwest Power Pool,Coal,10451
2024-01-01T20,SWPP,Southwest Power Pool,Natural Gas,11596
2024-01-01T20,SWPP,Southwest Power Pool,Nuclear,2042
2024-01-01T20,SWPP,Southwest Power Pool,Petroleum,0
2024-01-01T20,SWPP,Southwest Power Pool,Other,46
2024-01-01T20,SWPP,Southwest Power Pool,Solar,145
2024-01-01T20,SWPP,Southwest Power Pool,Hydro,766
2024-01-01T20,SWPP,Southwest Power Pool,Wind,5208
2024-01-01T21,SWPP,Southwest Power Pool,Coal,9657
2024-01-01T21,SWPP,Southwest Power Pool,Natural Gas,10681
2024-01-01T21,SWPP,Southwest Power Pool,Nuclear,2042
2024-01-01T21,SWPP,Southwest Power Pool,Petroleum,0
2024-01-01T21,SWPP,Southwest Power Pool,Other,46
2024-01-01T21,SWPP,Southwest Power Pool,Solar,124
2024-01-01T21,SWPP,Southwest Power Pool,Hydro,651
2024-01-01T21,SWPP,Southwest Power Pool,Wind,6527
2024-01-01T22,SWPP,Southwest Power Pool,Coal,9050
2024-01-01T22,SWPP,Southwest Power Pool,Natural Gas,10365
2024-01-01T22,SWPP,Southwest Power Pool,Nuclear,2042
2024-01-01T22,SWPP,Southwest Power Pool,Petroleum,0
2024-01-01T22,SWPP,Southwest Power Pool,Other,47
2024-01-01T22,SWPP,Southwest Power Pool,Solar,143
2024-01-01T22,SWPP,Southwest Power Pool,Hydro,629
2024-01-01T22,SWPP,Southwest Power Pool,Wind,7618
2024-01-01T23,SWPP,Southwest Power Pool,Coal,9137
2024-01-01T23,SWPP,Southwest Power Pool,Natural Gas,10363
2024-01-01T23,SWPP,Southwest Power Pool,Nuclear,2042
2024-01-01T23,SWPP,Southwest Power Pool,Petroleum,0
2024-01-01T23,SWPP,Southwest Power Pool,Other,47
2024-01-01T23,SWPP,Southwest Power Pool,Solar,107
2024-01-01T23,SWPP,Southwest Power Pool,Hydro,757
2024-01-01T23,SWPP,Southwest Power Pool,Wind,8119
2024-01-02T00,SWPP,Southwest Power Pool,Coal,9850
2024-01-02T00,SWPP,Southwest Power Pool,Natural Gas,10812
2024-01-02T00,SWPP,Southwest Power Pool,Nuclear,2042
2024-01-02T00,SWPP,Southwest Power Pool,Petroleum,0
2024-01-02T00,SWPP,Southwest Power Pool,Other,47
2024-01-02T00,SWPP,Southwest Power Pool,Solar,14
2024-01-02T00,SWPP,Southwest Power Pool,Hydro,822
2024-01-02T00,SWPP,Southwest Power Pool,Wind,9607
2024-01-02T01,SWPP,Southwest Power Pool,Coal,9871
2024-01-02T01,SWPP,Southwest Power Pool,Natural Gas,10141
2024-01-02T01,SWPP,Southwest Power Pool,Nuclear,2042
2024-01-02T01,SWPP,Southwest Power Pool,Petroleum,0
2024-01-02T01,SWPP,Southwest Power Pool,Other,47
2024-01-02T01,SWPP,Southwest Power Pool,Solar,0
2024-01-02T01,SWPP,Southwest Power Pool,Hydro,754
2024-01-02T01,SWPP,Southwest Power Pool,Wind,11794
2024-01-02T02,SWPP,Southwest Power Pool,Coal,8876
2024-01-02T02,SWPP,Southwest Power Pool,Natural Gas,9599
2024-01-02T02,SWPP,Southwest Power Pool,Nuclear,2042
2024-01-02T02,SWPP,Southwest Power Pool,Petroleum,0
2024-01-02T02,SWPP,Southwest Power Pool,Other,47
2024-01-02T02,SWPP,Southwest Power Pool,Solar,0
2024-01-02T02,SWPP,Southwest Power Pool,Hydro,747
2024-01-02T02,SWPP,Southwest Power Pool,Wind,12829
2024-01-02T03,SWPP,Southwest Power Pool,Coal,8257
2024-01-02T03,SWPP,Southwest Power Pool,Natural Gas,9554
2024-01-02T03,SWPP,Southwest Power Pool,Nuclear,2042
2024-01-02T03,SWPP,Southwest Power Pool,Petroleum,0
2024-01-02T03,SWPP,Southwest Power Pool,Other,46
2024-01-02T03,SWPP,Southwest Power Pool,Solar,0
2024-01-02T03,SWPP,Southwest Power Pool,Hydro,648
2024-01-02T03,SWPP,Southwest Power Pool,Wind,13653
2024-01-02T04,SWPP,Southwest Power Pool,Coal,7514
2024-01-02T04,SWPP,Southwest Power Pool,Natural Gas,9263
2024-01-02T04,SWPP,Southwest Power Pool,Nuclear,2042
2024-01-02T04,SWPP,Southwest Power Pool,Petroleum,0
2024-01-02T04,SWPP,Southwest Power Pool,Other,46
2024-01-02T04,SWPP,Southwest Power Pool,Solar,0
2024-01-02T04,SWPP,Southwest Power Pool,Hydro,620
2024-01-02T04,SWPP,Southwest Power Pool,Wind,14004
2024-01-02T05,SWPP,Southwest Power Pool,Coal,6841
2024-01-02T05,SWPP,Southwest Power Pool,Natural Gas,8761
2024-01-02T05,SWPP,Southwest Power Pool,Nuclear,2042
2024-01-02T05,SWPP,Southwest Power Pool,Petroleum,0
2024-01-02T05,SWPP,Southwest Power Pool,Other,46
2024-01-02T05,SWPP,Southwest Power Pool,Solar,0
2024-01-02T05,SWPP,Southwest Power Pool,Hydro,304
2024-01-02T05,SWPP,Southwest Power Pool,Wind,14591
2024-01-02T06,SWPP,Southwest Power Pool,Coal,5942
2024-01-02T06,SWPP,Southwest Power Pool,Natural Gas,7395
2024-01-02T06,SWPP,Southwest Power Pool,Nuclear,2042
2024-01-02T06,SWPP,Southwest Power Pool,Petroleum,0
2024-01-02T06,SWPP,Southwest Power Pool,Other,47
2024-01-02T06,SWPP,Southwest Power Pool,Solar,0
2024-01-02T06,SWPP,Southwest Power Pool,Hydro,198
2024-01-02T06,SWPP,Southwest Power Pool,Wind,15673
2024-01-02T07,SWPP,Southwest Power Pool,Coal,5800
2024-01-02T07,SWPP,Southwest Power Pool,Natural Gas,6906
2024-01-02T07,SWPP,Southwest Power Pool,Nuclear,2042
2024-01-02T07,SWPP,Southwest Power Pool,Petroleum,0
2024-01-02T07,SWPP,Southwest Power Pool,Other,47
2024-01-02T07,SWPP,Southwest Power Pool,Solar,0
2024-01-02T07,SWPP,Southwest Power Pool,Hydro,195
2024-01-02T07,SWPP,Southwest Power Pool,Wind,16162
2024-01-02T08,SWPP,Southwest Power Pool,Coal,5520
2024-01-02T08,SWPP,Southwest Power Pool,Natural Gas,6491
2024-01-02T08,SWPP,Southwest Power Pool,Nuclear,2042
2024-01-02T08,SWPP,Southwest Power Pool,Petroleum,0
2024-01-02T08,SWPP,Southwest Power Pool,Other,46
2024-01-02T08,SWPP,Southwest Power Pool,Solar,0
2024-01-02T08,SWPP,Southwest Power Pool,Hydro,195
2024-01-02T08,SWPP,Southwest Power Pool,Wind,15664
2024-01-02T09,SWPP,Southwest Power Pool,Coal,5394
2024-01-02T09,SWPP,Southwest Power Pool,Natural Gas,6703
2024-01-02T09,SWPP,Southwest Power Pool,Nuclear,2042
2024-01-02T09,SWPP,Southwest Power Pool,Petroleum,0
2024-01-02T09,SWPP,Southwest Power Pool,Other,47
2024-01-02T09,SWPP,Southwest Power Pool,Solar,0
2024-01-02T09,SWPP,Southwest Power Pool,Hydro,195
2024-01-02T09,SWPP,Southwest Power Pool,Wind,15216
2024-01-02T10,SWPP,Southwest Power Pool,Coal,6452
2024-01-02T10,SWPP,Southwest Power Pool,Natural Gas,7473
2024-01-02T10,SWPP,Southwest Power Pool,Nuclear,2042
2024-01-02T10,SWPP,Southwest Power Pool,Petroleum,0
2024-01-02T10,SWPP,Southwest Power Pool,Other,47
2024-01-02T10,SWPP,Southwest Power Pool,Solar,0
2024-01-02T10,SWPP,Southwest Power Pool,Hydro,193
2024-01-02T10,SWPP,Southwest Power Pool,Wind,14180
2024-01-02T11,SWPP,Southwest Power Pool,Coal,6824
2024-01-02T11,SWPP,Southwest Power Pool,Natural Gas,7709
2024-01-02T11,SWPP,Southwest Power Pool,Nuclear,2042
2024-01-02T11,SWPP,Southwest Power Pool,Petroleum,0
2024-01-02T11,SWPP,Southwest Power Pool,Other,47
2024-01-02T11,SWPP,Southwest Power Pool,Solar,0
2024-01-02T11,SWPP,Southwest Power Pool,Hydro,203
2024-01-02T11,SWPP,Southwest Power Pool,Wind,13846
2024-01-02T12,SWPP,Southwest Power Pool,Coal,7514
2024-01-02T12,SWPP,Southwest Power Pool,Natural Gas,8615
2024-01-02T12,SWPP,Southwest Power Pool,Nuclear,2042
2024-01-02T12,SWPP,Southwest Power Pool,Petroleum,0
2024-01-02T12,SWPP,Southwest Power Pool,Other,47
2024-01-02T12,SWPP,Southwest Power Pool,Solar,0
2024-01-02T12,SWPP,Southwest Power Pool,Hydro,462
2024-01-02T12,SWPP,Southwest Power Pool,Wind,13946
2024-01-02T13,SWPP,Southwest Power Pool,Coal,7957
2024-01-02T13,SWPP,Southwest Power Pool,Natural Gas,9362
2024-01-02T13,SWPP,Southwest Power Pool,Nuclear,2042
2024-01-02T13,SWPP,Southwest Power Pool,Petroleum,0
2024-01-02T13,SWPP,Southwest Power Pool,Other,46
2024-01-02T13,SWPP,Southwest Power Pool,Solar,0
2024-01-02T13,SWPP,Southwest Power Pool,Hydro,916
2024-01-02T13,SWPP,Southwest Power Pool,Wind,14416
2024-01-02T14,SWPP,Southwest Power Pool,Coal,8741
2024-01-02T14,SWPP,Southwest Power Pool,Natural Gas,10093
2024-01-02T14,SWPP,Southwest Power Pool,Nuclear,2042
2024-01-02T14,SWPP,Southwest Power Pool,Petroleum,0
2024-01-02T14,SWPP,Southwest Power Pool,Other,46
2024-01-02T14,SWPP,Southwest Power Pool,Solar,0
2024-01-02T14,SWPP,Southwest Power Pool,Hydro,1133
2024-01-02T14,SWPP,Southwest Power Pool,Wind,14389
2024-01-02T15,SWPP,Southwest Power Pool,Coal,8746
2024-01-02T15,SWPP,Southwest Power Pool,Natural Gas,10422
2024-01-02T15,SWPP,Southwest Power Pool,Nuclear,2042
2024-01-02T15,SWPP,Southwest Power Pool,Petroleum,2
2024-01-02T15,SWPP,Southwest Power Pool,Other,48
2024-01-02T15,SWPP,Southwest Power Pool,Solar,9
2024-01-02T15,SWPP,Southwest Power Pool,Hydro,1125
2024-01-02T15,SWPP,Southwest Power Pool,Wind,14300
2024-01-02T16,SWPP,Southwest Power Pool,Coal,9464
2024-01-02T16,SWPP,Southwest Power Pool,Natural Gas,11504
2024-01-02T16,SWPP,Southwest Power Pool,Nuclear,2042
2024-01-02T16,SWPP,Southwest Power Pool,Petroleum,4
2024-01-02T16,SWPP,Southwest Power Pool,Other,47
2024-01-02T16,SWPP,Southwest Power Pool,Solar,39
2024-01-02T16,SWPP,Southwest Power Pool,Hydro,1074
2024-01-02T16,SWPP,Southwest Power Pool,Wind,11800
2024-01-02T17,SWPP,Southwest Power Pool,Coal,10478
2024-01-02T17,SWPP,Southwest Power Pool,Natural Gas,12126
2024-01-02T17,SWPP,Southwest Power Pool,Nuclear,2043
2024-01-02T17,SWPP,Southwest Power Pool,Petroleum,5
2024-01-02T17,SWPP,Southwest Power Pool,Other,48
2024-01-02T17,SWPP,Southwest Power Pool,Solar,58
2024-01-02T17,SWPP,Southwest Power Pool,Hydro,1059
2024-01-02T17,SWPP,Southwest Power Pool,Wind,9418
2024-01-02T18,SWPP,Southwest Power Pool,Coal,10847
2024-01-02T18,SWPP,Southwest Power Pool,Natural Gas,12081
2024-01-02T18,SWPP,Southwest Power Pool,Nuclear,2042
2024-01-02T18,SWPP,Southwest Power Pool,Petroleum,6
2024-01-02T18,SWPP,Southwest Power Pool,Other,48
2024-01-02T18,SWPP,Southwest Power Pool,Solar,67
2024-01-02T18,SWPP,Southwest Power Pool,Hydro,875
2024-01-02T18,SWPP,Southwest Power Pool,Wind,8180
2024-01-02T19,SWPP,Southwest Power Pool,Coal,11362
2024-01-02T19,SWPP,Southwest Power Pool,Natural Gas,12426
2024-01-02T19,SWPP,Southwest Power Pool,Nuclear,2042
2024-01-02T19,SWPP,Southwest Power Pool,Petroleum,8
2024-01-02T19,SWPP,Southwest Power Pool,Other,47
2024-01-02T19,SWPP,Southwest Power Pool,Solar,65
2024-01-02T19,SWPP,Southwest Power Pool,Hydro,848
2024-01-02T19,SWPP,Southwest Power Pool,Wind,6347
2024-01-02T20,SWPP,Southwest Power Pool,Coal,11606
2024-01-02T20,SWPP,Southwest Power Pool,Natural Gas,12726
2024-01-02T20,SWPP,Southwest Power Pool,Nuclear,2043
2024-01-02T20,SWPP,Southwest Power Pool,Petroleum,8
2024-01-02T20,SWPP,Southwest Power Pool,Other,47
2024-01-02T20,SWPP,Southwest Power Pool,Solar,75
2024-01-02T20,SWPP,Southwest Power Pool,Hydro,826
2024-01-02T20,SWPP,Southwest Power Pool,Wind,4987
2024-01-02T21,SWPP,Southwest Power Pool,Coal,11198
2024-01-02T21,SWPP,Southwest Power Pool,Natural Gas,12670
2024-01-02T21,SWPP,Southwest Power Pool,Nuclear,2042
2024-01-02T21,SWPP,Southwest Power Pool,Petroleum,8
2024-01-02T21,SWPP,Southwest Power Pool,Other,48
2024-01-02T21,SWPP,Southwest Power Pool,Solar,89
2024-01-02T21,SWPP,Southwest Power Pool,Hydro,816
2024-01-02T21,SWPP,Southwest Power Pool,Wind,4518
2024-01-02T22,SWPP,Southwest Power Pool,Coal,11172
2024-01-02T22,SWPP,Southwest Power Pool,Natural Gas,12631
2024-01-02T22,SWPP,Southwest Power Pool,Nuclear,2044
2024-01-02T22,SWPP,Southwest Power Pool,Petroleum,4
2024-01-02T22,SWPP,Southwest Power Pool,Other,48
2024-01-02T22,SWPP,Southwest Power Pool,Solar,79
2024-01-02T22,SWPP,Southwest Power Pool,Hydro,828
2024-01-02T22,SWPP,Southwest Power Pool,Wind,4370
2024-01-02T23,SWPP,Southwest Power Pool,Coal,11200
2024-01-02T23,SWPP,Southwest Power Pool,Natural Gas,12681
2024-01-02T23,SWPP,Southwest Power Pool,Nuclear,2044
2024-01-02T23,SWPP,Southwest Power Pool,Petroleum,4
2024-01-02T23,SWPP,Southwest Power Pool,Other,49
2024-01-02T23,SWPP,Southwest Power Pool,Solar,98
2024-01-02T23,SWPP,Southwest Power Pool,Hydro,1147
2024-01-02T23,SWPP,Southwest Power Pool,Wind,4653
2024-01-03T00,SWPP,Southwest Power Pool,Coal,11934
2024-01-03T00,SWPP,Southwest Power Pool,Natural Gas,13014
2024-01-03T00,SWPP,Southwest Power Pool,Nuclear,2044
2024-01-03T00,SWPP,Southwest Power Pool,Petroleum,0
2024-01-03T00,SWPP,Southwest Power Pool,Other,49
2024-01-03T00,SWPP,Southwest Power Pool,Solar,21
2024-01-03T00,SWPP,Southwest Power Pool,Hydro,1169
2024-01-03T00,SWPP,Southwest Power Pool,Wind,5391
2024-01-03T01,SWPP,Southwest Power Pool,Coal,11749
2024-01-03T01,SWPP,Southwest Power Pool,Natural Gas,12452
2024-01-03T01,SWPP,Southwest Power Pool,Nuclear,2044
2024-01-03T01,SWPP,Southwest Power Pool,Petroleum,0
2024-01-03T01,SWPP,Southwest Power Pool,Other,49
2024-01-03T01,SWPP,Southwest Power Pool,Solar,0
2024-01-03T01,SWPP,Southwest Power Pool,Hydro,1135
2024-01-03T01,SWPP,Southwest Power Pool,Wind,6331
2024-01-03T02,SWPP,Southwest Power Pool,Coal,12316
2024-01-03T02,SWPP,Southwest Power Pool,Natural Gas,12768
2024-01-03T02,SWPP,Southwest Power Pool,Nuclear,2044
2024-01-03T02,SWPP,Southwest Power Pool,Petroleum,0
2024-01-03T02,SWPP,Southwest Power Pool,Other,49
2024-01-03T02,SWPP,Southwest Power Pool,Solar,0
2024-01-03T02,SWPP,Southwest Power Pool,Hydro,1134
2024-01-03T02,SWPP,Southwest Power Pool,Wind,5733
2024-01-03T03,SWPP,Southwest Power Pool,Coal,13189
2024-01-03T03,SWPP,Southwest Power Pool,Natural Gas,13162
2024-01-03T03,SWPP,Southwest Power Pool,Nuclear,2044
2024-01-03T03,SWPP,Southwest Power Pool,Petroleum,0
2024-01-03T03,SWPP,Southwest Power Pool,Other,49
2024-01-03T03,SWPP,Southwest Power Pool,Solar,0
2024-01-03T03,SWPP,Southwest Power Pool,Hydro,943
2024-01-03T03,SWPP,Southwest Power Pool,Wind,4586
2024-01-03T04,SWPP,Southwest Power Pool,Coal,13142
2024-01-03T04,SWPP,Southwest Power Pool,Natural Gas,13151
2024-01-03T04,SWPP,Southwest Power Pool,Nuclear,2044
2024-01-03T04,SWPP,Southwest Power Pool,Petroleum,0
2024-01-03T04,SWPP,Southwest Power Pool,Other,48
2024-01-03T04,SWPP,Southwest Power Pool,Solar,0
2024-01-03T04,SWPP,Southwest Power Pool,Hydro,753
2024-01-03T04,SWPP,Southwest Power Pool,Wind,3653
2024-01-03T05,SWPP,Southwest Power Pool,Coal,13257
2024-01-03T05,SWPP,Southwest Power Pool,Natural Gas,13203
2024-01-03T05,SWPP,Southwest Power Pool,Nuclear,2044
2024-01-03T05,SWPP,Southwest Power Pool,Petroleum,0
2024-01-03T05,SWPP,Southwest Power Pool,Other,48
2024-01-03T05,SWPP,Southwest Power Pool,Solar,0
2024-01-03T05,SWPP,Southwest Power Pool,Hydro,485
2024-01-03T05,SWPP,Southwest Power Pool,Wind,2792
2024-01-03T06,SWPP,Southwest Power Pool,Coal,13159
2024-01-03T06,SWPP,Southwest Power Pool,Natural Gas,13274
2024-01-03T06,SWPP,Southwest Power Pool,Nuclear,2044
2024-01-03T06,SWPP,Southwest Power Pool,Petroleum,0
2024-01-03T06,SWPP,Southwest Power Pool,Other,49
2024-01-03T06,SWPP,Southwest Power Pool,Solar,0
2024-01-03T06,SWPP,Southwest Power Pool,Hydro,222
2024-01-03T06,SWPP,Southwest Power Pool,Wind,2222
2024-01-03T07,SWPP,Southwest Power Pool,Coal,12640
2024-01-03T07,SWPP,Southwest Power Pool,Natural Gas,13204
2024-01-03T07,SWPP,Southwest Power Pool,Nuclear,2044
2024-01-03T07,SWPP,Southwest Power Pool,Petroleum,0
2024-01-03T07,SWPP,Southwest Power Pool,Other,47
2024-01-03T07,SWPP,Southwest Power Pool,Solar,0
2024-01-03T07,SWPP,Southwest Power Pool,Hydro,198
2024-01-03T07,SWPP,Southwest Power Pool,Wind,1998
2024-01-03T08,SWPP,Southwest Power Pool,Coal,12310
2024-01-03T08,SWPP,Southwest Power Pool,Natural Gas,12904
2024-01-03T08,SWPP,Southwest Power Pool,Nuclear,2044
2024-01-03T08,SWPP,Southwest Power Pool,Petroleum,0
2024-01-03T08,SWPP,Southwest Power Pool,Other,46
2024-01-03T08,SWPP,Southwest Power Pool,Solar,0
2024-01-03T08,SWPP,Southwest Power Pool,Hydro,193
2024-01-03T08,SWPP,Southwest Power Pool,Wind,2208
2024-01-03T09,SWPP,Southwest Power Pool,Coal,12117
2024-01-03T09,SWPP,Southwest Power Pool,Natural Gas,12981
2024-01-03T09,SWPP,Southwest Power Pool,Nuclear,2044
2024-01-03T09,SWPP,Southwest Power Pool,Petroleum,0
2024-01-03T09,SWPP,Southwest Power Pool,Other,46
2024-01-03T09,SWPP,Southwest Power Pool,Solar,0
2024-01-03T09,SWPP,Southwest Power Pool,Hydro,187
2024-01-03T09,SWPP,Southwest Power Pool,Wind,2533
2024-01-03T10,SWPP,Southwest Power Pool,Coal,12054
2024-01-03T10,SWPP,Southwest Power Pool,Natural Gas,13059
2024-01-03T10,SWPP,Southwest Power Pool,Nuclear,2044
2024-01-03T10,SWPP,Southwest Power Pool,Petroleum,0
2024-01-03T10,SWPP,Southwest Power Pool,Other,46
2024-01-03T10,SWPP,Southwest Power Pool,Solar,0
2024-01-03T10,SWPP,Southwest Power Pool,Hydro,187
2024-01-03T10,SWPP,Southwest Power Pool,Wind,2870
2024-01-03T11,SWPP,Southwest Power Pool,Coal,11926
2024-01-03T11,SWPP,Southwest Power Pool,Natural Gas,13456
2024-01-03T11,SWPP,Southwest Power Pool,Nuclear,2045
2024-01-03T11,SWPP,Southwest Power Pool,Petroleum,0
2024-01-03T11,SWPP,Southwest Power Pool,Other,46
2024-01-03T11,SWPP,Southwest Power Pool,Solar,0
2024-01-03T11,SWPP,Southwest Power Pool,Hydro,188
2024-01-03T11,SWPP,Southwest Power Pool,Wind,3250
2024-01-03T12,SWPP,Southwest Power Pool,Coal,11865
2024-01-03T12,SWPP,Southwest Power Pool,Natural Gas,14271
2024-01-03T12,SWPP,Southwest Power Pool,Nuclear,2044
2024-01-03T12,SWPP,Southwest Power Pool,Petroleum,0
2024-01-03T12,SWPP,Southwest Power Pool,Other,46
2024-01-03T12,SWPP,Southwest Power Pool,Solar,0
2024-01-03T12,SWPP,Southwest Power Pool,Hydro,338
2024-01-03T12,SWPP,Southwest Power Pool,Wind,3762
2024-01-03T13,SWPP,Southwest Power Pool,Coal,12051
2024-01-03T13,SWPP,Southwest Power Pool,Natural Gas,14594
2024-01-03T13,SWPP,Southwest Power Pool,Nuclear,2044
2024-01-03T13,SWPP,Southwest Power Pool,Petroleum,0
2024-01-03T13,SWPP,Southwest Power Pool,Other,46
2024-01-03T13,SWPP,Southwest Power Pool,Solar,0
2024-01-03T13,SWPP,Southwest Power Pool,Hydro,1160
2024-01-03T13,SWPP,Southwest Power Pool,Wind,4086
2024-01-03T14,SWPP,Southwest Power Pool,Coal,12610
2024-01-03T14,SWPP,Southwest Power Pool,Natural Gas,15796
2024-01-03T14,SWPP,Southwest Power Pool,Nuclear,2044
2024-01-03T14,SWPP,Southwest Power Pool,Petroleum,0
2024-01-03T14,SWPP,Southwest Power Pool,Other,46
2024-01-03T14,SWPP,Southwest Power Pool,Solar,0
2024-01-03T14,SWPP,Southwest Power Pool,Hydro,1167
2024-01-03T14,SWPP,Southwest Power Pool,Wind,4026
2024-01-03T15,SWPP,Southwest Power Pool,Coal,12853
2024-01-03T15,SWPP,Southwest Power Pool,Natural Gas,16135
2024-01-03T15,SWPP,Southwest Power Pool,Nuclear,2006
2024-01-03T15,SWPP,Southwest Power Pool,Petroleum,0
2024-01-03T15,SWPP,Southwest Power Pool,Other,47
2024-01-03T15,SWPP,Southwest Power Pool,Solar,24
2024-01-03T15,SWPP,Southwest Power Pool,Hydro,1176
2024-01-03T15,SWPP,Southwest Power Pool,Wind,3099
2024-01-03T16,SWPP,Southwest Power Pool,Coal,12990
2024-01-03T16,SWPP,Southwest Power Pool,Natural Gas,16576
2024-01-03T16,SWPP,Southwest Power Pool,Nuclear,1877
2024-01-03T16,SWPP,Southwest Power Pool,Petroleum,0
2024-01-03T16,SWPP,Southwest Power Pool,Other,46
2024-01-03T16,SWPP,Southwest Power Pool,Solar,151
2024-01-03T16,SWPP,Southwest Power Pool,Hydro,1155
2024-01-03T16,SWPP,Southwest Power Pool,Wind,1594
2024-01-03T17,SWPP,Southwest Power Pool,Coal,12904
2024-01-03T17,SWPP,Southwest Power Pool,Natural Gas,16778
2024-01-03T17,SWPP,Southwest Power Pool,Nuclear,1776
2024-01-03T17,SWPP,Southwest Power Pool,Petroleum,0
2024-01-03T17,SWPP,Southwest Power Pool,Other,38
2024-01-03T17,SWPP,Southwest Power Pool,Solar,187
2024-01-03T17,SWPP,Southwest Power Pool,Hydro,1105
2024-01-03T17,SWPP,Southwest Power Pool,Wind,739
2024-01-03T18,SWPP,Southwest Power Pool,Coal,12693
2024-01-03T18,SWPP,Southwest Power Pool,Natural Gas,16780
2024-01-03T18,SWPP,Southwest Power Pool,Nuclear,1700
2024-01-03T18,SWPP,Southwest Power Pool,Petroleum,1
2024-01-03T18,SWPP,Southwest Power Pool,Other,44
2024-01-03T18,SWPP,Southwest Power Pool,Solar,152
2024-01-03T18,SWPP,Southwest Power Pool,Hydro,1096
2024-01-03T18,SWPP,Southwest Power Pool,Wind,749
2024-01-03T19,SWPP,Southwest Power Pool,Coal,12303
2024-01-03T19,SWPP,Southwest Power Pool,Natural Gas,16328
2024-01-03T19,SWPP,Southwest Power Pool,Nuclear,1693
2024-01-03T19,SWPP,Southwest Power Pool,Petroleum,1
2024-01-03T19,SWPP,Southwest Power Pool,Other,43
2024-01-03T19,SWPP,Southwest Power Pool,Solar,148
2024-01-03T19,SWPP,Southwest Power Pool,Hydro,963
2024-01-03T19,SWPP,Southwest Power Pool,Wind,894
2024-01-03T20,SWPP,Southwest Power Pool,Coal,12066
2024-01-03T20,SWPP,Southwest Power Pool,Natural Gas,15887
2024-01-03T20,SWPP,Southwest Power Pool,Nuclear,1688
2024-01-03T20,SWPP,Southwest Power Pool,Petroleum,0
2024-01-03T20,SWPP,Southwest Power Pool,Other,48
2024-01-03T20,SWPP,Southwest Power Pool,Solar,163
2024-01-03T20,SWPP,Southwest Power Pool,Hydro,916
2024-01-03T20,SWPP,Southwest Power Pool,Wind,1007
2024-01-03T21,SWPP,Southwest Power Pool,Coal,11950
2024-01-03T21,SWPP,Southwest Power Pool,Natural Gas,15494
2024-01-03T21,SWPP,Southwest Power Pool,Nuclear,1690
2024-01-03T21,SWPP,Southwest Power Pool,Petroleum,0
2024-01-03T21,SWPP,Southwest Power Pool,Other,50
2024-01-03T21,SWPP,Southwest Power Pool,Solar,170
2024-01-03T21,SWPP,Southwest Power Pool,Hydro,819
2024-01-03T21,SWPP,Southwest Power Pool,Wind,1095
2024-01-03T22,SWPP,Southwest Power Pool,Coal,11667
2024-01-03T22,SWPP,Southwest Power Pool,Natural Gas,15117
2024-01-03T22,SWPP,Southwest Power Pool,Nuclear,1691
2024-01-03T22,SWPP,Southwest Power Pool,Petroleum,0
2024-01-03T22,SWPP,Southwest Power Pool,Other,48
2024-01-03T22,SWPP,Southwest Power Pool,Solar,185
2024-01-03T22,SWPP,Southwest Power Pool,Hydro,810
2024-01-03T22,SWPP,Southwest Power Pool,Wind,1302
2024-01-03T23,SWPP,Southwest Power Pool,Coal,11441
2024-01-03T23,SWPP,Southwest Power Pool,Natural Gas,14998
2024-01-03T23,SWPP,Southwest Power Pool,Nuclear,1693
2024-01-03T23,SWPP,Southwest Power Pool,Petroleum,0
2024-01-03T23,SWPP,Southwest Power Pool,Other,49
2024-01-03T23,SWPP,Southwest Power Pool,Solar,152
2024-01-03T23,SWPP,Southwest Power Pool,Hydro,976
2024-01-03T23,SWPP,Southwest Power Pool,Wind,1871
2024-01-04T00,SWPP,Southwest Power Pool,Coal,11393
2024-01-04T00,SWPP,Southwest Power Pool,Natural Gas,15130
2024-01-04T00,SWPP,Southwest Power Pool,Nuclear,1696
2024-01-04T00,SWPP,Southwest Power Pool,Petroleum,13
2024-01-04T00,SWPP,Southwest Power Pool,Other,49
2024-01-04T00,SWPP,Southwest Power Pool,Solar,23
2024-01-04T00,SWPP,Southwest Power Pool,Hydro,1149
2024-01-04T00,SWPP,Southwest Power Pool,Wind,3081
2024-01-04T01,SWPP,Southwest Power Pool,Coal,11019
2024-01-04T01,SWPP,Southwest Power Pool,Natural Gas,13719
2024-01-04T01,SWPP,Southwest Power Pool,Nuclear,1695
2024-01-04T01,SWPP,Southwest Power Pool,Petroleum,51
2024-01-04T01,SWPP,Southwest Power Pool,Other,50
2024-01-04T01,SWPP,Southwest Power Pool,Solar,0
2024-01-04T01,SWPP,Southwest Power Pool,Hydro,991
2024-01-04T01,SWPP,Southwest Power Pool,Wind,5562
2024-01-04T02,SWPP,Southwest Power Pool,Coal,10358
2024-01-04T02,SWPP,Southwest Power Pool,Natural Gas,12783
2024-01-04T02,SWPP,Southwest Power Pool,Nuclear,1695
2024-01-04T02,SWPP,Southwest Power Pool,Petroleum,50
2024-01-04T02,SWPP,Southwest Power Pool,Other,50
2024-01-04T02,SWPP,Southwest Power Pool,Solar,0
2024-01-04T02,SWPP,Southwest Power Pool,Hydro,836
2024-01-04T02,SWPP,Southwest Power Pool,Wind,7420
2024-01-04T03,SWPP,Southwest Power Pool,Coal,10387
2024-01-04T03,SWPP,Southwest Power Pool,Natural Gas,12474
2024-01-04T03,SWPP,Southwest Power Pool,Nuclear,1698
2024-01-04T03,SWPP,Southwest Power Pool,Petroleum,46
2024-01-04T03,SWPP,Southwest Power Pool,Other,49
2024-01-04T03,SWPP,Southwest Power Pool,Solar,0
2024-01-04T03,SWPP,Southwest Power Pool,Hydro,734
2024-01-04T03,SWPP,Southwest Power Pool,Wind,8386
2024-01-04T04,SWPP,Southwest Power Pool,Coal,9843
2024-01-04T04,SWPP,Southwest Power Pool,Natural Gas,11694
2024-01-04T04,SWPP,Southwest Power Pool,Nuclear,1685
2024-01-04T04,SWPP,Southwest Power Pool,Petroleum,44
2024-01-04T04,SWPP,Southwest Power Pool,Other,50
2024-01-04T04,SWPP,Southwest Power Pool,Solar,0
2024-01-04T04,SWPP,Southwest Power Pool,Hydro,664
2024-01-04T04,SWPP,Southwest Power Pool,Wind,9052
2024-01-04T05,SWPP,Southwest Power Pool,Coal,9682
2024-01-04T05,SWPP,Southwest Power Pool,Natural Gas,11572
2024-01-04T05,SWPP,Southwest Power Pool,Nuclear,1691
2024-01-04T05,SWPP,Southwest Power Pool,Petroleum,66
2024-01-04T05,SWPP,Southwest Power Pool,Other,49
2024-01-04T05,SWPP,Southwest Power Pool,Solar,0
2024-01-04T05,SWPP,Southwest Power Pool,Hydro,484
2024-01-04T05,SWPP,Southwest Power Pool,Wind,9225
2024-01-04T06,SWPP,Southwest Power Pool,Coal,8922
2024-01-04T06,SWPP,Southwest Power Pool,Natural Gas,10983
2024-01-04T06,SWPP,Southwest Power Pool,Nuclear,1697
2024-01-04T06,SWPP,Southwest Power Pool,Petroleum,33
2024-01-04T06,SWPP,Southwest Power Pool,Other,49
2024-01-04T06,SWPP,Southwest Power Pool,Solar,0
2024-01-04T06,SWPP,Southwest Power Pool,Hydro,518
2024-01-04T06,SWPP,Southwest Power Pool,Wind,9486
2024-01-04T07,SWPP,Southwest Power Pool,Coal,8575
2024-01-04T07,SWPP,Southwest Power Pool,Natural Gas,10660
2024-01-04T07,SWPP,Southwest Power Pool,Nuclear,1693
2024-01-04T07,SWPP,Southwest Power Pool,Petroleum,0
2024-01-04T07,SWPP,Southwest Power Pool,Other,49
2024-01-04T07,SWPP,Southwest Power Pool,Solar,0
2024-01-04T07,SWPP,Southwest Power Pool,Hydro,489
2024-01-04T07,SWPP,Southwest Power Pool,Wind,9827
2024-01-04T08,SWPP,Southwest Power Pool,Coal,8477
2024-01-04T08,SWPP,Southwest Power Pool,Natural Gas,10321
2024-01-04T08,SWPP,Southwest Power Pool,Nuclear,1695
2024-01-04T08,SWPP,Southwest Power Pool,Petroleum,0
2024-01-04T08,SWPP,Southwest Power Pool,Other,49
2024-01-04T08,SWPP,Southwest Power Pool,Solar,0
2024-01-04T08,SWPP,Southwest Power Pool,Hydro,533
2024-01-04T08,SWPP,Southwest Power Pool,Wind,10014
2024-01-04T09,SWPP,Southwest Power Pool,Coal,8439
2024-01-04T09,SWPP,Southwest Power Pool,Natural Gas,9821
2024-01-04T09,SWPP,Southwest Power Pool,Nuclear,1698
2024-01-04T09,SWPP,Southwest Power Pool,Petroleum,0
2024-01-04T09,SWPP,Southwest Power Pool,Other,49
2024-01-04T09,SWPP,Southwest Power Pool,Solar,0
2024-01-04T09,SWPP,Southwest Power Pool,Hydro,542
2024-01-04T09,SWPP,Southwest Power Pool,Wind,10562
2024-01-04T10,SWPP,Southwest Power Pool,Coal,8422
2024-01-04T10,SWPP,Southwest Power Pool,Natural Gas,10065
2024-01-04T10,SWPP,Southwest Power Pool,Nuclear,1713
2024-01-04T10,SWPP,Southwest Power Pool,Petroleum,0
2024-01-04T10,SWPP,Southwest Power Pool,Other,49
2024-01-04T10,SWPP,Southwest Power Pool,Solar,0
2024-01-04T10,SWPP,Southwest Power Pool,Hydro,592
2024-01-04T10,SWPP,Southwest Power Pool,Wind,11013
2024-01-04T11,SWPP,Southwest Power Pool,Coal,8334
2024-01-04T11,SWPP,Southwest Power Pool,Natural Gas,10204
2024-01-04T11,SWPP,Southwest Power Pool,Nuclear,1747
2024-01-04T11,SWPP,Southwest Power Pool,Petroleum,0
2024-01-04T11,SWPP,Southwest Power Pool,Other,49
2024-01-04T11,SWPP,Southwest Power Pool,Solar,0
2024-01-04T11,SWPP,Southwest Power Pool,Hydro,604
2024-01-04T11,SWPP,Southwest Power Pool,Wind,11578
2024-01-04T12,SWPP,Southwest Power Pool,Coal,8575
2024-01-04T12,SWPP,Southwest Power Pool,Natural Gas,10910
2024-01-04T12,SWPP,Southwest Power Pool,Nuclear,1795
2024-01-04T12,SWPP,Southwest Power Pool,Petroleum,0
2024-01-04T12,SWPP,Southwest Power Pool,Other,49
2024-01-04T12,SWPP,Southwest Power Pool,Solar,0
2024-01-04T12,SWPP,Southwest Power Pool,Hydro,773
2024-01-04T12,SWPP,Southwest Power Pool,Wind,12006
2024-01-04T13,SWPP,Southwest Power Pool,Coal,8854
2024-01-04T13,SWPP,Southwest Power Pool,Natural Gas,11021
2024-01-04T13,SWPP,Southwest Power Pool,Nuclear,1825
2024-01-04T13,SWPP,Southwest Power Pool,Petroleum,2
2024-01-04T13,SWPP,Southwest Power Pool,Other,49
2024-01-04T13,SWPP,Southwest Power Pool,Solar,0
2024-01-04T13,SWPP,Southwest Power Pool,Hydro,1161
2024-01-04T13,SWPP,Southwest Power Pool,Wind,12285
2024-01-04T14,SWPP,Southwest Power Pool,Coal,9468
2024-01-04T14,SWPP,Southwest Power Pool,Natural Gas,11438
2024-01-04T14,SWPP,Southwest Power Pool,Nuclear,1841
2024-01-04T14,SWPP,Southwest Power Pool,Petroleum,72
2024-01-04T14,SWPP,Southwest Power Pool,Other,50
2024-01-04T14,SWPP,Southwest Power Pool,Solar,0
2024-01-04T14,SWPP,Southwest Power Pool,Hydro,1203
2024-01-04T14,SWPP,Southwest Power Pool,Wind,12610
2024-01-04T15,SWPP,Southwest Power Pool,Coal,9387
2024-01-04T15,SWPP,Southwest Power Pool,Natural Gas,10830
2024-01-04T15,SWPP,Southwest Power Pool,Nuclear,1881
2024-01-04T15,SWPP,Southwest Power Pool,Petroleum,50
2024-01-04T15,SWPP,Southwest Power Pool,Other,49
2024-01-04T15,SWPP,Southwest Power Pool,Solar,0
2024-01-04T15,SWPP,Southwest Power Pool,Hydro,1225
2024-01-04T15,SWPP,Southwest Power Pool,Wind,12948
2024-01-04T16,SWPP,Southwest Power Pool,Coal,9517
2024-01-04T16,SWPP,Southwest Power Pool,Natural Gas,10689
2024-01-04T16,SWPP,Southwest Power Pool,Nuclear,1926
2024-01-04T16,SWPP,Southwest Power Pool,Petroleum,49
2024-01-04T16,SWPP,Southwest Power Pool,Other,49
2024-01-04T16,SWPP,Southwest Power Pool,Solar,2
2024-01-04T16,SWPP,Southwest Power Pool,Hydro,1228
2024-01-04T16,SWPP,Southwest Power Pool,Wind,11863
2024-01-04T17,SWPP,Southwest Power Pool,Coal,10167
2024-01-04T17,SWPP,Southwest Power Pool,Natural Gas,10920
2024-01-04T17,SWPP,Southwest Power Pool,Nuclear,1960
2024-01-04T17,SWPP,Southwest Power Pool,Petroleum,8
2024-01-04T17,SWPP,Southwest Power Pool,Other,50
2024-01-04T17,SWPP,Southwest Power Pool,Solar,2
2024-01-04T17,SWPP,Southwest Power Pool,Hydro,1187
2024-01-04T17,SWPP,Southwest Power Pool,Wind,10901
2024-01-04T18,SWPP,Southwest Power Pool,Coal,10322
2024-01-04T18,SWPP,Southwest Power Pool,Natural Gas,10413
2024-01-04T18,SWPP,Southwest Power Pool,Nuclear,1978
2024-01-04T18,SWPP,Southwest Power Pool,Petroleum,16
2024-01-04T18,SWPP,Southwest Power Pool,Other,49
2024-01-04T18,SWPP,Southwest Power Pool,Solar,15
2024-01-04T18,SWPP,Southwest Power Pool,Hydro,1139
2024-01-04T18,SWPP,Southwest Power Pool,Wind,10741
2024-01-04T19,SWPP,Southwest Power Pool,Coal,10545
2024-01-04T19,SWPP,Southwest Power Pool,Natural Gas,9887
2024-01-04T19,SWPP,Southwest Power Pool,Nuclear,1998
2024-01-04T19,SWPP,Southwest Power Pool,Petroleum,16
2024-01-04T19,SWPP,Southwest Power Pool,Other,51
2024-01-04T19,SWPP,Southwest Power Pool,Solar,14
2024-01-04T19,SWPP,Southwest Power Pool,Hydro,1008
2024-01-04T19,SWPP,Southwest Power Pool,Wind,10382
2024-01-04T20,SWPP,Southwest Power Pool,Coal,10888
2024-01-04T20,SWPP,Southwest Power Pool,Natural Gas,10282
2024-01-04T20,SWPP,Southwest Power Pool,Nuclear,2014
2024-01-04T20,SWPP,Southwest Power Pool,Petroleum,19
2024-01-04T20,SWPP,Southwest Power Pool,Other,51
2024-01-04T20,SWPP,Southwest Power Pool,Solar,23
2024-01-04T20,SWPP,Southwest Power Pool,Hydro,979
2024-01-04T20,SWPP,Southwest Power Pool,Wind,9272
2024-01-04T21,SWPP,Southwest Power Pool,Coal,11014
2024-01-04T21,SWPP,Southwest Power Pool,Natural Gas,10191
2024-01-04T21,SWPP,Southwest Power Pool,Nuclear,2031
2024-01-04T21,SWPP,Southwest Power Pool,Petroleum,28
2024-01-04T21,SWPP,Southwest Power Pool,Other,52
2024-01-04T21,SWPP,Southwest Power Pool,Solar,44
2024-01-04T21,SWPP,Southwest Power Pool,Hydro,757
2024-01-04T21,SWPP,Southwest Power Pool,Wind,8531
2024-01-04T22,SWPP,Southwest Power Pool,Coal,11149
2024-01-04T22,SWPP,Southwest Power Pool,Natural Gas,9986
2024-01-04T22,SWPP,Southwest Power Pool,Nuclear,2043
2024-01-04T22,SWPP,Southwest Power Pool,Petroleum,20
2024-01-04T22,SWPP,Southwest Power Pool,Other,51
2024-01-04T22,SWPP,Southwest Power Pool,Solar,63
2024-01-04T22,SWPP,Southwest Power Pool,Hydro,784
2024-01-04T22,SWPP,Southwest Power Pool,Wind,8239
2024-01-04T23,SWPP,Southwest Power Pool,Coal,11114
2024-01-04T23,SWPP,Southwest Power Pool,Natural Gas,9938
2024-01-04T23,SWPP,Southwest Power Pool,Nuclear,2042
2024-01-04T23,SWPP,Southwest Power Pool,Petroleum,32
2024-01-04T23,SWPP,Southwest Power Pool,Other,52
2024-01-04T23,SWPP,Southwest Power Pool,Solar,15
2024-01-04T23,SWPP,Southwest Power Pool,Hydro,1100
2024-01-04T23,SWPP,Southwest Power Pool,Wind,9027
2024-01-05T00,SWPP,Southwest Power Pool,Coal,10898
2024-01-05T00,SWPP,Southwest Power Pool,Natural Gas,9737
2024-01-05T00,SWPP,Southwest Power Pool,Nuclear,2041
2024-01-05T00,SWPP,Southwest Power Pool,Petroleum,56
2024-01-05T00,SWPP,Southwest Power Pool,Other,52
2024-01-05T00,SWPP,Southwest Power Pool,Solar,7
2024-01-05T00,SWPP,Southwest Power Pool,Hydro,1223
2024-01-05T00,SWPP,Southwest Power Pool,Wind,10820
2024-01-05T01,SWPP,Southwest Power Pool,Coal,10468
2024-01-05T01,SWPP,Southwest Power Pool,Natural Gas,9522
2024-01-05T01,SWPP,Southwest Power Pool,Nuclear,2042
2024-01-05T01,SWPP,Southwest Power Pool,Petroleum,55
2024-01-05T01,SWPP,Southwest Power Pool,Other,50
2024-01-05T01,SWPP,Southwest Power Pool,Solar,0
2024-01-05T01,SWPP,Southwest Power Pool,Hydro,1045
2024-01-05T01,SWPP,Southwest Power Pool,Wind,12029
2024-01-05T02,SWPP,Southwest Power Pool,Coal,10108
2024-01-05T02,SWPP,Southwest Power Pool,Natural Gas,8763
2024-01-05T02,SWPP,Southwest Power Pool,Nuclear,2042
2024-01-05T02,SWPP,Southwest Power Pool,Petroleum,28
2024-01-05T02,SWPP,Southwest Power Pool,Other,51
2024-01-05T02,SWPP,Southwest Power Pool,Solar,0
2024-01-05T02,SWPP,Southwest Power Pool,Hydro,884
2024-01-05T02,SWPP,Southwest Power Pool,Wind,13415
2024-01-05T03,SWPP,Southwest Power Pool,Coal,9645
2024-01-05T03,SWPP,Southwest Power Pool,Natural Gas,8475
2024-01-05T03,SWPP,Southwest Power Pool,Nuclear,2042
2024-01-05T03,SWPP,Southwest Power Pool,Petroleum,30
2024-01-05T03,SWPP,Southwest Power Pool,Other,50
2024-01-05T03,SWPP,Southwest Power Pool,Solar,0
2024-01-05T03,SWPP,Southwest Power Pool,Hydro,709
2024-01-05T03,SWPP,Southwest Power Pool,Wind,14313
2024-01-05T04,SWPP,Southwest Power Pool,Coal,9383
2024-01-05T04,SWPP,Southwest Power Pool,Natural Gas,6998
2024-01-05T04,SWPP,Southwest Power Pool,Nuclear,2042
2024-01-05T04,SWPP,Southwest Power Pool,Petroleum,20
2024-01-05T04,SWPP,Southwest Power Pool,Other,49
2024-01-05T04,SWPP,Southwest Power Pool,Solar,0
2024-01-05T04,SWPP,Southwest Power Pool,Hydro,579
2024-01-05T04,SWPP,Southwest Power Pool,Wind,15000
2024-01-05T05,SWPP,Southwest Power Pool,Coal,9112
2024-01-05T05,SWPP,Southwest Power Pool,Natural Gas,6616
2024-01-05T05,SWPP,Southwest Power Pool,Nuclear,2042
2024-01-05T05,SWPP,Southwest Power Pool,Petroleum,20
2024-01-05T05,SWPP,Southwest Power Pool,Other,49
2024-01-05T05,SWPP,Southwest Power Pool,Solar,0
2024-01-05T05,SWPP,Southwest Power Pool,Hydro,294
2024-01-05T05,SWPP,Southwest Power Pool,Wind,15288
2024-01-05T06,SWPP,Southwest Power Pool,Coal,9511
2024-01-05T06,SWPP,Southwest Power Pool,Natural Gas,6699
2024-01-05T06,SWPP,Southwest Power Pool,Nuclear,2041
2024-01-05T06,SWPP,Southwest Power Pool,Petroleum,8
2024-01-05T06,SWPP,Southwest Power Pool,Other,50
2024-01-05T06,SWPP,Southwest Power Pool,Solar,0
2024-01-05T06,SWPP,Southwest Power Pool,Hydro,185
2024-01-05T06,SWPP,Southwest Power Pool,Wind,13993
2024-01-05T07,SWPP,Southwest Power Pool,Coal,10179
2024-01-05T07,SWPP,Southwest Power Pool,Natural Gas,6423
2024-01-05T07,SWPP,Southwest Power Pool,Nuclear,2040
2024-01-05T07,SWPP,Southwest Power Pool,Petroleum,0
2024-01-05T07,SWPP,Southwest Power Pool,Other,49
2024-01-05T07,SWPP,Southwest Power Pool,Solar,0
2024-01-05T07,SWPP,Southwest Power Pool,Hydro,183
2024-01-05T07,SWPP,Southwest Power Pool,Wind,12668
2024-01-05T08,SWPP,Southwest Power Pool,Coal,10648
2024-01-05T08,SWPP,Southwest Power Pool,Natural Gas,6413
2024-01-05T08,SWPP,Southwest Power Pool,Nuclear,2039
2024-01-05T08,SWPP,Southwest Power Pool,Petroleum,0
2024-01-05T08,SWPP,Southwest Power Pool,Other,50
2024-01-05T08,SWPP,Southwest Power Pool,Solar,0
2024-01-05T08,SWPP,Southwest Power Pool,Hydro,183
2024-01-05T08,SWPP,Southwest Power Pool,Wind,11915
2024-01-05T09,SWPP,Southwest Power Pool,Coal,10607
2024-01-05T09,SWPP,Southwest Power Pool,Natural Gas,6336
2024-01-05T09,SWPP,Southwest Power Pool,Nuclear,2041
2024-01-05T09,SWPP,Southwest Power Pool,Petroleum,0
2024-01-05T09,SWPP,Southwest Power Pool,Other,50
2024-01-05T09,SWPP,Southwest Power Pool,Solar,0
2024-01-05T09,SWPP,Southwest Power Pool,Hydro,179
2024-01-05T09,SWPP,Southwest Power Pool,Wind,12016
2024-01-05T10,SWPP,Southwest Power Pool,Coal,10273
2024-01-05T10,SWPP,Southwest Power Pool,Natural Gas,6567
2024-01-05T10,SWPP,Southwest Power Pool,Nuclear,2043
2024-01-05T10,SWPP,Southwest Power Pool,Petroleum,0
2024-01-05T10,SWPP,Southwest Power Pool,Other,50
2024-01-05T10,SWPP,Southwest Power Pool,Solar,0
2024-01-05T10,SWPP,Southwest Power Pool,Hydro,178
2024-01-05T10,SWPP,Southwest Power Pool,Wind,12043
2024-01-05T11,SWPP,Southwest Power Pool,Coal,9938
2024-01-05T11,SWPP,Southwest Power Pool,Natural Gas,7512
2024-01-05T11,SWPP,Southwest Power Pool,Nuclear,2043
2024-01-05T11,SWPP,Southwest Power Pool,Petroleum,0
2024-01-05T11,SWPP,Southwest Power Pool,Other,50
2024-01-05T11,SWPP,Southwest Power Pool,Solar,0
2024-01-05T11,SWPP,Southwest Power Pool,Hydro,177
2024-01-05T11,SWPP,Southwest Power Pool,Wind,11637
2024-01-05T12,SWPP,Southwest Power Pool,Coal,10260
2024-01-05T12,SWPP,Southwest Power Pool,Natural Gas,8886
2024-01-05T12,SWPP,Southwest Power Pool,Nuclear,2042
2024-01-05T12,SWPP,Southwest Power Pool,Petroleum,0
2024-01-05T12,SWPP,Southwest Power Pool,Other,50
2024-01-05T12,SWPP,Southwest Power Pool,Solar,0
2024-01-05T12,SWPP,Southwest Power Pool,Hydro,322
2024-01-05T12,SWPP,Southwest Power Pool,Wind,11129
2024-01-05T13,SWPP,Southwest Power Pool,Coal,10206
2024-01-05T13,SWPP,Southwest Power Pool,Natural Gas,9651
2024-01-05T13,SWPP,Southwest Power Pool,Nuclear,2044
2024-01-05T13,SWPP,Southwest Power Pool,Petroleum,0
2024-01-05T13,SWPP,Southwest Power Pool,Other,50
2024-01-05T13,SWPP,Southwest Power Pool,Solar,0
2024-01-05T13,SWPP,Southwest Power Pool,Hydro,1084
2024-01-05T13,SWPP,Southwest Power Pool,Wind,10605
2024-01-05T14,SWPP,Southwest Power Pool,Coal,10844
2024-01-05T14,SWPP,Southwest Power Pool,Natural Gas,11072
2024-01-05T14,SWPP,Southwest Power Pool,Nuclear,2044
2024-01-05T14,SWPP,Southwest Power Pool,Petroleum,0
2024-01-05T14,SWPP,Southwest Power Pool,Other,50
2024-01-05T14,SWPP,Southwest Power Pool,Solar,0
2024-01-05T14,SWPP,Southwest Power Pool,Hydro,1095
2024-01-05T14,SWPP,Southwest Power Pool,Wind,9702
2024-01-05T15,SWPP,Southwest Power Pool,Coal,11720
2024-01-05T15,SWPP,Southwest Power Pool,Natural Gas,11277
2024-01-05T15,SWPP,Southwest Power Pool,Nuclear,2044
2024-01-05T15,SWPP,Southwest Power Pool,Petroleum,0
2024-01-05T15,SWPP,Southwest Power Pool,Other,50
2024-01-05T15,SWPP,Southwest Power Pool,Solar,5
2024-01-05T15,SWPP,Southwest Power Pool,Hydro,1149
2024-01-05T15,SWPP,Southwest Power Pool,Wind,8488
2024-01-05T16,SWPP,Southwest Power Pool,Coal,12521
2024-01-05T16,SWPP,Southwest Power Pool,Natural Gas,11557
2024-01-05T16,SWPP,Southwest Power Pool,Nuclear,2044
2024-01-05T16,SWPP,Southwest Power Pool,Petroleum,0
2024-01-05T16,SWPP,Southwest Power Pool,Other,176
2024-01-05T16,SWPP,Southwest Power Pool,Solar,40
2024-01-05T16,SWPP,Southwest Power Pool,Hydro,1176
2024-01-05T16,SWPP,Southwest Power Pool,Wind,7718
2024-01-05T17,SWPP,Southwest Power Pool,Coal,12969
2024-01-05T17,SWPP,Southwest Power Pool,Natural Gas,11725
2024-01-05T17,SWPP,Southwest Power Pool,Nuclear,2044
2024-01-05T17,SWPP,Southwest Power Pool,Petroleum,0
2024-01-05T17,SWPP,Southwest Power Pool,Other,164
2024-01-05T17,SWPP,Southwest Power Pool,Solar,85
2024-01-05T17,SWPP,Southwest Power Pool,Hydro,1128
2024-01-05T17,SWPP,Southwest Power Pool,Wind,7059
2024-01-05T18,SWPP,Southwest Power Pool,Coal,13400
2024-01-05T18,SWPP,Southwest Power Pool,Natural Gas,11810
2024-01-05T18,SWPP,Southwest Power Pool,Nuclear,2044
2024-01-05T18,SWPP,Southwest Power Pool,Petroleum,0
2024-01-05T18,SWPP,Southwest Power Pool,Other,166
2024-01-05T18,SWPP,Southwest Power Pool,Solar,168
2024-01-05T18,SWPP,Southwest Power Pool,Hydro,1053
2024-01-05T18,SWPP,Southwest Power Pool,Wind,6342
2024-01-05T19,SWPP,Southwest Power Pool,Coal,13578
2024-01-05T19,SWPP,Southwest Power Pool,Natural Gas,11881
2024-01-05T19,SWPP,Southwest Power Pool,Nuclear,2044
2024-01-05T19,SWPP,Southwest Power Pool,Petroleum,0
2024-01-05T19,SWPP,Southwest Power Pool,Other,165
2024-01-05T19,SWPP,Southwest Power Pool,Solar,160
2024-01-05T19,SWPP,Southwest Power Pool,Hydro,953
2024-01-05T19,SWPP,Southwest Power Pool,Wind,5644
2024-01-05T20,SWPP,Southwest Power Pool,Coal,13560
2024-01-05T20,SWPP,Southwest Power Pool,Natural Gas,12076
2024-01-05T20,SWPP,Southwest Power Pool,Nuclear,2042
2024-01-05T20,SWPP,Southwest Power Pool,Petroleum,0
2024-01-05T20,SWPP,Southwest Power Pool,Other,163
2024-01-05T20,SWPP,Southwest Power Pool,Solar,161
2024-01-05T20,SWPP,Southwest Power Pool,Hydro,954
2024-01-05T20,SWPP,Southwest Power Pool,Wind,4982
2024-01-05T21,SWPP,Southwest Power Pool,Coal,13536
2024-01-05T21,SWPP,Southwest Power Pool,Natural Gas,11788
2024-01-05T21,SWPP,Southwest Power Pool,Nuclear,2043
2024-01-05T21,SWPP,Southwest Power Pool,Petroleum,0
2024-01-05T21,SWPP,Southwest Power Pool,Other,159
2024-01-05T21,SWPP,Southwest Power Pool,Solar,154
2024-01-05T21,SWPP,Southwest Power Pool,Hydro,915
2024-01-05T21,SWPP,Southwest Power Pool,Wind,4838
2024-01-05T22,SWPP,Southwest Power Pool,Coal,13359
2024-01-05T22,SWPP,Southwest Power Pool,Natural Gas,11857
2024-01-05T22,SWPP,Southwest Power Pool,Nuclear,2043
2024-01-05T22,SWPP,Southwest Power Pool,Petroleum,0
2024-01-05T22,SWPP,Southwest Power Pool,Other,59
2024-01-05T22,SWPP,Southwest Power Pool,Solar,176
2024-01-05T22,SWPP,Southwest Power Pool,Hydro,895
2024-01-05T22,SWPP,Southwest Power Pool,Wind,4728
2024-01-05T23,SWPP,Southwest Power Pool,Coal,13463
2024-01-05T23,SWPP,Southwest Power Pool,Natural Gas,11992
2024-01-05T23,SWPP,Southwest Power Pool,Nuclear,2042
2024-01-05T23,SWPP,Southwest Power Pool,Petroleum,0
2024-01-05T23,SWPP,Southwest Power Pool,Other,48
2024-01-05T23,SWPP,Southwest Power Pool,Solar,139
2024-01-05T23,SWPP,Southwest Power Pool,Hydro,1083
2024-01-05T23,SWPP,Southwest Power Pool,Wind,4545
2024-01-06T00,SWPP,Southwest Power Pool,Coal,13561
2024-01-06T00,SWPP,Southwest Power Pool,Natural Gas,11831
2024-01-06T00,SWPP,Southwest Power Pool,Nuclear,2043
2024-01-06T00,SWPP,Southwest Power Pool,Petroleum,0
2024-01-06T00,SWPP,Southwest Power Pool,Other,50
2024-01-06T00,SWPP,Southwest Power Pool,Solar,22
2024-01-06T00,SWPP,Southwest Power Pool,Hydro,1199
2024-01-06T00,SWPP,Southwest Power Pool,Wind,4341
2024-01-06T01,SWPP,Southwest Power Pool,Coal,13680
2024-01-06T01,SWPP,Southwest Power Pool,Natural Gas,12169
2024-01-06T01,SWPP,Southwest Power Pool,Nuclear,2043
2024-01-06T01,SWPP,Southwest Power Pool,Petroleum,0
2024-01-06T01,SWPP,Southwest Power Pool,Other,51
2024-01-06T01,SWPP,Southwest Power Pool,Solar,0
2024-01-06T01,SWPP,Southwest Power Pool,Hydro,1168
2024-01-06T01,SWPP,Southwest Power Pool,Wind,4419
2024-01-06T02,SWPP,Southwest Power Pool,Coal,13674
2024-01-06T02,SWPP,Southwest Power Pool,Natural Gas,12454
2024-01-06T02,SWPP,Southwest Power Pool,Nuclear,2042
2024-01-06T02,SWPP,Southwest Power Pool,Petroleum,0
2024-01-06T02,SWPP,Southwest Power Pool,Other,50
2024-01-06T02,SWPP,Southwest Power Pool,Solar,0
2024-01-06T02,SWPP,Southwest Power Pool,Hydro,1049
2024-01-06T02,SWPP,Southwest Power Pool,Wind,4591
2024-01-06T03,SWPP,Southwest Power Pool,Coal,13679
2024-01-06T03,SWPP,Southwest Power Pool,Natural Gas,12594
2024-01-06T03,SWPP,Southwest Power Pool,Nuclear,2042
2024-01-06T03,SWPP,Southwest Power Pool,Petroleum,0
2024-01-06T03,SWPP,Southwest Power Pool,Other,50
2024-01-06T03,SWPP,Southwest Power Pool,Solar,0
2024-01-06T03,SWPP,Southwest Power Pool,Hydro,895
2024-01-06T03,SWPP,Southwest Power Pool,Wind,4339
2024-01-06T04,SWPP,Southwest Power Pool,Coal,13706
2024-01-06T04,SWPP,Southwest Power Pool,Natural Gas,12392
2024-01-06T04,SWPP,Southwest Power Pool,Nuclear,2042
2024-01-06T04,SWPP,Southwest Power Pool,Petroleum,0
2024-01-06T04,SWPP,Southwest Power Pool,Other,50
2024-01-06T04,SWPP,Southwest Power Pool,Solar,0
2024-01-06T04,SWPP,Southwest Power Pool,Hydro,672
2024-01-06T04,SWPP,Southwest Power Pool,Wind,3931
2024-01-06T05,SWPP,Southwest Power Pool,Coal,13616
2024-01-06T05,SWPP,Southwest Power Pool,Natural Gas,12062
2024-01-06T05,SWPP,Southwest Power Pool,Nuclear,2042
2024-01-06T05,SWPP,Southwest Power Pool,Petroleum,0
2024-01-06T05,SWPP,Southwest Power Pool,Other,48
2024-01-06T05,SWPP,Southwest Power Pool,Solar,0
2024-01-06T05,SWPP,Southwest Power Pool,Hydro,343
2024-01-06T05,SWPP,Southwest Power Pool,Wind,3799
2024-01-06T06,SWPP,Southwest Power Pool,Coal,13338
2024-01-06T06,SWPP,Southwest Power Pool,Natural Gas,11123
2024-01-06T06,SWPP,Southwest Power Pool,Nuclear,2040
2024-01-06T06,SWPP,Southwest Power Pool,Petroleum,0
2024-01-06T06,SWPP,Southwest Power Pool,Other,50
2024-01-06T06,SWPP,Southwest Power Pool,Solar,0
2024-01-06T06,SWPP,Southwest Power Pool,Hydro,253
2024-01-06T06,SWPP,Southwest Power Pool,Wind,3874
2024-01-06T07,SWPP,Southwest Power Pool,Coal,12700
2024-01-06T07,SWPP,Southwest Power Pool,Natural Gas,10720
2024-01-06T07,SWPP,Southwest Power Pool,Nuclear,2039
2024-01-06T07,SWPP,Southwest Power Pool,Petroleum,0
2024-01-06T07,SWPP,Southwest Power Pool,Other,50
2024-01-06T07,SWPP,Southwest Power Pool,Solar,0
2024-01-06T07,SWPP,Southwest Power Pool,Hydro,269
2024-01-06T07,SWPP,Southwest Power Pool,Wind,4801
2024-01-06T08,SWPP,Southwest Power Pool,Coal,12277
2024-01-06T08,SWPP,Southwest Power Pool,Natural Gas,10333
2024-01-06T08,SWPP,Southwest Power Pool,Nuclear,2039
2024-01-06T08,SWPP,Southwest Power Pool,Petroleum,0
2024-01-06T08,SWPP,Southwest Power Pool,Other,50
2024-01-06T08,SWPP,Southwest Power Pool,Solar,0
2024-01-06T08,SWPP,Southwest Power Pool,Hydro,265
2024-01-06T08,SWPP,Southwest Power Pool,Wind,5588
2024-01-06T09,SWPP,Southwest Power Pool,Coal,11859
2024-01-06T09,SWPP,Southwest Power Pool,Natural Gas,9808
2024-01-06T09,SWPP,Southwest Power Pool,Nuclear,2039
2024-01-06T09,SWPP,Southwest Power Pool,Petroleum,0
2024-01-06T09,SWPP,Southwest Power Pool,Other,50
2024-01-06T09,SWPP,Southwest Power Pool,Solar,0
2024-01-06T09,SWPP,Southwest Power Pool,Hydro,232
2024-01-06T09,SWPP,Southwest Power Pool,Wind,6248
2024-01-06T10,SWPP,Southwest Power Pool,Coal,11308
2024-01-06T10,SWPP,Southwest Power Pool,Natural Gas,8794
2024-01-06T10,SWPP,Southwest Power Pool,Nuclear,2038
2024-01-06T10,SWPP,Southwest Power Pool,Petroleum,0
2024-01-06T10,SWPP,Southwest Power Pool,Other,50
2024-01-06T10,SWPP,Southwest Power Pool,Solar,0
2024-01-06T10,SWPP,Southwest Power Pool,Hydro,202
2024-01-06T10,SWPP,Southwest Power Pool,Wind,7692
2024-01-06T11,SWPP,Southwest Power Pool,Coal,10781
2024-01-06T11,SWPP,Southwest Power Pool,Natural Gas,8244
2024-01-06T11,SWPP,Southwest Power Pool,Nuclear,2039
2024-01-06T11,SWPP,Southwest Power Pool,Petroleum,0
2024-01-06T11,SWPP,Southwest Power Pool,Other,50
2024-01-06T11,SWPP,Southwest Power Pool,Solar,0
2024-01-06T11,SWPP,Southwest Power Pool,Hydro,205
2024-01-06T11,SWPP,Southwest Power Pool,Wind,9172
2024-01-06T12,SWPP,Southwest Power Pool,Coal,10299
2024-01-06T12,SWPP,Southwest Power Pool,Natural Gas,8670
2024-01-06T12,SWPP,Southwest Power Pool,Nuclear,2040
2024-01-06T12,SWPP,Southwest Power Pool,Petroleum,0
2024-01-06T12,SWPP,Southwest Power Pool,Other,49
2024-01-06T12,SWPP,Southwest Power Pool,Solar,0
2024-01-06T12,SWPP,Southwest Power Pool,Hydro,322
2024-01-06T12,SWPP,Southwest Power Pool,Wind,9495
2024-01-06T13,SWPP,Southwest Power Pool,Coal,10749
2024-01-06T13,SWPP,Southwest Power Pool,Natural Gas,9046
2024-01-06T13,SWPP,Southwest Power Pool,Nuclear,2042
2024-01-06T13,SWPP,Southwest Power Pool,Petroleum,0
2024-01-06T13,SWPP,Southwest Power Pool,Other,50
2024-01-06T13,SWPP,Southwest Power Pool,Solar,0
2024-01-06T13,SWPP,Southwest Power Pool,Hydro,716
2024-01-06T13,SWPP,Southwest Power Pool,Wind,9551
2024-01-06T14,SWPP,Southwest Power Pool,Coal,11511
2024-01-06T14,SWPP,Southwest Power Pool,Natural Gas,9140
2024-01-06T14,SWPP,Southwest Power Pool,Nuclear,2042
2024-01-06T14,SWPP,Southwest Power Pool,Petroleum,0
2024-01-06T14,SWPP,Southwest Power Pool,Other,49
2024-01-06T14,SWPP,Southwest Power Pool,Solar,0
2024-01-06T14,SWPP,Southwest Power Pool,Hydro,798
2024-01-06T14,SWPP,Southwest Power Pool,Wind,10167
2024-01-06T15,SWPP,Southwest Power Pool,Coal,11018
2024-01-06T15,SWPP,Southwest Power Pool,Natural Gas,8784
2024-01-06T15,SWPP,Southwest Power Pool,Nuclear,2042
2024-01-06T15,SWPP,Southwest Power Pool,Petroleum,0
2024-01-06T15,SWPP,Southwest Power Pool,Other,49
2024-01-06T15,SWPP,Southwest Power Pool,Solar,9
2024-01-06T15,SWPP,Southwest Power Pool,Hydro,888
2024-01-06T15,SWPP,Southwest Power Pool,Wind,11208
2024-01-06T16,SWPP,Southwest Power Pool,Coal,10997
2024-01-06T16,SWPP,Southwest Power Pool,Natural Gas,9301
2024-01-06T16,SWPP,Southwest Power Pool,Nuclear,2042
2024-01-06T16,SWPP,Southwest Power Pool,Petroleum,0
2024-01-06T16,SWPP,Southwest Power Pool,Other,49
2024-01-06T16,SWPP,Southwest Power Pool,Solar,44
2024-01-06T16,SWPP,Southwest Power Pool,Hydro,986
2024-01-06T16,SWPP,Southwest Power Pool,Wind,10577
2024-01-06T17,SWPP,Southwest Power Pool,Coal,11277
2024-01-06T17,SWPP,Southwest Power Pool,Natural Gas,9701
2024-01-06T17,SWPP,Southwest Power Pool,Nuclear,2042
2024-01-06T17,SWPP,Southwest Power Pool,Petroleum,0
2024-01-06T17,SWPP,Southwest Power Pool,Other,49
2024-01-06T17,SWPP,Southwest Power Pool,Solar,62
2024-01-06T17,SWPP,Southwest Power Pool,Hydro,865
2024-01-06T17,SWPP,Southwest Power Pool,Wind,9909
2024-01-06T18,SWPP,Southwest Power Pool,Coal,11458
2024-01-06T18,SWPP,Southwest Power Pool,Natural Gas,9778
2024-01-06T18,SWPP,Southwest Power Pool,Nuclear,2042
2024-01-06T18,SWPP,Southwest Power Pool,Petroleum,0
2024-01-06T18,SWPP,Southwest Power Pool,Other,49
2024-01-06T18,SWPP,Southwest Power Pool,Solar,84
2024-01-06T18,SWPP,Southwest Power Pool,Hydro,801
2024-01-06T18,SWPP,Southwest Power Pool,Wind,9575
2024-01-06T19,SWPP,Southwest Power Pool,Coal,10976
2024-01-06T19,SWPP,Southwest Power Pool,Natural Gas,9276
2024-01-06T19,SWPP,Southwest Power Pool,Nuclear,2042
2024-01-06T19,SWPP,Southwest Power Pool,Petroleum,0
2024-01-06T19,SWPP,Southwest Power Pool,Other,49
2024-01-06T19,SWPP,Southwest Power Pool,Solar,125
2024-01-06T19,SWPP,Southwest Power Pool,Hydro,723
2024-01-06T19,SWPP,Southwest Power Pool,Wind,10128
2024-01-06T20,SWPP,Southwest Power Pool,Coal,10003
2024-01-06T20,SWPP,Southwest Power Pool,Natural Gas,8993
2024-01-06T20,SWPP,Southwest Power Pool,Nuclear,2041
2024-01-06T20,SWPP,Southwest Power Pool,Petroleum,0
2024-01-06T20,SWPP,Southwest Power Pool,Other,49
2024-01-06T20,SWPP,Southwest Power Pool,Solar,159
2024-01-06T20,SWPP,Southwest Power Pool,Hydro,724
2024-01-06T20,SWPP,Southwest Power Pool,Wind,10977
2024-01-06T21,SWPP,Southwest Power Pool,Coal,9531
2024-01-06T21,SWPP,Southwest Power Pool,Natural Gas,8792
2024-01-06T21,SWPP,Southwest Power Pool,Nuclear,2039
2024-01-06T21,SWPP,Southwest Power Pool,Petroleum,0
2024-01-06T21,SWPP,Southwest Power Pool,Other,48
2024-01-06T21,SWPP,Southwest Power Pool,Solar,151
2024-01-06T21,SWPP,Southwest Power Pool,Hydro,724
2024-01-06T21,SWPP,Southwest Power Pool,Wind,11543
2024-01-06T22,SWPP,Southwest Power Pool,Coal,9037
2024-01-06T22,SWPP,Southwest Power Pool,Natural Gas,8890
2024-01-06T22,SWPP,Southwest Power Pool,Nuclear,2040
2024-01-06T22,SWPP,Southwest Power Pool,Petroleum,0
2024-01-06T22,SWPP,Southwest Power Pool,Other,48
2024-01-06T22,SWPP,Southwest Power Pool,Solar,186
2024-01-06T22,SWPP,Southwest Power Pool,Hydro,736
2024-01-06T22,SWPP,Southwest Power Pool,Wind,11570
2024-01-06T23,SWPP,Southwest Power Pool,Coal,9349
2024-01-06T23,SWPP,Southwest Power Pool,Natural Gas,9731
2024-01-06T23,SWPP,Southwest Power Pool,Nuclear,2041
2024-01-06T23,SWPP,Southwest Power Pool,Petroleum,0
2024-01-06T23,SWPP,Southwest Power Pool,Other,49
2024-01-06T23,SWPP,Southwest Power Pool,Solar,160
2024-01-06T23,SWPP,Southwest Power Pool,Hydro,1030
2024-01-06T23,SWPP,Southwest Power Pool,Wind,10259
2024-01-07T00,SWPP,Southwest Power Pool,Coal,10523
2024-01-07T00,SWPP,Southwest Power Pool,Natural Gas,10727
2024-01-07T00,SWPP,Southwest Power Pool,Nuclear,2042
2024-01-07T00,SWPP,Southwest Power Pool,Petroleum,0
2024-01-07T00,SWPP,Southwest Power Pool,Other,48
2024-01-07T00,SWPP,Southwest Power Pool,Solar,31
2024-01-07T00,SWPP,Southwest Power Pool,Hydro,1114
2024-01-07T00,SWPP,Southwest Power Pool,Wind,8504
2024-01-07T01,SWPP,Southwest Power Pool,Coal,10998
2024-01-07T01,SWPP,Southwest Power Pool,Natural Gas,10594
2024-01-07T01,SWPP,Southwest Power Pool,Nuclear,2044
2024-01-07T01,SWPP,Southwest Power Pool,Petroleum,0
2024-01-07T01,SWPP,Southwest Power Pool,Other,48
2024-01-07T01,SWPP,Southwest Power Pool,Solar,0
2024-01-07T01,SWPP,Southwest Power Pool,Hydro,1106
2024-01-07T01,SWPP,Southwest Power Pool,Wind,8958
2024-01-07T02,SWPP,Southwest Power Pool,Coal,10830
2024-01-07T02,SWPP,Southwest Power Pool,Natural Gas,10139
2024-01-07T02,SWPP,Southwest Power Pool,Nuclear,2043
2024-01-07T02,SWPP,Southwest Power Pool,Petroleum,0
2024-01-07T02,SWPP,Southwest Power Pool,Other,49
2024-01-07T02,SWPP,Southwest Power Pool,Solar,0
2024-01-07T02,SWPP,Southwest Power Pool,Hydro,1055
2024-01-07T02,SWPP,Southwest Power Pool,Wind,10062
2024-01-07T03,SWPP,Southwest Power Pool,Coal,9835
2024-01-07T03,SWPP,Southwest Power Pool,Natural Gas,9336
2024-01-07T03,SWPP,Southwest Power Pool,Nuclear,2043
2024-01-07T03,SWPP,Southwest Power Pool,Petroleum,0
2024-01-07T03,SWPP,Southwest Power Pool,Other,48
2024-01-07T03,SWPP,Southwest Power Pool,Solar,0
2024-01-07T03,SWPP,Southwest Power Pool,Hydro,938
2024-01-07T03,SWPP,Southwest Power Pool,Wind,11645
2024-01-07T04,SWPP,Southwest Power Pool,Coal,8802
2024-01-07T04,SWPP,Southwest Power Pool,Natural Gas,9190
2024-01-07T04,SWPP,Southwest Power Pool,Nuclear,2043
2024-01-07T04,SWPP,Southwest Power Pool,Petroleum,0
2024-01-07T04,SWPP,Southwest Power Pool,Other,49
2024-01-07T04,SWPP,Southwest Power Pool,Solar,0
2024-01-07T04,SWPP,Southwest Power Pool,Hydro,722
2024-01-07T04,SWPP,Southwest Power Pool,Wind,12467
2024-01-07T05,SWPP,Southwest Power Pool,Coal,9051
2024-01-07T05,SWPP,Southwest Power Pool,Natural Gas,9467
2024-01-07T05,SWPP,Southwest Power Pool,Nuclear,2043
2024-01-07T05,SWPP,Southwest Power Pool,Petroleum,0
2024-01-07T05,SWPP,Southwest Power Pool,Other,49
2024-01-07T05,SWPP,Southwest Power Pool,Solar,0
2024-01-07T05,SWPP,Southwest Power Pool,Hydro,315
2024-01-07T05,SWPP,Southwest Power Pool,Wind,11845
2024-01-07T06,SWPP,Southwest Power Pool,Coal,9103
2024-01-07T06,SWPP,Southwest Power Pool,Natural Gas,9105
2024-01-07T06,SWPP,Southwest Power Pool,Nuclear,2043
2024-01-07T06,SWPP,Southwest Power Pool,Petroleum,0
2024-01-07T06,SWPP,Southwest Power Pool,Other,48
2024-01-07T06,SWPP,Southwest Power Pool,Solar,0
2024-01-07T06,SWPP,Southwest Power Pool,Hydro,196
2024-01-07T06,SWPP,Southwest Power Pool,Wind,11605
2024-01-07T07,SWPP,Southwest Power Pool,Coal,8972
2024-01-07T07,SWPP,Southwest Power Pool,Natural Gas,8275
2024-01-07T07,SWPP,Southwest Power Pool,Nuclear,2043
2024-01-07T07,SWPP,Southwest Power Pool,Petroleum,0
2024-01-07T07,SWPP,Southwest Power Pool,Other,49
2024-01-07T07,SWPP,Southwest Power Pool,Solar,0
2024-01-07T07,SWPP,Southwest Power Pool,Hydro,463
2024-01-07T07,SWPP,Southwest Power Pool,Wind,11662
2024-01-07T08,SWPP,Southwest Power Pool,Coal,10176
2024-01-07T08,SWPP,Southwest Power Pool,Natural Gas,7245
2024-01-07T08,SWPP,Southwest Power Pool,Nuclear,2043
2024-01-07T08,SWPP,Southwest Power Pool,Petroleum,0
2024-01-07T08,SWPP,Southwest Power Pool,Other,47
2024-01-07T08,SWPP,Southwest Power Pool,Solar,0
2024-01-07T08,SWPP,Southwest Power Pool,Hydro,452
2024-01-07T08,SWPP,Southwest Power Pool,Wind,11165
2024-01-07T09,SWPP,Southwest Power Pool,Coal,10455
2024-01-07T09,SWPP,Southwest Power Pool,Natural Gas,7451
2024-01-07T09,SWPP,Southwest Power Pool,Nuclear,2043
2024-01-07T09,SWPP,Southwest Power Pool,Petroleum,0
2024-01-07T09,SWPP,Southwest Power Pool,Other,42
2024-01-07T09,SWPP,Southwest Power Pool,Solar,0
2024-01-07T09,SWPP,Southwest Power Pool,Hydro,453
2024-01-07T09,SWPP,Southwest Power Pool,Wind,10447
2024-01-07T10,SWPP,Southwest Power Pool,Coal,10292
2024-01-07T10,SWPP,Southwest Power Pool,Natural Gas,7863
2024-01-07T10,SWPP,Southwest Power Pool,Nuclear,2043
2024-01-07T10,SWPP,Southwest Power Pool,Petroleum,0
2024-01-07T10,SWPP,Southwest Power Pool,Other,40
2024-01-07T10,SWPP,Southwest Power Pool,Solar,0
2024-01-07T10,SWPP,Southwest Power Pool,Hydro,441
2024-01-07T10,SWPP,Southwest Power Pool,Wind,10202
2024-01-07T11,SWPP,Southwest Power Pool,Coal,10080
2024-01-07T11,SWPP,Southwest Power Pool,Natural Gas,8090
2024-01-07T11,SWPP,Southwest Power Pool,Nuclear,2043
2024-01-07T11,SWPP,Southwest Power Pool,Petroleum,0
2024-01-07T11,SWPP,Southwest Power Pool,Other,42
2024-01-07T11,SWPP,Southwest Power Pool,Solar,0
2024-01-07T11,SWPP,Southwest Power Pool,Hydro,469
2024-01-07T11,SWPP,Southwest Power Pool,Wind,10680
2024-01-07T12,SWPP,Southwest Power Pool,Coal,10092
2024-01-07T12,SWPP,Southwest Power Pool,Natural Gas,8088
2024-01-07T12,SWPP,Southwest Power Pool,Nuclear,2043
2024-01-07T12,SWPP,Southwest Power Pool,Petroleum,0
2024-01-07T12,SWPP,Southwest Power Pool,Other,46
2024-01-07T12,SWPP,Southwest Power Pool,Solar,0
2024-01-07T12,SWPP,Southwest Power Pool,Hydro,537
2024-01-07T12,SWPP,Southwest Power Pool,Wind,11571
2024-01-07T13,SWPP,Southwest Power Pool,Coal,10387
2024-01-07T13,SWPP,Southwest Power Pool,Natural Gas,8364
2024-01-07T13,SWPP,Southwest Power Pool,Nuclear,2043
2024-01-07T13,SWPP,Southwest Power Pool,Petroleum,0
2024-01-07T13,SWPP,Southwest Power Pool,Other,48
2024-01-07T13,SWPP,Southwest Power Pool,Solar,0
2024-01-07T13,SWPP,Southwest Power Pool,Hydro,571
2024-01-07T13,SWPP,Southwest Power Pool,Wind,12070
2024-01-07T14,SWPP,Southwest Power Pool,Coal,10153
2024-01-07T14,SWPP,Southwest Power Pool,Natural Gas,8142
2024-01-07T14,SWPP,Southwest Power Pool,Nuclear,2043
2024-01-07T14,SWPP,Southwest Power Pool,Petroleum,0
2024-01-07T14,SWPP,Southwest Power Pool,Other,47
2024-01-07T14,SWPP,Southwest Power Pool,Solar,0
2024-01-07T14,SWPP,Southwest Power Pool,Hydro,571
2024-01-07T14,SWPP,Southwest Power Pool,Wind,13330
2024-01-07T15,SWPP,Southwest Power Pool,Coal,10142
2024-01-07T15,SWPP,Southwest Power Pool,Natural Gas,7549
2024-01-07T15,SWPP,Southwest Power Pool,Nuclear,2043
2024-01-07T15,SWPP,Southwest Power Pool,Petroleum,0
2024-01-07T15,SWPP,Southwest Power Pool,Other,46
2024-01-07T15,SWPP,Southwest Power Pool,Solar,7
2024-01-07T15,SWPP,Southwest Power Pool,Hydro,623
2024-01-07T15,SWPP,Southwest Power Pool,Wind,14756
2024-01-07T16,SWPP,Southwest Power Pool,Coal,9405
2024-01-07T16,SWPP,Southwest Power Pool,Natural Gas,6772
2024-01-07T16,SWPP,Southwest Power Pool,Nuclear,2043
2024-01-07T16,SWPP,Southwest Power Pool,Petroleum,0
2024-01-07T16,SWPP,Southwest Power Pool,Other,46
2024-01-07T16,SWPP,Southwest Power Pool,Solar,34
2024-01-07T16,SWPP,Southwest Power Pool,Hydro,661
2024-01-07T16,SWPP,Southwest Power Pool,Wind,14968
2024-01-07T17,SWPP,Southwest Power Pool,Coal,8866
2024-01-07T17,SWPP,Southwest Power Pool,Natural Gas,5944
2024-01-07T17,SWPP,Southwest Power Pool,Nuclear,2043
2024-01-07T17,SWPP,Southwest Power Pool,Petroleum,0
2024-01-07T17,SWPP,Southwest Power Pool,Other,46
2024-01-07T17,SWPP,Southwest Power Pool,Solar,56
2024-01-07T17,SWPP,Southwest Power Pool,Hydro,574
2024-01-07T17,SWPP,Southwest Power Pool,Wind,15169
2024-01-07T18,SWPP,Southwest Power Pool,Coal,7942
2024-01-07T18,SWPP,Southwest Power Pool,Natural Gas,4736
2024-01-07T18,SWPP,Southwest Power Pool,Nuclear,2043
2024-01-07T18,SWPP,Southwest Power Pool,Petroleum,0
2024-01-07T18,SWPP,Southwest Power Pool,Other,45
2024-01-07T18,SWPP,Southwest Power Pool,Solar,68
2024-01-07T18,SWPP,Southwest Power Pool,Hydro,557
2024-01-07T18,SWPP,Southwest Power Pool,Wind,16651
2024-01-07T19,SWPP,Southwest Power Pool,Coal,8025
2024-01-07T19,SWPP,Southwest Power Pool,Natural Gas,4119
2024-01-07T19,SWPP,Southwest Power Pool,Nuclear,2043
2024-01-07T19,SWPP,Southwest Power Pool,Petroleum,0
2024-01-07T19,SWPP,Southwest Power Pool,Other,45
2024-01-07T19,SWPP,Southwest Power Pool,Solar,71
2024-01-07T19,SWPP,Southwest Power Pool,Hydro,552
2024-01-07T19,SWPP,Southwest Power Pool,Wind,17073
2024-01-07T20,SWPP,Southwest Power Pool,Coal,7675
2024-01-07T20,SWPP,Southwest Power Pool,Natural Gas,3556
2024-01-07T20,SWPP,Southwest Power Pool,Nuclear,2043
2024-01-07T20,SWPP,Southwest Power Pool,Petroleum,0
2024-01-07T20,SWPP,Southwest Power Pool,Other,45
2024-01-07T20,SWPP,Southwest Power Pool,Solar,86
2024-01-07T20,SWPP,Southwest Power Pool,Hydro,533
2024-01-07T20,SWPP,Southwest Power Pool,Wind,17792
2024-01-07T21,SWPP,Southwest Power Pool,Coal,7200
2024-01-07T21,SWPP,Southwest Power Pool,Natural Gas,3376
2024-01-07T21,SWPP,Southwest Power Pool,Nuclear,2043
2024-01-07T21,SWPP,Southwest Power Pool,Petroleum,0
2024-01-07T21,SWPP,Southwest Power Pool,Other,45
2024-01-07T21,SWPP,Southwest Power Pool,Solar,44
2024-01-07T21,SWPP,Southwest Power Pool,Hydro,533
2024-01-07T21,SWPP,Southwest Power Pool,Wind,18325
2024-01-07T22,SWPP,Southwest Power Pool,Coal,6765
2024-01-07T22,SWPP,Southwest Power Pool,Natural Gas,3252
2024-01-07T22,SWPP,Southwest Power Pool,Nuclear,2043
2024-01-07T22,SWPP,Southwest Power Pool,Petroleum,0
2024-01-07T22,SWPP,Southwest Power Pool,Other,46
2024-01-07T22,SWPP,Southwest Power Pool,Solar,31
2024-01-07T22,SWPP,Southwest Power Pool,Hydro,532
2024-01-07T22,SWPP,Southwest Power Pool,Wind,19012
2024-01-07T23,SWPP,Southwest Power Pool,Coal,6244
2024-01-07T23,SWPP,Southwest Power Pool,Natural Gas,3441
2024-01-07T23,SWPP,Southwest Power Pool,Nuclear,2043
2024-01-07T23,SWPP,Southwest Power Pool,Petroleum,0
2024-01-07T23,SWPP,Southwest Power Pool,Other,46
2024-01-07T23,SWPP,Southwest Power Pool,Solar,19
2024-01-07T23,SWPP,Southwest Power Pool,Hydro,540
2024-01-07T23,SWPP,Southwest Power Pool,Wind,19870
